,DAX,SP500,OIL,GOLD,USD_EUR,VOL_DAX,VOL_SP500,REALIZED_VOL_DAX,TASSO_3M_DE,YIELD_10Y_DE,CPI_DE,CORE_CPI_DE,INDPROD_DE,UNEMP_DE,TERM_SPREAD_DE
2014-01-31,9306.48046875,1782.5899658203125,106.4000015258789,1240.0999755859375,0.737529993057251,126856500.0,4059690000.0,0.1380138551220012,0.2920455,1.7559090909,99.48821,97.42345,99.16237,4.8,1.4638635909
2014-02-03,9186.51953125,1741.8900146484375,106.04000091552734,1260.4000244140625,0.7413899898529053,105545400.0,4726040000.0,0.14358045467209013,0.2881,1.5585,99.48821,97.9819,99.16237,4.8,1.2704
2014-02-04,9127.91015625,1755.199951171875,105.77999877929688,1251.699951171875,0.7393699884414673,114598200.0,4068410000.0,0.14466338686781788,0.2881,1.5585,99.48821,97.9819,99.16237,4.8,1.2704
2014-02-05,9116.3203125,1751.6400146484375,106.25,1257.300048828125,0.739870011806488,95608700.0,3984290000.0,0.14023074871852348,0.2881,1.5585,99.48821,97.9819,99.16237,4.8,1.2704
2014-02-06,9256.580078125,1773.4300537109375,107.19000244140625,1257.5999755859375,0.7388200163841248,122685200.0,3825410000.0,0.15257815099300023,0.2881,1.5585,99.48821,97.9819,99.16237,4.8,1.2704
2014-02-07,9301.919921875,1797.02001953125,109.56999969482422,1263.300048828125,0.7357199788093567,89003400.0,3775990000.0,0.15183861756612527,0.2881,1.5585,99.48821,97.9819,99.16237,4.8,1.2704
2014-02-10,9289.8603515625,1799.8399658203125,108.62999725341797,1274.800048828125,0.734250009059906,59599900.0,3312160000.0,0.1502455928669436,0.2881,1.5585,99.48821,97.9819,99.16237,4.8,1.2704
2014-02-11,9478.76953125,1819.75,108.68000030517578,1290.0999755859375,0.7328100204467773,76248400.0,3699380000.0,0.166727563992009,0.2881,1.5585,99.48821,97.9819,99.16237,4.8,1.2704
2014-02-12,9540.0,1819.260009765625,108.79000091552734,1295.300048828125,0.7331900000572205,85292300.0,3326380000.0,0.16792216431477713,0.2881,1.5585,99.48821,97.9819,99.16237,4.8,1.2704
2014-02-13,9596.76953125,1829.8299560546875,108.7300033569336,1300.4000244140625,0.7358300089836121,93209100.0,3289510000.0,0.15286291735482754,0.2881,1.5585,99.48821,97.9819,99.16237,4.8,1.2704
2014-02-14,9662.400390625,1838.6300048828125,108.7300033569336,1319.0,0.7310600280761719,91504800.0,3114750000.0,0.15496325729974783,0.2881,1.5585,99.48821,97.9819,99.16237,4.8,1.2704
2014-02-17,9656.759765625,1838.6300048828125,108.7300033569336,1319.0,0.7299299836158752,45850100.0,3114750000.0,0.1546241088717546,0.2881,1.5585,99.48821,97.9819,99.16237,4.8,1.2704
2014-02-18,9659.7802734375,1840.760009765625,108.7300033569336,1324.699951171875,0.7296900153160095,58827300.0,3421110000.0,0.1543902467158794,0.2881,1.5585,99.48821,97.9819,99.16237,4.8,1.2704
2014-02-19,9660.0498046875,1828.75,110.47000122070312,1320.5999755859375,0.726639986038208,72892900.0,3661570000.0,0.15427179554108464,0.2881,1.5585,99.48821,97.9819,99.16237,4.8,1.2704
2014-02-20,9618.849609375,1839.780029296875,110.30000305175781,1317.0999755859375,0.7283099889755249,88676900.0,3404980000.0,0.15487084267932189,0.2881,1.5585,99.48821,97.9819,99.16237,4.8,1.2704
2014-02-21,9656.9501953125,1836.25,109.8499984741211,1323.9000244140625,0.7287999987602234,78587700.0,3403880000.0,0.15222079522372858,0.2881,1.5585,99.48821,97.9819,99.16237,4.8,1.2704
2014-02-24,9708.9404296875,1847.6099853515625,110.63999938964844,1338.300048828125,0.7279099822044373,67953500.0,4014530000.0,0.12287284845060403,0.2881,1.5585,99.48821,97.9819,99.16237,4.8,1.2704
2014-02-25,9699.349609375,1845.1199951171875,109.51000213623047,1343.0,0.7280099987983704,90676100.0,3515560000.0,0.12122673066127279,0.2881,1.5585,99.48821,97.9819,99.16237,4.8,1.2704
2014-02-26,9661.73046875,1845.1600341796875,109.5199966430664,1328.199951171875,0.7274799942970276,87277200.0,3716730000.0,0.12163822980280711,0.2881,1.5585,99.48821,97.9819,99.16237,4.8,1.2704
2014-02-27,9588.330078125,1854.2900390625,108.95999908447266,1331.5999755859375,0.7308899760246277,86422200.0,3547460000.0,0.12176304970302426,0.2881,1.5585,99.48821,97.9819,99.16237,4.8,1.2704
2014-02-28,9692.080078125,1859.449951171875,109.06999969482422,1321.4000244140625,0.7295299768447876,83200800.0,3917450000.0,0.1259094082139207,0.2881,1.5585,99.48821,97.9819,99.16237,4.8,1.2704
2014-03-03,9358.8896484375,1845.72998046875,111.19999694824219,1350.0999755859375,0.725849986076355,118040200.0,3428220000.0,0.17541090886121752,0.3053333,1.5085714286,99.48821,98.42543,99.45232,4.8,1.2032381286
2014-03-04,9589.150390625,1873.9100341796875,109.30000305175781,1337.800048828125,0.7279599905014038,95630200.0,3765770000.0,0.18748609726219234,0.3053333,1.5085714286,99.48821,98.42543,99.45232,4.8,1.2032381286
2014-03-05,9542.01953125,1873.81005859375,107.76000213623047,1340.199951171875,0.7277399897575378,73341700.0,3392990000.0,0.18671722029400986,0.3053333,1.5085714286,99.48821,98.42543,99.45232,4.8,1.2032381286
2014-03-06,9542.8701171875,1877.030029296875,108.0999984741211,1351.699951171875,0.7281100153923035,103682600.0,3360450000.0,0.1864599317473381,0.3053333,1.5085714286,99.48821,98.42543,99.45232,4.8,1.2032381286
2014-03-07,9350.75,1878.0400390625,109.0,1338.0999755859375,0.721340000629425,103246700.0,3564740000.0,0.19530728263844818,0.3053333,1.5085714286,99.48821,98.42543,99.45232,4.8,1.2032381286
2014-03-10,9265.5,1877.1700439453125,108.08000183105469,1341.4000244140625,0.7205299735069275,84875400.0,3021350000.0,0.1974030423411738,0.3053333,1.5085714286,99.48821,98.42543,99.45232,4.8,1.2032381286
2014-03-11,9307.7900390625,1867.6300048828125,108.55000305175781,1346.5,0.72052001953125,72300800.0,3392400000.0,0.19800331813124955,0.3053333,1.5085714286,99.48821,98.42543,99.45232,4.8,1.2032381286
2014-03-12,9188.6904296875,1868.199951171875,108.0199966430664,1370.300048828125,0.7215999960899353,107430600.0,3270860000.0,0.18851616682571817,0.3053333,1.5085714286,99.48821,98.42543,99.45232,4.8,1.2032381286
2014-03-13,9017.7900390625,1846.3399658203125,107.38999938964844,1372.199951171875,0.7191900014877319,113773100.0,3670990000.0,0.19520042705082113,0.3053333,1.5085714286,99.48821,98.42543,99.45232,4.8,1.2032381286
2014-03-14,9056.41015625,1841.1300048828125,108.56999969482422,1379.0,0.7212200164794922,141175500.0,3285460000.0,0.19436301015217294,0.3053333,1.5085714286,99.48821,98.42543,99.45232,4.8,1.2032381286
2014-03-17,9180.8896484375,1858.8299560546875,108.54000091552734,1372.9000244140625,0.71875,86964500.0,2860490000.0,0.2000164821577564,0.3053333,1.5085714286,99.48821,98.42543,99.45232,4.8,1.2032381286
2014-03-18,9242.5498046875,1872.25,106.79000091552734,1359.0,0.7180500030517578,99301200.0,2930190000.0,0.2024152152108445,0.3053333,1.5085714286,99.48821,98.42543,99.45232,4.8,1.2032381286
2014-03-19,9277.0498046875,1860.77001953125,105.8499984741211,1341.4000244140625,0.7178300023078918,89476800.0,3289210000.0,0.20325413855309973,0.3053333,1.5085714286,99.48821,98.42543,99.45232,4.8,1.2032381286
2014-03-20,9296.1201171875,1872.010009765625,106.44999694824219,1330.5,0.7236300110816956,96945700.0,3327540000.0,0.20361059317771718,0.3053333,1.5085714286,99.48821,98.42543,99.45232,4.8,1.2032381286
2014-03-21,9342.9404296875,1866.52001953125,106.91999816894531,1336.0,0.7255799770355225,198583500.0,5270710000.0,0.20470844429443452,0.3053333,1.5085714286,99.48821,98.42543,99.45232,4.8,1.2032381286
2014-03-24,9188.76953125,1857.43994140625,106.80999755859375,1311.199951171875,0.7248700261116028,86790900.0,3409000000.0,0.21027244638702708,0.3053333,1.5085714286,99.48821,98.42543,99.45232,4.8,1.2032381286
2014-03-25,9338.400390625,1865.6199951171875,106.98999786376953,1311.4000244140625,0.722599983215332,82230600.0,3200560000.0,0.21850711241925197,0.3053333,1.5085714286,99.48821,98.42543,99.45232,4.8,1.2032381286
2014-03-26,9448.580078125,1852.56005859375,107.02999877929688,1303.4000244140625,0.7236400246620178,75841600.0,3480850000.0,0.22350892319880028,0.3053333,1.5085714286,99.48821,98.42543,99.45232,4.8,1.2032381286
2014-03-27,9451.2099609375,1849.0400390625,107.83000183105469,1294.699951171875,0.7255799770355225,66826100.0,3733430000.0,0.22333370967681276,0.3053333,1.5085714286,99.48821,98.42543,99.45232,4.8,1.2032381286
2014-03-28,9587.1904296875,1857.6199951171875,108.06999969482422,1293.800048828125,0.7277299761772156,70498400.0,2955520000.0,0.22802930223450196,0.3053333,1.5085714286,99.48821,98.42543,99.45232,4.8,1.2032381286
2014-03-31,9555.91015625,1872.3399658203125,107.76000213623047,1283.4000244140625,0.7271599769592285,68772900.0,3274300000.0,0.22487846874764797,0.3053333,1.5085714286,99.48821,98.42543,99.45232,4.8,1.2032381286
2014-04-01,9603.7099609375,1885.52001953125,105.62000274658203,1279.5999755859375,0.7259500026702881,72835100.0,3336190000.0,0.18877833458474846,0.32975,1.4565,99.48821,98.14576,99.06572,4.8,1.12675
2014-04-02,9623.3603515625,1890.9000244140625,104.79000091552734,1290.5,0.7249100208282471,73976000.0,3131660000.0,0.16880545904894836,0.32975,1.4565,99.48821,98.14576,99.06572,4.8,1.12675
2014-04-03,9628.8203125,1888.77001953125,106.1500015258789,1284.4000244140625,0.7263100147247314,76385800.0,3055600000.0,0.16776777973871201,0.32975,1.4565,99.48821,98.14576,99.06572,4.8,1.12675
2014-04-04,9695.76953125,1865.0899658203125,106.72000122070312,1303.199951171875,0.728659987449646,75314000.0,3583750000.0,0.1692423202743586,0.32975,1.4565,99.48821,98.14576,99.06572,4.8,1.12675
2014-04-07,9510.849609375,1845.0400390625,105.81999969482422,1298.0,0.7297099828720093,78800000.0,3801540000.0,0.1676214407744339,0.32975,1.4565,99.48821,98.14576,99.06572,4.8,1.12675
2014-04-08,9490.7900390625,1851.9599609375,107.66999816894531,1308.699951171875,0.7276399731636047,86190900.0,3721450000.0,0.16408538948308946,0.32975,1.4565,99.48821,98.14576,99.06572,4.8,1.12675
2014-04-09,9506.349609375,1872.1800537109375,107.9800033569336,1305.5,0.7249900102615356,69917100.0,3308650000.0,0.16364104271798954,0.32975,1.4565,99.48821,98.14576,99.06572,4.8,1.12675
2014-04-10,9454.5400390625,1833.0799560546875,107.45999908447266,1320.0999755859375,0.7217599749565125,77873700.0,3758780000.0,0.15767597389778207,0.32975,1.4565,99.48821,98.14576,99.06572,4.8,1.12675
2014-04-11,9315.2900390625,1815.68994140625,107.33000183105469,1318.699951171875,0.7201300263404846,100489700.0,3743460000.0,0.15195456893817724,0.32975,1.4565,99.48821,98.14576,99.06572,4.8,1.12675
2014-04-14,9339.169921875,1830.6099853515625,109.06999969482422,1327.199951171875,0.7222200036048889,90916500.0,3111540000.0,0.1516872696978914,0.32975,1.4565,99.48821,98.14576,99.06572,4.8,1.12675
2014-04-15,9173.7099609375,1842.97998046875,108.73999786376953,1300.0,0.7237399816513062,88156800.0,3736440000.0,0.15870028443000023,0.32975,1.4565,99.48821,98.14576,99.06572,4.8,1.12675
2014-04-16,9317.8203125,1862.31005859375,108.80000305175781,1303.0999755859375,0.7240099906921387,78803200.0,3155080000.0,0.16636072657716922,0.32975,1.4565,99.48821,98.14576,99.06572,4.8,1.12675
2014-04-17,9409.7099609375,1864.8499755859375,109.52999877929688,1293.4000244140625,0.7232199907302856,86295200.0,3341430000.0,0.16922003667255425,0.32975,1.4565,99.48821,98.14576,99.06572,4.8,1.12675
2014-04-18,9409.7099609375,1864.8499755859375,109.52999877929688,1293.4000244140625,0.7239999771118164,86295200.0,3341430000.0,0.16922003667255425,0.32975,1.4565,99.48821,98.14576,99.06572,4.8,1.12675
2014-04-21,9409.7099609375,1871.8900146484375,109.94999694824219,1288.0,0.7238399982452393,86295200.0,2642500000.0,0.16922003667255425,0.32975,1.4565,99.48821,98.14576,99.06572,4.8,1.12675
2014-04-22,9600.08984375,1879.550048828125,109.2699966430664,1280.5999755859375,0.7249000072479248,70194100.0,3215440000.0,0.16922003667255425,0.32975,1.4565,99.48821,98.14576,99.06572,4.8,1.12675
2014-04-23,9544.1904296875,1875.3900146484375,109.11000061035156,1284.199951171875,0.7241100072860718,61216900.0,3085720000.0,0.16922003667255425,0.32975,1.4565,99.48821,98.14576,99.06572,4.8,1.12675
2014-04-24,9548.6796875,1878.6099853515625,110.33000183105469,1290.5,0.7236300110816956,87813900.0,3191830000.0,0.16922003667255425,0.32975,1.4565,99.48821,98.14576,99.06572,4.8,1.12675
2014-04-25,9401.5498046875,1863.4000244140625,109.58000183105469,1300.699951171875,0.7229599952697754,79230200.0,3213020000.0,0.16922003667255425,0.32975,1.4565,99.48821,98.14576,99.06572,4.8,1.12675
2014-04-28,9446.3603515625,1869.4300537109375,108.12000274658203,1298.9000244140625,0.7225099802017212,67539100.0,4034680000.0,0.16922003667255425,0.32975,1.4565,99.48821,98.14576,99.06572,4.8,1.12675
2014-04-29,9584.1201171875,1878.3299560546875,108.9800033569336,1296.0,0.7218700051307678,91467900.0,3647820000.0,0.16922003667255425,0.32975,1.4565,99.48821,98.14576,99.06572,4.8,1.12675
2014-04-30,9603.23046875,1883.949951171875,108.06999969482422,1295.5999755859375,0.7239199876785278,90290900.0,3779230000.0,0.16922003667255425,0.32975,1.4565,99.48821,98.14576,99.06572,4.8,1.12675
2014-05-01,9603.23046875,1883.6800537109375,107.76000213623047,1283.0999755859375,0.721019983291626,90290900.0,3416740000.0,0.16922003667255425,0.3245714,1.3271428571,99.48821,98.05037,98.58247,4.7,1.0025714571
2014-05-02,9556.01953125,1881.1400146484375,108.58999633789062,1302.5999755859375,0.7209299802780151,88062300.0,3159560000.0,0.16922003667255425,0.3245714,1.3271428571,99.48821,98.05037,98.58247,4.7,1.0025714571
2014-05-05,9529.5,1884.6600341796875,107.72000122070312,1309.0,0.7208399772644043,61911600.0,2733730000.0,0.16922003667255425,0.3245714,1.3271428571,99.48821,98.05037,98.58247,4.7,1.0025714571
2014-05-06,9467.5302734375,1867.719970703125,107.05999755859375,1308.300048828125,0.7206699848175049,82062900.0,3327260000.0,0.16922003667255425,0.3245714,1.3271428571,99.48821,98.05037,98.58247,4.7,1.0025714571
2014-05-07,9521.2998046875,1878.2099609375,108.12999725341797,1288.5999755859375,0.7178400158882141,92732600.0,3632950000.0,0.16922003667255425,0.3245714,1.3271428571,99.48821,98.05037,98.58247,4.7,1.0025714571
2014-05-08,9607.400390625,1875.6300048828125,108.04000091552734,1287.4000244140625,0.7188199758529663,102022500.0,3393420000.0,0.16922003667255425,0.3245714,1.3271428571,99.48821,98.05037,98.58247,4.7,1.0025714571
2014-05-09,9581.4501953125,1878.47998046875,107.88999938964844,1287.300048828125,0.722320020198822,80084100.0,3025020000.0,0.16922003667255425,0.3245714,1.3271428571,99.48821,98.05037,98.58247,4.7,1.0025714571
2014-05-12,9702.4599609375,1896.6500244140625,108.41000366210938,1295.5999755859375,0.7267100214958191,87508500.0,3005740000.0,0.16922003667255425,0.3245714,1.3271428571,99.48821,98.05037,98.58247,4.7,1.0025714571
2014-05-13,9754.4296875,1897.449951171875,109.23999786376953,1294.5999755859375,0.7269200086593628,96844100.0,2915680000.0,0.16922003667255425,0.3245714,1.3271428571,99.48821,98.05037,98.58247,4.7,1.0025714571
2014-05-14,9754.3896484375,1888.530029296875,110.19000244140625,1305.699951171875,0.729420006275177,76079000.0,2822060000.0,0.16922003667255425,0.3245714,1.3271428571,99.48821,98.05037,98.58247,4.7,1.0025714571
2014-05-15,9656.0498046875,1870.8499755859375,110.44000244140625,1293.5,0.7288600206375122,133897400.0,3552640000.0,0.16922003667255425,0.3245714,1.3271428571,99.48821,98.05037,98.58247,4.7,1.0025714571
2014-05-16,9629.099609375,1877.8599853515625,110.41999816894531,1293.300048828125,0.7290499806404114,113085400.0,3173650000.0,0.16922003667255425,0.3245714,1.3271428571,99.48821,98.05037,98.58247,4.7,1.0025714571
2014-05-19,9659.3896484375,1885.0799560546875,109.37000274658203,1293.699951171875,0.7297499775886536,97857300.0,2664250000.0,0.16922003667255425,0.3245714,1.3271428571,99.48821,98.05037,98.58247,4.7,1.0025714571
2014-05-20,9639.080078125,1872.8299560546875,109.69000244140625,1294.5,0.7291899919509888,67588400.0,3007700000.0,0.16922003667255425,0.3245714,1.3271428571,99.48821,98.05037,98.58247,4.7,1.0025714571
2014-05-21,9697.8701171875,1888.030029296875,110.55000305175781,1288.0,0.7297099828720093,86239200.0,2777140000.0,0.16922003667255425,0.3245714,1.3271428571,99.48821,98.05037,98.58247,4.7,1.0025714571
2014-05-22,9720.91015625,1892.489990234375,110.36000061035156,1294.9000244140625,0.73089998960495,63696000.0,2759800000.0,0.16922003667255425,0.3245714,1.3271428571,99.48821,98.05037,98.58247,4.7,1.0025714571
2014-05-23,9768.009765625,1900.530029296875,110.54000091552734,1291.5999755859375,0.7323600053787231,65280800.0,2396280000.0,0.16922003667255425,0.3245714,1.3271428571,99.48821,98.05037,98.58247,4.7,1.0025714571
2014-05-26,9892.8203125,1900.530029296875,110.54000091552734,1291.5999755859375,0.733739972114563,53846400.0,2396280000.0,0.16922003667255425,0.3245714,1.3271428571,99.48821,98.05037,98.58247,4.7,1.0025714571
2014-05-27,9940.8203125,1911.9100341796875,110.0199966430664,1265.4000244140625,0.7325299978256226,79797700.0,2911020000.0,0.16922003667255425,0.3245714,1.3271428571,99.48821,98.05037,98.58247,4.7,1.0025714571
2014-05-28,9939.169921875,1909.780029296875,109.80999755859375,1259.300048828125,0.733299970626831,72748500.0,2976450000.0,0.16922003667255425,0.3245714,1.3271428571,99.48821,98.05037,98.58247,4.7,1.0025714571
2014-05-29,9938.900390625,1920.030029296875,109.97000122070312,1256.300048828125,0.7356500029563904,65743400.0,2709050000.0,0.16922003667255425,0.3245714,1.3271428571,99.48821,98.05037,98.58247,4.7,1.0025714571
2014-05-30,9943.26953125,1923.5699462890625,109.41000366210938,1245.5999755859375,0.7350500226020813,103680100.0,3263490000.0,0.16922003667255425,0.3245714,1.3271428571,99.48821,98.05037,98.58247,4.7,1.0025714571
2014-06-02,9950.1201171875,1924.969970703125,108.83000183105469,1243.699951171875,0.733780026435852,57920300.0,2509020000.0,0.091045937848768,0.2414286,1.2642857143,99.48821,98.34804,98.67912,4.7,1.0228571142999998
2014-06-03,9919.740234375,1924.239990234375,108.81999969482422,1244.300048828125,0.7353500127792358,71968600.0,2867180000.0,0.09123235654194328,0.2414286,1.2642857143,99.48821,98.34804,98.67912,4.7,1.0228571142999998
2014-06-04,9926.669921875,1927.8800048828125,108.4000015258789,1244.0,0.7341600060462952,66442200.0,2793920000.0,0.08611346796173554,0.2414286,1.2642857143,99.48821,98.34804,98.67912,4.7,1.0228571142999998
2014-06-05,9947.830078125,1940.4599609375,108.79000091552734,1253.0,0.735069990158081,129942500.0,3113270000.0,0.08521680584174454,0.2414286,1.2642857143,99.48821,98.34804,98.67912,4.7,1.0228571142999998
2014-06-06,9987.1904296875,1949.43994140625,108.61000061035156,1252.0999755859375,0.7319599986076355,92994900.0,2864300000.0,0.08174829640315343,0.2414286,1.2642857143,99.48821,98.34804,98.67912,4.7,1.0228571142999998
2014-06-09,10008.6298828125,1951.27001953125,109.98999786376953,1253.5,0.7329800128936768,43200400.0,2812180000.0,0.08004710945301387,0.2414286,1.2642857143,99.48821,98.34804,98.67912,4.7,1.0228571142999998
2014-06-10,10028.7998046875,1950.7900390625,109.5199966430664,1259.800048828125,0.7356899976730347,64853100.0,2702360000.0,0.07029025487842257,0.2414286,1.2642857143,99.48821,98.34804,98.67912,4.7,1.0228571142999998
2014-06-11,9949.8095703125,1943.8900146484375,109.94999694824219,1260.800048828125,0.7384999990463257,96286500.0,2710620000.0,0.07605690297077637,0.2414286,1.2642857143,99.48821,98.34804,98.67912,4.7,1.0228571142999998
2014-06-12,9938.7001953125,1930.1099853515625,113.0199966430664,1273.5999755859375,0.7387099862098694,68482900.0,3040480000.0,0.07633092813624509,0.2414286,1.2642857143,99.48821,98.34804,98.67912,4.7,1.0228571142999998
2014-06-13,9912.8701171875,1936.1600341796875,113.41000366210938,1273.699951171875,0.7377600073814392,79417700.0,2598230000.0,0.06653605344125883,0.2414286,1.2642857143,99.48821,98.34804,98.67912,4.7,1.0228571142999998
2014-06-16,9883.98046875,1937.780029296875,113.22000122070312,1274.9000244140625,0.7386599779129028,64029200.0,2926130000.0,0.06663195540434405,0.2414286,1.2642857143,99.48821,98.34804,98.67912,4.7,1.0228571142999998
2014-06-17,9920.3203125,1941.989990234375,113.44999694824219,1271.699951171875,0.7365300059318542,72084200.0,2971260000.0,0.06684700577373945,0.2414286,1.2642857143,99.48821,98.34804,98.67912,4.7,1.0228571142999998
2014-06-18,9930.330078125,1956.97998046875,114.26000213623047,1272.4000244140625,0.7381200194358826,72976800.0,3065220000.0,0.06572358070475648,0.2414286,1.2642857143,99.48821,98.34804,98.67912,4.7,1.0228571142999998
2014-06-19,10004.0,1959.47998046875,115.05999755859375,1313.699951171875,0.73580002784729,86693500.0,2952150000.0,0.06705113360228532,0.2414286,1.2642857143,99.48821,98.34804,98.67912,4.7,1.0228571142999998
2014-06-20,9987.240234375,1962.8699951171875,114.80999755859375,1316.199951171875,0.7346799969673157,209559600.0,4336240000.0,0.06784034822999667,0.2414286,1.2642857143,99.48821,98.34804,98.67912,4.7,1.0228571142999998
2014-06-23,9920.919921875,1962.6099853515625,114.12000274658203,1318.0,0.7356699705123901,68730100.0,2717630000.0,0.07182106252623602,0.2414286,1.2642857143,99.48821,98.34804,98.67912,4.7,1.0228571142999998
2014-06-24,9938.080078125,1949.97998046875,114.45999908447266,1320.9000244140625,0.7351899743080139,61266100.0,3089700000.0,0.057221610259706006,0.2414286,1.2642857143,99.48821,98.34804,98.67912,4.7,1.0228571142999998
2014-06-25,9867.75,1959.530029296875,114.0,1322.199951171875,0.7349799871444702,82312000.0,3106710000.0,0.059921125354013685,0.2414286,1.2642857143,99.48821,98.34804,98.67912,4.7,1.0228571142999998
2014-06-26,9804.900390625,1957.219970703125,113.20999908447266,1316.0999755859375,0.7337300181388855,94925000.0,2778840000.0,0.06343815388757984,0.2414286,1.2642857143,99.48821,98.34804,98.67912,4.7,1.0228571142999998
2014-06-27,9815.169921875,1960.9599609375,113.30000305175781,1319.0,0.7345899939537048,63248900.0,4290590000.0,0.06367766845971083,0.2414286,1.2642857143,99.48821,98.34804,98.67912,4.7,1.0228571142999998
2014-06-30,9833.0703125,1960.22998046875,112.36000061035156,1321.800048828125,0.7329000234603882,66649700.0,3037350000.0,0.06413815523330184,0.2414286,1.2642857143,99.48821,98.34804,98.67912,4.7,1.0228571142999998
2014-07-01,9902.41015625,1973.3199462890625,112.29000091552734,1326.4000244140625,0.7302700281143188,54519000.0,3188240000.0,0.0692373211217591,0.2050435,1.1143478261,99.48821,98.72049,100.3222,4.7,0.9093043261
2014-07-02,9911.26953125,1974.6199951171875,111.23999786376953,1330.699951171875,0.7309499979019165,70229500.0,2851480000.0,0.06854886940654012,0.2050435,1.1143478261,99.48821,98.72049,100.3222,4.7,0.9093043261
2014-07-03,10029.4296875,1985.43994140625,111.0,1320.4000244140625,0.7324399948120117,78288000.0,1998090000.0,0.08010644538548549,0.2050435,1.1143478261,99.48821,98.72049,100.3222,4.7,0.9093043261
2014-07-04,10009.080078125,1985.43994140625,111.0,1320.4000244140625,0.734749972820282,52046500.0,1998090000.0,0.08033664121365942,0.2050435,1.1143478261,99.48821,98.72049,100.3222,4.7,0.9093043261
2014-07-07,9906.0703125,1977.6500244140625,110.23999786376953,1316.5,0.7359200119972229,60506300.0,2681260000.0,0.08705638511291731,0.2050435,1.1143478261,99.48821,98.72049,100.3222,4.7,0.9093043261
2014-07-08,9772.669921875,1963.7099609375,108.94000244140625,1316.0,0.7349600195884705,85865100.0,3302430000.0,0.09753114402169388,0.2050435,1.1143478261,99.48821,98.72049,100.3222,4.7,0.9093043261
2014-07-09,9808.2001953125,1972.8299560546875,108.27999877929688,1323.800048828125,0.7343699932098389,73589700.0,2858800000.0,0.09834508912052096,0.2050435,1.1143478261,99.48821,98.72049,100.3222,4.7,0.9093043261
2014-07-10,9659.1298828125,1964.6800537109375,108.66999816894531,1338.699951171875,0.7329800128936768,96879100.0,3165690000.0,0.10759421512782691,0.2050435,1.1143478261,99.48821,98.72049,100.3222,4.7,0.9093043261
2014-07-11,9666.33984375,1967.5699462890625,106.66000366210938,1337.0,0.7350199818611145,62278400.0,2684630000.0,0.10784689717836249,0.2050435,1.1143478261,99.48821,98.72049,100.3222,4.7,0.9093043261
2014-07-14,9783.009765625,1977.0999755859375,106.9800033569336,1306.300048828125,0.7350900173187256,56259600.0,2744920000.0,0.11718756892201847,0.2050435,1.1143478261,99.48821,98.72049,100.3222,4.7,0.9093043261
2014-07-15,9719.41015625,1973.280029296875,106.0199966430664,1296.9000244140625,0.7341200113296509,72125500.0,3328740000.0,0.11872792283714506,0.2050435,1.1143478261,99.48821,98.72049,100.3222,4.7,0.9093043261
2014-07-16,9859.26953125,1981.5699462890625,105.8499984741211,1299.5999755859375,0.736810028553009,69460000.0,3390950000.0,0.12913054050375822,0.2050435,1.1143478261,99.48821,98.72049,100.3222,4.7,0.9093043261
2014-07-17,9753.8798828125,1958.1199951171875,105.95999908447266,1316.699951171875,0.7390999794006348,76538100.0,3381680000.0,0.13394819297014976,0.2050435,1.1143478261,99.48821,98.72049,100.3222,4.7,0.9093043261
2014-07-18,9720.01953125,1978.219970703125,107.23999786376953,1309.199951171875,0.7397099733352661,118113800.0,3106060000.0,0.1307840010430295,0.2050435,1.1143478261,99.48821,98.72049,100.3222,4.7,0.9093043261
2014-07-21,9612.0498046875,1973.6300048828125,107.68000030517578,1313.699951171875,0.7389799952507019,65236500.0,2611160000.0,0.13510117029227378,0.2050435,1.1143478261,99.48821,98.72049,100.3222,4.7,0.9093043261
2014-07-22,9734.330078125,1983.530029296875,107.33000183105469,1306.0999755859375,0.7392600178718567,62368600.0,2890480000.0,0.1427689238987903,0.2050435,1.1143478261,99.48821,98.72049,100.3222,4.7,0.9093043261
2014-07-23,9753.5595703125,1987.010009765625,108.02999877929688,1304.5,0.7425000071525574,64736900.0,2869720000.0,0.14282772625804313,0.2050435,1.1143478261,99.48821,98.72049,100.3222,4.7,0.9093043261
2014-07-24,9794.0595703125,1987.97998046875,107.06999969482422,1290.5999755859375,0.7427800297737122,70366600.0,3203530000.0,0.14195719814475594,0.2050435,1.1143478261,99.48821,98.72049,100.3222,4.7,0.9093043261
2014-07-25,9644.009765625,1978.3399658203125,108.38999938964844,1303.0999755859375,0.742680013179779,73401600.0,2638960000.0,0.14992718419383125,0.2050435,1.1143478261,99.48821,98.72049,100.3222,4.7,0.9093043261
2014-07-28,9598.169921875,1978.9100341796875,107.56999969482422,1303.300048828125,0.7446600198745728,71997100.0,2803320000.0,0.15039918052942014,0.2050435,1.1143478261,99.48821,98.72049,100.3222,4.7,0.9093043261
2014-07-29,9653.6298828125,1969.949951171875,107.72000122070312,1298.300048828125,0.7440999746322632,66002300.0,3183300000.0,0.15195747446890356,0.2050435,1.1143478261,99.48821,98.72049,100.3222,4.7,0.9093043261
2014-07-30,9593.6796875,1970.0699462890625,106.51000213623047,1294.9000244140625,0.7456499934196472,79991300.0,3448250000.0,0.15022166936816134,0.2050435,1.1143478261,99.48821,98.72049,100.3222,4.7,0.9093043261
2014-07-31,9407.48046875,1930.6700439453125,106.0199966430664,1281.300048828125,0.7464900016784668,131077400.0,4193000000.0,0.16219172971410745,0.2050435,1.1143478261,99.48821,98.72049,100.3222,4.7,0.9093043261
2014-08-01,9210.080078125,1925.1500244140625,104.83999633789062,1293.5999755859375,0.7468299865722656,141582500.0,3789660000.0,0.16552165959243093,0.1915714,0.9561904762,99.48821,98.85288000000001,96.74613,4.7,0.7646190762
2014-08-04,9154.1396484375,1938.989990234375,105.41000366210938,1287.699951171875,0.7446600198745728,85304300.0,3072920000.0,0.165508388933311,0.1915714,0.9561904762,99.48821,98.85288000000001,96.74613,4.7,0.7646190762
2014-08-05,9189.740234375,1920.2099609375,104.61000061035156,1284.0,0.7450399994850159,80560700.0,3462520000.0,0.16621063062088978,0.1915714,0.9561904762,99.48821,98.85288000000001,96.74613,4.7,0.7646190762
2014-08-06,9130.0400390625,1920.239990234375,104.58999633789062,1306.699951171875,0.7478100061416626,98898300.0,3539150000.0,0.16266868870980855,0.1915714,0.9561904762,99.48821,98.85288000000001,96.74613,4.7,0.7646190762
2014-08-07,9038.9697265625,1909.5699462890625,105.44000244140625,1310.800048828125,0.747219979763031,97954700.0,3230520000.0,0.1623118266765617,0.1915714,0.9561904762,99.48821,98.85288000000001,96.74613,4.7,0.7646190762
2014-08-08,9009.3203125,1931.5899658203125,105.0199966430664,1308.9000244140625,0.7486000061035156,102515800.0,2902280000.0,0.1569578444324397,0.1915714,0.9561904762,99.48821,98.85288000000001,96.74613,4.7,0.7646190762
2014-08-11,9180.740234375,1936.9200439453125,104.68000030517578,1308.5,0.7459800243377686,81228900.0,2784890000.0,0.1746238028377451,0.1915714,0.9561904762,99.48821,98.85288000000001,96.74613,4.7,0.7646190762
2014-08-12,9069.4697265625,1933.75,103.0199966430664,1308.800048828125,0.7471100091934204,74774600.0,2611700000.0,0.16940647955299157,0.1915714,0.9561904762,99.48821,98.85288000000001,96.74613,4.7,0.7646190762
2014-08-13,9198.8798828125,1946.719970703125,104.27999877929688,1312.800048828125,0.7481600046157837,82251600.0,2718020000.0,0.17980072324802826,0.1915714,0.9561904762,99.48821,98.85288000000001,96.74613,4.7,0.7646190762
2014-08-14,9225.099609375,1955.1800537109375,102.01000213623047,1313.9000244140625,0.7480599880218506,80394300.0,2609460000.0,0.17028900335519204,0.1915714,0.9561904762,99.48821,98.85288000000001,96.74613,4.7,0.7646190762
2014-08-15,9092.599609375,1955.06005859375,101.94999694824219,1304.5,0.7482799887657166,110261800.0,3023380000.0,0.17280715276188227,0.1915714,0.9561904762,99.48821,98.85288000000001,96.74613,4.7,0.7646190762
2014-08-18,9245.330078125,1971.739990234375,101.5999984741211,1297.699951171875,0.7468000054359436,63822100.0,2638160000.0,0.18626556489182386,0.1915714,0.9561904762,99.48821,98.85288000000001,96.74613,4.7,0.7646190762
2014-08-19,9334.2802734375,1981.5999755859375,101.55999755859375,1295.0999755859375,0.7484400272369385,57793200.0,2656430000.0,0.1877722237612986,0.1915714,0.9561904762,99.48821,98.85288000000001,96.74613,4.7,0.7646190762
2014-08-20,9314.5703125,1986.510009765625,102.27999877929688,1293.4000244140625,0.7506399750709534,63229700.0,2579560000.0,0.18068411276697108,0.1915714,0.9561904762,99.48821,98.85288000000001,96.74613,4.7,0.7646190762
2014-08-21,9401.5302734375,1992.3699951171875,102.62999725341797,1273.699951171875,0.7541199922561646,67874900.0,2638920000.0,0.18450135077830476,0.1915714,0.9561904762,99.48821,98.85288000000001,96.74613,4.7,0.7646190762
2014-08-22,9339.169921875,1988.4000244140625,102.29000091552734,1278.5999755859375,0.7530500292778015,70036600.0,2301860000.0,0.18398429292851437,0.1915714,0.9561904762,99.48821,98.85288000000001,96.74613,4.7,0.7646190762
2014-08-25,9510.1396484375,1997.9200439453125,102.6500015258789,1277.300048828125,0.7576500177383423,53554100.0,2233880000.0,0.19052492059638218,0.1915714,0.9561904762,99.48821,98.85288000000001,96.74613,4.7,0.7646190762
2014-08-26,9588.150390625,2000.02001953125,102.5,1283.800048828125,0.7582100033760071,66737100.0,2451950000.0,0.19224216203542346,0.1915714,0.9561904762,99.48821,98.85288000000001,96.74613,4.7,0.7646190762
2014-08-27,9569.7099609375,2000.1199951171875,102.72000122070312,1281.9000244140625,0.7592899799346924,69031300.0,2344350000.0,0.1911839172200959,0.1915714,0.9561904762,99.48821,98.85288000000001,96.74613,4.7,0.7646190762
2014-08-28,9462.5595703125,1996.739990234375,102.45999908447266,1288.699951171875,0.7580999732017517,72124500.0,2282400000.0,0.1938724680408924,0.1915714,0.9561904762,99.48821,98.85288000000001,96.74613,4.7,0.7646190762
2014-08-29,9470.169921875,2003.3699951171875,103.19000244140625,1285.800048828125,0.7584400177001953,68471200.0,2259130000.0,0.1813856486757659,0.1915714,0.9561904762,99.48821,98.85288000000001,96.74613,4.7,0.7646190762
2014-09-01,9479.0302734375,2003.3699951171875,103.19000244140625,1285.800048828125,0.7617400288581848,43071900.0,2259130000.0,0.16391065252277495,0.0970909,0.9213636364,99.48821,98.81272000000001,99.16237,4.7,0.8242727364
2014-09-02,9507.01953125,2002.280029296875,100.33999633789062,1263.699951171875,0.7615000009536743,55157400.0,2819980000.0,0.16167663595212428,0.0970909,0.9213636364,99.48821,98.81272000000001,99.16237,4.7,0.8242727364
2014-09-03,9626.490234375,2000.719970703125,102.7699966430664,1268.9000244140625,0.7615000009536743,90121000.0,2809980000.0,0.1657961808568985,0.0970909,0.9213636364,99.48821,98.81272000000001,99.16237,4.7,0.8242727364
2014-09-04,9724.259765625,1997.6500244140625,101.83000183105469,1265.0999755859375,0.7603999972343445,106652400.0,3072410000.0,0.1647401506690402,0.0970909,0.9213636364,99.48821,98.81272000000001,99.16237,4.7,0.8242727364
2014-09-05,9747.01953125,2007.7099609375,100.81999969482422,1265.800048828125,0.7732300162315369,77345000.0,2818300000.0,0.15784351098170318,0.0970909,0.9213636364,99.48821,98.81272000000001,99.16237,4.7,0.8242727364
2014-09-08,9758.0302734375,2001.5400390625,100.19999694824219,1252.699951171875,0.7720000147819519,53013300.0,2789090000.0,0.15613580843221403,0.0970909,0.9213636364,99.48821,98.81272000000001,99.16237,4.7,0.8242727364
2014-09-09,9710.7001953125,1988.43994140625,99.16000366210938,1246.800048828125,0.7757300138473511,57197900.0,2882830000.0,0.14862911403789839,0.0970909,0.9213636364,99.48821,98.81272000000001,99.16237,4.7,0.8242727364
2014-09-10,9700.169921875,1995.68994140625,98.04000091552734,1243.5,0.7726799845695496,62415400.0,2912430000.0,0.1393761902527002,0.0970909,0.9213636364,99.48821,98.81272000000001,99.16237,4.7,0.8242727364
2014-09-11,9691.2802734375,1997.449951171875,98.08000183105469,1237.4000244140625,0.7741699814796448,62050300.0,2941690000.0,0.13406590750835518,0.0970909,0.9213636364,99.48821,98.81272000000001,99.16237,4.7,0.8242727364
2014-09-12,9651.1298828125,1985.5400390625,97.11000061035156,1229.9000244140625,0.7737799882888794,52625100.0,3206570000.0,0.13602327691478489,0.0970909,0.9213636364,99.48821,98.81272000000001,99.16237,4.7,0.8242727364
2014-09-15,9659.6298828125,1984.1300048828125,96.6500015258789,1233.5999755859375,0.7716000080108643,55750900.0,2776530000.0,0.12220159180628072,0.0970909,0.9213636364,99.48821,98.81272000000001,99.16237,4.7,0.8242727364
2014-09-16,9632.9296875,1998.97998046875,96.62999725341797,1235.199951171875,0.7728099822998047,62265100.0,3160310000.0,0.11260893590509123,0.0970909,0.9213636364,99.48821,98.81272000000001,99.16237,4.7,0.8242727364
2014-09-17,9661.5,2001.5699462890625,98.97000122070312,1234.4000244140625,0.7716599702835083,67216900.0,3209420000.0,0.10922919755074185,0.0970909,0.9213636364,99.48821,98.81272000000001,99.16237,4.7,0.8242727364
2014-09-18,9798.1298828125,2011.3599853515625,97.69999694824219,1225.699951171875,0.7782099843025208,81235700.0,3235340000.0,0.11642344418879708,0.0970909,0.9213636364,99.48821,98.81272000000001,99.16237,4.7,0.8242727364
2014-09-19,9799.259765625,2010.4000244140625,98.38999938964844,1215.300048828125,0.7739899754524231,195350400.0,4880220000.0,0.11389456813082857,0.0970909,0.9213636364,99.48821,98.81272000000001,99.16237,4.7,0.8242727364
2014-09-22,9749.5400390625,1994.2900390625,96.97000122070312,1216.800048828125,0.7787299752235413,73981000.0,3349670000.0,0.11252540638138615,0.0970909,0.9213636364,99.48821,98.81272000000001,99.16237,4.7,0.8242727364
2014-09-23,9595.0302734375,1982.77001953125,96.8499984741211,1221.0,0.7781199812889099,88196000.0,3279350000.0,0.11264402912309607,0.0970909,0.9213636364,99.48821,98.81272000000001,99.16237,4.7,0.8242727364
2014-09-24,9661.9697265625,1998.300048828125,96.94999694824219,1218.5999755859375,0.777970016002655,85850600.0,3313850000.0,0.11165585582527389,0.0970909,0.9213636364,99.48821,98.81272000000001,99.16237,4.7,0.8242727364
2014-09-25,9510.009765625,1965.989990234375,97.0,1221.199951171875,0.7825899720191956,97697000.0,3273050000.0,0.12473200335083827,0.0970909,0.9213636364,99.48821,98.81272000000001,99.16237,4.7,0.8242727364
2014-09-26,9490.5498046875,1982.8499755859375,97.0,1214.0999755859375,0.7838799953460693,83499600.0,2929440000.0,0.11850257102052224,0.0970909,0.9213636364,99.48821,98.81272000000001,99.16237,4.7,0.8242727364
2014-09-29,9422.91015625,1977.800048828125,97.19999694824219,1217.5,0.7890700101852417,77424800.0,3094440000.0,0.12112145108645558,0.0970909,0.9213636364,99.48821,98.81272000000001,99.16237,4.7,0.8242727364
2014-09-30,9474.2998046875,1972.2900390625,94.66999816894531,1210.5,0.7879700064659119,89859600.0,3951100000.0,0.12266151828639092,0.0970909,0.9213636364,99.48821,98.81272000000001,99.16237,4.7,0.8242727364
2014-10-01,9382.0302734375,1946.1600341796875,94.16000366210938,1214.5999755859375,0.7918699979782104,83526600.0,4188590000.0,0.12663299618303844,0.0826087,0.7909090909,99.48821,98.65598,99.45232,4.7,0.7083003909
2014-10-02,9195.6796875,1946.1700439453125,93.41999816894531,1214.199951171875,0.7921299934387207,122375300.0,4012510000.0,0.13377605565992892,0.0826087,0.7909090909,99.48821,98.65598,99.45232,4.7,0.7083003909
2014-10-03,9195.6796875,1967.9000244140625,92.30999755859375,1192.199951171875,0.7892299890518188,122375300.0,3560970000.0,0.13377605565992892,0.0826087,0.7909090909,99.48821,98.65598,99.45232,4.7,0.7083003909
2014-10-06,9209.509765625,1964.8199462890625,92.79000091552734,1206.699951171875,0.7991300225257874,103676300.0,3358220000.0,0.13377605565992892,0.0826087,0.7909090909,99.48821,98.65598,99.45232,4.7,0.7083003909
2014-10-07,9086.2099609375,1935.0999755859375,92.11000061035156,1211.699951171875,0.7907599806785583,105001700.0,3687870000.0,0.13377605565992892,0.0826087,0.7909090909,99.48821,98.65598,99.45232,4.7,0.7083003909
2014-10-08,8995.330078125,1968.8900146484375,91.37999725341797,1205.300048828125,0.7893900275230408,112047000.0,4441890000.0,0.13377605565992892,0.0826087,0.7909090909,99.48821,98.65598,99.45232,4.7,0.7083003909
2014-10-09,9005.01953125,1928.2099609375,90.05000305175781,1224.5999755859375,0.7847399711608887,104101300.0,4344020000.0,0.13377605565992892,0.0826087,0.7909090909,99.48821,98.65598,99.45232,4.7,0.7083003909
2014-10-10,8788.8095703125,1906.1300048828125,90.20999908447266,1221.0,0.7880799770355225,162566100.0,4550540000.0,0.13377605565992892,0.0826087,0.7909090909,99.48821,98.65598,99.45232,4.7,0.7083003909
2014-10-13,8812.4296875,1874.739990234375,88.88999938964844,1229.300048828125,0.7911499738693237,112875000.0,4352580000.0,0.13377605565992892,0.0826087,0.7909090909,99.48821,98.65598,99.45232,4.7,0.7083003909
2014-10-14,8825.2099609375,1877.699951171875,85.04000091552734,1233.5999755859375,0.7859200239181519,116078300.0,4812010000.0,0.13377605565992892,0.0826087,0.7909090909,99.48821,98.65598,99.45232,4.7,0.7083003909
2014-10-15,8571.9501953125,1862.489990234375,83.77999877929688,1244.0999755859375,0.7911999821662903,153532200.0,6090800000.0,0.13377605565992892,0.0826087,0.7909090909,99.48821,98.65598,99.45232,4.7,0.7083003909
2014-10-16,8582.900390625,1862.760009765625,84.47000122070312,1240.5,0.7799299955368042,224468500.0,5073150000.0,0.13377605565992892,0.0826087,0.7909090909,99.48821,98.65598,99.45232,4.7,0.7083003909
2014-10-17,8850.26953125,1886.760009765625,84.54000091552734,1238.300048828125,0.7809799909591675,181971200.0,4482120000.0,0.13377605565992892,0.0826087,0.7909090909,99.48821,98.65598,99.45232,4.7,0.7083003909
2014-10-20,8717.759765625,1904.010009765625,85.4000015258789,1244.0,0.7843400239944458,103016000.0,3331210000.0,0.13377605565992892,0.0826087,0.7909090909,99.48821,98.65598,99.45232,4.7,0.7083003909
2014-10-21,8886.9599609375,1941.280029296875,86.22000122070312,1251.0,0.7815399765968323,118317300.0,3987090000.0,0.13377605565992892,0.0826087,0.7909090909,99.48821,98.65598,99.45232,4.7,0.7083003909
2014-10-22,8940.1396484375,1927.1099853515625,84.70999908447266,1244.800048828125,0.7864900231361389,97874300.0,3761930000.0,0.13377605565992892,0.0826087,0.7909090909,99.48821,98.65598,99.45232,4.7,0.7083003909
2014-10-23,9047.3095703125,1950.8199462890625,86.83000183105469,1228.5,0.7910500168800354,108376900.0,3789250000.0,0.13377605565992892,0.0826087,0.7909090909,99.48821,98.65598,99.45232,4.7,0.7083003909
2014-10-24,8987.7998046875,1964.5799560546875,86.12999725341797,1231.199951171875,0.7902600169181824,98966500.0,3078380000.0,0.13377605565992892,0.0826087,0.7909090909,99.48821,98.65598,99.45232,4.7,0.7083003909
2014-10-27,8902.6103515625,1961.6300048828125,85.83000183105469,1229.0999755859375,0.7888500094413757,111764500.0,3538860000.0,0.13377605565992892,0.0826087,0.7909090909,99.48821,98.65598,99.45232,4.7,0.7083003909
2014-10-28,9068.1904296875,1985.050048828125,86.02999877929688,1229.199951171875,0.787310004234314,78580500.0,3653260000.0,0.13377605565992892,0.0826087,0.7909090909,99.48821,98.65598,99.45232,4.7,0.7083003909
2014-10-29,9082.8095703125,1982.300048828125,87.12000274658203,1224.300048828125,0.7850300073623657,89708100.0,3740350000.0,0.13377605565992892,0.0826087,0.7909090909,99.48821,98.65598,99.45232,4.7,0.7083003909
2014-10-30,9114.83984375,1994.6500244140625,86.23999786376953,1198.0999755859375,0.7915899753570557,119733200.0,3586150000.0,0.13377605565992892,0.0826087,0.7909090909,99.48821,98.65598,99.45232,4.7,0.7083003909
2014-10-31,9326.8701171875,2018.050048828125,85.86000061035156,1171.0999755859375,0.7928100228309631,123211200.0,4292290000.0,0.13377605565992892,0.0826087,0.7909090909,99.48821,98.65598,99.45232,4.7,0.7083003909
2014-11-03,9251.7001953125,2017.81005859375,84.77999877929688,1169.4000244140625,0.7997999787330627,79777600.0,3555440000.0,0.13377605565992892,0.0809,0.719,99.48821,98.8599,99.35567,4.6,0.6381
2014-11-04,9166.4697265625,2012.0999755859375,82.81999969482422,1167.4000244140625,0.8002600073814392,90365900.0,3956260000.0,0.24145297273296668,0.0809,0.719,99.48821,98.8599,99.35567,4.6,0.6381
2014-11-05,9315.48046875,2023.5699462890625,82.94999694824219,1145.4000244140625,0.7966499924659729,81034800.0,3766590000.0,0.24275065260958847,0.0809,0.719,99.48821,98.8599,99.35567,4.6,0.6381
2014-11-06,9377.41015625,2031.2099609375,82.86000061035156,1142.300048828125,0.8012800216674805,124002400.0,3669770000.0,0.23981882208955566,0.0809,0.719,99.48821,98.8599,99.35567,4.6,0.6381
2014-11-07,9291.830078125,2031.9200439453125,83.38999938964844,1169.5999755859375,0.8077499866485596,104437000.0,3704280000.0,0.24294683766768216,0.0809,0.719,99.48821,98.8599,99.35567,4.6,0.6381
2014-11-10,9351.8701171875,2038.260009765625,82.33999633789062,1159.5999755859375,0.8024799823760986,71162800.0,3284940000.0,0.22471233968751322,0.0809,0.719,99.48821,98.8599,99.35567,4.6,0.6381
2014-11-11,9369.0302734375,2039.6800537109375,81.66999816894531,1162.800048828125,0.8045099973678589,79810300.0,2958320000.0,0.22474938880396172,0.0809,0.719,99.48821,98.8599,99.35567,4.6,0.6381
2014-11-12,9210.9599609375,2038.25,80.37999725341797,1158.9000244140625,0.8015499711036682,93733900.0,3246650000.0,0.23508185754164612,0.0809,0.719,99.48821,98.8599,99.35567,4.6,0.6381
2014-11-13,9248.509765625,2039.3299560546875,77.91999816894531,1161.0999755859375,0.8045099973678589,82312000.0,3455270000.0,0.20659503250394817,0.0809,0.719,99.48821,98.8599,99.35567,4.6,0.6381
2014-11-14,9252.9404296875,2039.8199462890625,77.73999786376953,1185.0,0.8015400171279907,76730500.0,3227130000.0,0.20673166248732194,0.0809,0.719,99.48821,98.8599,99.35567,4.6,0.6381
2014-11-17,9306.349609375,2041.3199462890625,79.30999755859375,1183.0,0.7988200187683105,72034400.0,3152890000.0,0.1813529736390342,0.0809,0.719,99.48821,98.8599,99.35567,4.6,0.6381
2014-11-18,9456.5302734375,2051.800048828125,78.47000122070312,1196.699951171875,0.8032799959182739,73982400.0,3416190000.0,0.17560801989869831,0.0809,0.719,99.48821,98.8599,99.35567,4.6,0.6381
2014-11-19,9472.7998046875,2048.719970703125,78.0999984741211,1193.5999755859375,0.7978699803352356,73153500.0,3390850000.0,0.16642468911824995,0.0809,0.719,99.48821,98.8599,99.35567,4.6,0.6381
2014-11-20,9483.9697265625,2052.75,79.33000183105469,1190.699951171875,0.7973999977111816,82097800.0,3128290000.0,0.16620656295336828,0.0809,0.719,99.48821,98.8599,99.35567,4.6,0.6381
2014-11-21,9732.5498046875,2063.5,80.36000061035156,1197.5,0.7971299886703491,166634400.0,3916420000.0,0.1825398533360744,0.0809,0.719,99.48821,98.8599,99.35567,4.6,0.6381
2014-11-24,9785.5400390625,2069.409912109375,79.68000030517578,1195.5,0.8080800175666809,97612300.0,3128060000.0,0.1788529601393337,0.0809,0.719,99.48821,98.8599,99.35567,4.6,0.6381
2014-11-25,9861.2099609375,2067.030029296875,78.33000183105469,1197.0999755859375,0.8043000102043152,117773900.0,3392940000.0,0.17218060983763678,0.0809,0.719,99.48821,98.8599,99.35567,4.6,0.6381
2014-11-26,9915.5595703125,2072.830078125,77.75,1196.5999755859375,0.8012400269508362,89124300.0,2745260000.0,0.16491162410054147,0.0809,0.719,99.48821,98.8599,99.35567,4.6,0.6381
2014-11-27,9974.8701171875,2072.830078125,77.75,1196.5999755859375,0.7996199727058411,84700200.0,2745260000.0,0.16470408201889283,0.0809,0.719,99.48821,98.8599,99.35567,4.6,0.6381
2014-11-28,9980.849609375,2067.56005859375,70.1500015258789,1175.199951171875,0.8024399876594543,98906800.0,2504640000.0,0.16523827294741097,0.0809,0.719,99.48821,98.8599,99.35567,4.6,0.6381
2014-12-01,9963.509765625,2053.43994140625,72.54000091552734,1218.0,0.8039699792861938,97092800.0,4159010000.0,0.15135932898767052,0.0809048,0.5889473684,99.48821,99.32378000000001,100.9987,4.6,0.5080425684
2014-12-02,9934.080078125,2066.550048828125,70.54000091552734,1199.199951171875,0.8019199967384338,86630800.0,3686650000.0,0.14756271060318885,0.0809048,0.5889473684,99.48821,99.32378000000001,100.9987,4.6,0.5080425684
2014-12-03,9971.7900390625,2074.330078125,69.91999816894531,1208.5,0.807200014591217,83605000.0,3612680000.0,0.1402114579086752,0.0809048,0.5889473684,99.48821,99.32378000000001,100.9987,4.6,0.5080425684
2014-12-04,9851.349609375,2071.919921875,69.63999938964844,1207.5,0.8119099736213684,119705200.0,3408340000.0,0.14346177358423007,0.0809048,0.5889473684,99.48821,99.32378000000001,100.9987,4.6,0.5080425684
2014-12-05,10087.1201171875,2075.3701171875,69.06999969482422,1190.0999755859375,0.8073199987411499,93445100.0,3419620000.0,0.16088394703881267,0.0809048,0.5889473684,99.48821,99.32378000000001,100.9987,4.6,0.5080425684
2014-12-08,10014.990234375,2060.31005859375,66.19000244140625,1194.699951171875,0.8133999705314636,68931200.0,3800990000.0,0.15906124059655893,0.0809048,0.5889473684,99.48821,99.32378000000001,100.9987,4.6,0.5080425684
2014-12-09,9793.7099609375,2059.820068359375,66.83999633789062,1231.5,0.8120099902153015,110063600.0,3970150000.0,0.18177820809817352,0.0809048,0.5889473684,99.48821,99.32378000000001,100.9987,4.6,0.5080425684
2014-12-10,9799.73046875,2026.1400146484375,64.23999786376953,1228.9000244140625,0.8067799806594849,88531300.0,4114440000.0,0.1818635370739461,0.0809048,0.5889473684,99.48821,99.32378000000001,100.9987,4.6,0.5080425684
2014-12-11,9862.5302734375,2035.3299560546875,63.68000030517578,1225.0999755859375,0.8016700148582458,98963300.0,3917950000.0,0.16848298880497584,0.0809048,0.5889473684,99.48821,99.32378000000001,100.9987,4.6,0.5080425684
2014-12-12,9594.73046875,2002.3299560546875,61.849998474121094,1222.0,0.8067799806594849,94544800.0,4157650000.0,0.1987198286956839,0.0809048,0.5889473684,99.48821,99.32378000000001,100.9987,4.6,0.5080425684
2014-12-15,9334.009765625,1989.6300048828125,61.060001373291016,1207.199951171875,0.8023399710655212,112718700.0,4361990000.0,0.22272009813170632,0.0809048,0.5889473684,99.48821,99.32378000000001,100.9987,4.6,0.5080425684
2014-12-16,9563.8896484375,1972.739990234375,59.86000061035156,1193.9000244140625,0.803629994392395,171052400.0,4958680000.0,0.2374268379706478,0.0809048,0.5889473684,99.48821,99.32378000000001,100.9987,4.6,0.5080425684
2014-12-17,9544.4296875,2012.8900146484375,59.79999923706055,1194.300048828125,0.7992299795150757,102078900.0,4942370000.0,0.2314925499219629,0.0809048,0.5889473684,99.48821,99.32378000000001,100.9987,4.6,0.5080425684
2014-12-18,9811.0595703125,2061.22998046875,59.27000045776367,1194.699951171875,0.8104400038719177,121015600.0,4703380000.0,0.2502280728584901,0.0809048,0.5889473684,99.48821,99.32378000000001,100.9987,4.6,0.5080425684
2014-12-19,9786.9599609375,2070.64990234375,61.380001068115234,1195.9000244140625,0.8136399984359741,173452900.0,6465530000.0,0.25065653089712026,0.0809048,0.5889473684,99.48821,99.32378000000001,100.9987,4.6,0.5080425684
2014-12-22,9865.759765625,2078.5400390625,60.11000061035156,1179.699951171875,0.8179299831390381,61833300.0,3369520000.0,0.2356515467814236,0.0809048,0.5889473684,99.48821,99.32378000000001,100.9987,4.6,0.5080425684
2014-12-23,9922.1103515625,2082.169921875,61.689998626708984,1177.9000244140625,0.8180800080299377,47508200.0,3043950000.0,0.2357203605722794,0.0809048,0.5889473684,99.48821,99.32378000000001,100.9987,4.6,0.5080425684
2014-12-24,9922.1103515625,2081.8798828125,60.2400016784668,1173.5,0.8213599920272827,47508200.0,1416980000.0,0.2357203605722794,0.0809048,0.5889473684,99.48821,99.32378000000001,100.9987,4.6,0.5080425684
2014-12-25,9922.1103515625,2081.8798828125,60.2400016784668,1173.5,0.8197699785232544,47508200.0,1416980000.0,0.2357203605722794,0.0809048,0.5889473684,99.48821,99.32378000000001,100.9987,4.6,0.5080425684
2014-12-26,9922.1103515625,2088.77001953125,59.45000076293945,1195.300048828125,0.8190000057220459,47508200.0,1735230000.0,0.2357203605722794,0.0809048,0.5889473684,99.48821,99.32378000000001,100.9987,4.6,0.5080425684
2014-12-29,9927.1298828125,2090.570068359375,57.880001068115234,1181.699951171875,0.8217300176620483,47150800.0,2452360000.0,0.2357203605722794,0.0809048,0.5889473684,99.48821,99.32378000000001,100.9987,4.6,0.5080425684
2014-12-30,9805.5498046875,2080.35009765625,57.900001525878906,1200.199951171875,0.8228099942207336,34753300.0,2440280000.0,0.2357203605722794,0.0809048,0.5889473684,99.48821,99.32378000000001,100.9987,4.6,0.5080425684
2014-12-31,9805.5498046875,2058.89990234375,57.33000183105469,1183.9000244140625,0.8222299814224243,34753300.0,2606070000.0,0.2357203605722794,0.0809048,0.5889473684,99.48821,99.32378000000001,100.9987,4.6,0.5080425684
2015-01-01,9805.5498046875,2058.89990234375,57.33000183105469,1183.9000244140625,0.8265399932861328,34753300.0,2606070000.0,0.2357203605722794,0.0626667,0.39,100.0,98.42036,98.58247,4.5,0.3273333
2015-01-02,9764.73046875,2058.199951171875,56.41999816894531,1186.0,0.8271700143814087,67673900.0,2708700000.0,0.2357203605722794,0.0626667,0.39,100.0,98.42036,98.58247,4.5,0.3273333
2015-01-05,9473.16015625,2020.5799560546875,53.11000061035156,1203.9000244140625,0.8370699882507324,105538300.0,3799120000.0,0.2357203605722794,0.0626667,0.39,100.0,98.42036,98.58247,4.5,0.3273333
2015-01-06,9469.66015625,2002.6099853515625,51.099998474121094,1219.300048828125,0.8375899791717529,96812300.0,4460110000.0,0.2357203605722794,0.0626667,0.39,100.0,98.42036,98.58247,4.5,0.3273333
2015-01-07,9518.1796875,2025.9000244140625,51.150001525878906,1210.5999755859375,0.8420799970626831,82466600.0,3805480000.0,0.2357203605722794,0.0626667,0.39,100.0,98.42036,98.58247,4.5,0.3273333
2015-01-08,9837.6103515625,2062.139892578125,50.959999084472656,1208.4000244140625,0.8448799848556519,114825000.0,3934010000.0,0.2357203605722794,0.0626667,0.39,100.0,98.42036,98.58247,4.5,0.3273333
2015-01-09,9648.5,2044.81005859375,50.11000061035156,1216.0,0.8477399945259094,107473400.0,3364140000.0,0.2357203605722794,0.0626667,0.39,100.0,98.42036,98.58247,4.5,0.3273333
2015-01-12,9781.900390625,2028.260009765625,47.43000030517578,1232.699951171875,0.8424100279808044,101315800.0,3456460000.0,0.2357203605722794,0.0626667,0.39,100.0,98.42036,98.58247,4.5,0.3273333
2015-01-13,9941.0,2023.030029296875,46.59000015258789,1234.300048828125,0.8452000021934509,116360600.0,4107300000.0,0.2357203605722794,0.0626667,0.39,100.0,98.42036,98.58247,4.5,0.3273333
2015-01-14,9817.080078125,2011.27001953125,48.689998626708984,1234.4000244140625,0.8490200042724609,121316800.0,4378680000.0,0.2357203605722794,0.0626667,0.39,100.0,98.42036,98.58247,4.5,0.3273333
2015-01-15,10032.6103515625,1992.6700439453125,47.66999816894531,1264.699951171875,0.8484699726104736,147822300.0,4276720000.0,0.2357203605722794,0.0626667,0.39,100.0,98.42036,98.58247,4.5,0.3273333
2015-01-16,10167.76953125,2019.4200439453125,47.689998626708984,1276.9000244140625,0.8593000173568726,141081500.0,4056410000.0,0.2357203605722794,0.0626667,0.39,100.0,98.42036,98.58247,4.5,0.3273333
2015-01-19,10242.349609375,2019.4200439453125,47.689998626708984,1276.9000244140625,0.8646000027656555,80650300.0,4056410000.0,0.2357203605722794,0.0626667,0.39,100.0,98.42036,98.58247,4.5,0.3273333
2015-01-20,10257.1298828125,2022.550048828125,47.9900016784668,1294.199951171875,0.8622199892997742,109024400.0,3944340000.0,0.2357203605722794,0.0626667,0.39,100.0,98.42036,98.58247,4.5,0.3273333
2015-01-21,10299.23046875,2032.1199951171875,49.029998779296875,1293.699951171875,0.8660299777984619,116237900.0,3730070000.0,0.2357203605722794,0.0626667,0.39,100.0,98.42036,98.58247,4.5,0.3273333
2015-01-22,10435.6201171875,2063.14990234375,48.52000045776367,1300.699951171875,0.8609300255775452,151255800.0,4176050000.0,0.2357203605722794,0.0626667,0.39,100.0,98.42036,98.58247,4.5,0.3273333
2015-01-23,10649.580078125,2051.820068359375,48.790000915527344,1292.5999755859375,0.881309986114502,167797300.0,3573560000.0,0.2357203605722794,0.0626667,0.39,100.0,98.42036,98.58247,4.5,0.3273333
2015-01-26,10798.330078125,2057.090087890625,48.15999984741211,1279.4000244140625,0.8988400101661682,105118600.0,3465760000.0,0.2357203605722794,0.0626667,0.39,100.0,98.42036,98.58247,4.5,0.3273333
2015-01-27,10628.580078125,2029.550048828125,49.599998474121094,1291.699951171875,0.8890699744224548,115893500.0,3329810000.0,0.2357203605722794,0.0626667,0.39,100.0,98.42036,98.58247,4.5,0.3273333
2015-01-28,10710.9697265625,2002.1600341796875,48.470001220703125,1285.9000244140625,0.8797100186347961,113074200.0,4067530000.0,0.2357203605722794,0.0626667,0.39,100.0,98.42036,98.58247,4.5,0.3273333
2015-01-29,10737.8701171875,2021.25,49.130001068115234,1254.5999755859375,0.8864099979400635,100310000.0,4127140000.0,0.2357203605722794,0.0626667,0.39,100.0,98.42036,98.58247,4.5,0.3273333
2015-01-30,10694.3203125,1994.989990234375,52.9900016784668,1278.5,0.8821799755096436,108714500.0,4568650000.0,0.2357203605722794,0.0626667,0.39,100.0,98.42036,98.58247,4.5,0.3273333
2015-02-02,10828.009765625,2020.8499755859375,54.75,1276.199951171875,0.8842499852180481,100490400.0,4008330000.0,0.23823583565849474,0.0482,0.302,100.0,98.96485,99.64562,4.5,0.25379999999999997
2015-02-03,10890.9501953125,2050.030029296875,57.90999984741211,1259.699951171875,0.8816999793052673,134336000.0,4615900000.0,0.2016249875687694,0.0482,0.302,100.0,98.96485,99.64562,4.5,0.25379999999999997
2015-02-04,10911.3203125,2041.510009765625,54.15999984741211,1263.800048828125,0.8727999925613403,98694500.0,4141920000.0,0.20077737146230648,0.0482,0.302,100.0,98.96485,99.64562,4.5,0.25379999999999997
2015-02-05,10905.41015625,2062.52001953125,56.56999969482422,1262.0,0.8834900259971619,87662700.0,3821990000.0,0.20234299370305445,0.0482,0.302,100.0,98.96485,99.64562,4.5,0.25379999999999997
2015-02-06,10846.3896484375,2055.469970703125,57.79999923706055,1233.9000244140625,0.8716899752616882,78680500.0,4232970000.0,0.1807442287205375,0.0482,0.302,100.0,98.96485,99.64562,4.5,0.25379999999999997
2015-02-09,10663.509765625,2046.739990234375,58.34000015258789,1240.800048828125,0.8838300108909607,102797300.0,3549540000.0,0.1769464344629186,0.0482,0.302,100.0,98.96485,99.64562,4.5,0.25379999999999997
2015-02-10,10753.830078125,2068.590087890625,56.43000030517578,1231.5999755859375,0.8828499913215637,93678100.0,3669850000.0,0.17447222514817196,0.0482,0.302,100.0,98.96485,99.64562,4.5,0.25379999999999997
2015-02-11,10752.1103515625,2068.530029296875,54.65999984741211,1219.0,0.8832399845123291,69851700.0,3596860000.0,0.16982595167840872,0.0482,0.302,100.0,98.96485,99.64562,4.5,0.25379999999999997
2015-02-12,10919.650390625,2088.47998046875,57.04999923706055,1220.0999755859375,0.8840199708938599,107103000.0,3788350000.0,0.16366720716759445,0.0482,0.302,100.0,98.96485,99.64562,4.5,0.25379999999999997
2015-02-13,10963.400390625,2096.989990234375,57.38999938964844,1226.5,0.8768900036811829,99482300.0,3527450000.0,0.15180189792240892,0.0482,0.302,100.0,98.96485,99.64562,4.5,0.25379999999999997
2015-02-16,10923.23046875,2096.989990234375,57.38999938964844,1226.5,0.8771899938583374,61995500.0,3527450000.0,0.15032302198219163,0.0482,0.302,100.0,98.96485,99.64562,4.5,0.25379999999999997
2015-02-17,10895.6201171875,2100.340087890625,62.529998779296875,1208.0999755859375,0.8823000192642212,77400400.0,3361750000.0,0.15100171773387513,0.0482,0.302,100.0,98.96485,99.64562,4.5,0.25379999999999997
2015-02-18,10961.0,2099.679931640625,60.529998779296875,1199.699951171875,0.876829981803894,70942100.0,3370020000.0,0.15123793759233575,0.0482,0.302,100.0,98.96485,99.64562,4.5,0.25379999999999997
2015-02-19,11001.9404296875,2097.449951171875,60.209999084472656,1207.0999755859375,0.8771899938583374,87999500.0,3247100000.0,0.1512157787197817,0.0482,0.302,100.0,98.96485,99.64562,4.5,0.25379999999999997
2015-02-20,11050.6396484375,2110.300048828125,60.220001220703125,1204.4000244140625,0.8797600269317627,136029000.0,3281600000.0,0.14685286441922238,0.0482,0.302,100.0,98.96485,99.64562,4.5,0.25379999999999997
2015-02-23,11130.919921875,2109.659912109375,58.900001525878906,1200.300048828125,0.8786200284957886,76625500.0,3093680000.0,0.13324216458149712,0.0482,0.302,100.0,98.96485,99.64562,4.5,0.25379999999999997
2015-02-24,11205.740234375,2115.47998046875,58.65999984741211,1196.9000244140625,0.8823800086975098,82593800.0,3199840000.0,0.12737340012207288,0.0482,0.302,100.0,98.96485,99.64562,4.5,0.25379999999999997
2015-02-25,11210.26953125,2113.860107421875,61.630001068115234,1201.0,0.8819100260734558,80915300.0,3312340000.0,0.11057414408349726,0.0482,0.302,100.0,98.96485,99.64562,4.5,0.25379999999999997
2015-02-26,11327.1904296875,2110.739990234375,60.04999923706055,1209.5999755859375,0.8799999952316284,85073000.0,3408690000.0,0.11252927806793864,0.0482,0.302,100.0,98.96485,99.64562,4.5,0.25379999999999997
2015-02-27,11401.66015625,2104.5,62.58000183105469,1212.5999755859375,0.8924300074577332,94058100.0,3547380000.0,0.1133248805520631,0.0482,0.302,100.0,98.96485,99.64562,4.5,0.25379999999999997
2015-03-02,11410.3603515625,2117.389892578125,59.540000915527344,1207.699951171875,0.8959000110626221,80280900.0,3409490000.0,0.11080786289294658,0.0271818,0.2272727273,100.0,99.40934,99.64562,4.5,0.2000909273
2015-03-03,11280.3603515625,2107.780029296875,61.02000045776367,1204.0,0.8945299983024597,84804300.0,3262300000.0,0.11609226656768865,0.0271818,0.2272727273,100.0,99.40934,99.64562,4.5,0.2000909273
2015-03-04,11390.3798828125,2098.530029296875,60.54999923706055,1200.5999755859375,0.8942800164222717,79990900.0,3421110000.0,0.11851031635587528,0.0271818,0.2272727273,100.0,99.40934,99.64562,4.5,0.2000909273
2015-03-05,11504.009765625,2101.0400390625,60.47999954223633,1195.9000244140625,0.9023600220680237,83133300.0,3103030000.0,0.12154477745083773,0.0271818,0.2272727273,100.0,99.40934,99.64562,4.5,0.2000909273
2015-03-06,11550.9697265625,2071.260009765625,59.72999954223633,1164.0999755859375,0.9064499735832214,83005800.0,3853570000.0,0.12111751748179544,0.0271818,0.2272727273,100.0,99.40934,99.64562,4.5,0.2000909273
2015-03-09,11582.1103515625,2079.429931640625,58.529998779296875,1166.4000244140625,0.921999990940094,70116300.0,3349090000.0,0.11741609514137366,0.0271818,0.2272727273,100.0,99.40934,99.64562,4.5,0.2000909273
2015-03-10,11500.3798828125,2044.1600341796875,56.38999938964844,1160.0999755859375,0.9230700135231018,93041600.0,3668900000.0,0.09997220449176591,0.0271818,0.2272727273,100.0,99.40934,99.64562,4.5,0.2000909273
2015-03-11,11805.990234375,2040.239990234375,57.540000915527344,1150.699951171875,0.9338200092315674,107890400.0,3406570000.0,0.1270382924649056,0.0271818,0.2272727273,100.0,99.40934,99.64562,4.5,0.2000909273
2015-03-12,11799.3896484375,2065.949951171875,57.08000183105469,1152.0999755859375,0.9479799866676331,119851500.0,3405860000.0,0.12722957640091445,0.0271818,0.2272727273,100.0,99.40934,99.64562,4.5,0.2000909273
2015-03-13,11901.6103515625,2053.39990234375,54.66999816894531,1152.5999755859375,0.9410600066184998,104888400.0,3498560000.0,0.12175261127695157,0.0271818,0.2272727273,100.0,99.40934,99.64562,4.5,0.2000909273
2015-03-16,12167.7197265625,2081.18994140625,53.439998626708984,1153.300048828125,0.9540500044822693,112369900.0,3295600000.0,0.13713244276568215,0.0271818,0.2272727273,100.0,99.40934,99.64562,4.5,0.2000909273
2015-03-17,11980.849609375,2074.280029296875,53.43000030517578,1148.300048828125,0.9458100199699402,104121300.0,3221840000.0,0.1516658991639271,0.0271818,0.2272727273,100.0,99.40934,99.64562,4.5,0.2000909273
2015-03-18,11922.76953125,2099.5,55.90999984741211,1151.4000244140625,0.9435700178146362,114361600.0,4128210000.0,0.15321655624739036,0.0271818,0.2272727273,100.0,99.40934,99.64562,4.5,0.2000909273
2015-03-19,11899.400390625,2089.27001953125,54.43000030517578,1169.0999755859375,0.9216600060462952,110433600.0,3305220000.0,0.15460694393995428,0.0271818,0.2272727273,100.0,99.40934,99.64562,4.5,0.2000909273
2015-03-20,12039.3701171875,2108.10009765625,55.31999969482422,1184.800048828125,0.9373000264167786,181425200.0,5554120000.0,0.156940360832184,0.0271818,0.2272727273,100.0,99.40934,99.64562,4.5,0.2000909273
2015-03-23,11895.83984375,2104.419921875,55.91999816894531,1188.0,0.9236500263214111,88385400.0,3267960000.0,0.16674679679207216,0.0271818,0.2272727273,100.0,99.40934,99.64562,4.5,0.2000909273
2015-03-24,12005.6904296875,2091.5,55.11000061035156,1191.699951171875,0.9136599898338318,104205600.0,3189820000.0,0.16743515760633135,0.0271818,0.2272727273,100.0,99.40934,99.64562,4.5,0.2000909273
2015-03-25,11865.3203125,2061.050048828125,56.47999954223633,1197.300048828125,0.9172599911689758,84585800.0,3521140000.0,0.17516678322839405,0.0271818,0.2272727273,100.0,99.40934,99.64562,4.5,0.2000909273
2015-03-26,11843.6796875,2056.14990234375,59.189998626708984,1205.0999755859375,0.9123700261116028,120047400.0,3510670000.0,0.1757175116196948,0.0271818,0.2272727273,100.0,99.40934,99.64562,4.5,0.2000909273
2015-03-27,11868.330078125,2061.02001953125,56.40999984741211,1199.800048828125,0.9185799956321716,88495700.0,3008550000.0,0.17344264095487413,0.0271818,0.2272727273,100.0,99.40934,99.64562,4.5,0.2000909273
2015-03-30,12086.009765625,2086.239990234375,56.290000915527344,1184.800048828125,0.9186999797821045,75164200.0,2917690000.0,0.18170540100510016,0.0271818,0.2272727273,100.0,99.40934,99.64562,4.5,0.2000909273
2015-03-31,11966.169921875,2067.889892578125,55.11000061035156,1183.0999755859375,0.9233400225639343,87376600.0,3376550000.0,0.18693474478872185,0.0271818,0.2272727273,100.0,99.40934,99.64562,4.5,0.2000909273
2015-04-01,12001.3798828125,2059.68994140625,57.099998474121094,1208.0999755859375,0.9312599897384644,93234700.0,3543270000.0,0.1801443851309537,0.0047,0.122,100.0,99.88544,100.4188,4.4,0.1173
2015-04-02,11967.3896484375,2066.9599609375,54.95000076293945,1200.9000244140625,0.9285100102424622,70758500.0,3095960000.0,0.17948792502225064,0.0047,0.122,100.0,99.88544,100.4188,4.4,0.1173
2015-04-03,11967.3896484375,2066.9599609375,54.95000076293945,1200.9000244140625,0.9199000000953674,70758500.0,3095960000.0,0.17948792502225064,0.0047,0.122,100.0,99.88544,100.4188,4.4,0.1173
2015-04-06,11967.3896484375,2080.6201171875,58.119998931884766,1218.5999755859375,0.9089800119400024,70758500.0,3302970000.0,0.17948792502225064,0.0047,0.122,100.0,99.88544,100.4188,4.4,0.1173
2015-04-07,12123.51953125,2076.330078125,59.099998474121094,1210.5999755859375,0.9145100116729736,91113100.0,3065510000.0,0.17948792502225064,0.0047,0.122,100.0,99.88544,100.4188,4.4,0.1173
2015-04-08,12035.8603515625,2081.89990234375,55.54999923706055,1203.0999755859375,0.9238600134849548,72017900.0,3265330000.0,0.17948792502225064,0.0047,0.122,100.0,99.88544,100.4188,4.4,0.1173
2015-04-09,12166.4404296875,2091.179931640625,56.56999969482422,1193.5999755859375,0.9271900057792664,60312600.0,3172360000.0,0.17948792502225064,0.0047,0.122,100.0,99.88544,100.4188,4.4,0.1173
2015-04-10,12374.73046875,2102.06005859375,57.869998931884766,1204.5999755859375,0.9372900128364563,80849100.0,3156200000.0,0.17948792502225064,0.0047,0.122,100.0,99.88544,100.4188,4.4,0.1173
2015-04-13,12338.73046875,2092.429931640625,57.93000030517578,1199.300048828125,0.942520022392273,62629800.0,2908420000.0,0.17948792502225064,0.0047,0.122,100.0,99.88544,100.4188,4.4,0.1173
2015-04-14,12227.599609375,2095.840087890625,58.43000030517578,1192.800048828125,0.9458100199699402,73456600.0,3301270000.0,0.17948792502225064,0.0047,0.122,100.0,99.88544,100.4188,4.4,0.1173
2015-04-15,12231.33984375,2106.6298828125,60.31999969482422,1201.5,0.9392200112342834,69854000.0,4013760000.0,0.17948792502225064,0.0047,0.122,100.0,99.88544,100.4188,4.4,0.1173
2015-04-16,11998.8603515625,2104.989990234375,60.400001525878906,1198.0,0.9366099834442139,97991100.0,3434120000.0,0.17948792502225064,0.0047,0.122,100.0,99.88544,100.4188,4.4,0.1173
2015-04-17,11688.7001953125,2081.179931640625,63.45000076293945,1202.9000244140625,0.9297500252723694,136933600.0,3627600000.0,0.17948792502225064,0.0047,0.122,100.0,99.88544,100.4188,4.4,0.1173
2015-04-20,11891.91015625,2100.39990234375,63.45000076293945,1193.5,0.9250500202178955,73533300.0,3000160000.0,0.17948792502225064,0.0047,0.122,100.0,99.88544,100.4188,4.4,0.1173
2015-04-21,11939.580078125,2097.2900390625,62.08000183105469,1202.9000244140625,0.9304500222206116,80145600.0,3243410000.0,0.17948792502225064,0.0047,0.122,100.0,99.88544,100.4188,4.4,0.1173
2015-04-22,11867.3701171875,2107.9599609375,62.72999954223633,1186.9000244140625,0.9309499859809875,81502800.0,3348480000.0,0.17948792502225064,0.0047,0.122,100.0,99.88544,100.4188,4.4,0.1173
2015-04-23,11723.580078125,2112.929931640625,64.8499984741211,1194.4000244140625,0.9323300123214722,89480500.0,3636670000.0,0.17948792502225064,0.0047,0.122,100.0,99.88544,100.4188,4.4,0.1173
2015-04-24,11810.849609375,2117.68994140625,65.27999877929688,1175.199951171875,0.9246399998664856,84712000.0,3375780000.0,0.17948792502225064,0.0047,0.122,100.0,99.88544,100.4188,4.4,0.1173
2015-04-27,12039.16015625,2108.919921875,64.83000183105469,1203.300048828125,0.9200500249862671,103024800.0,3438750000.0,0.17948792502225064,0.0047,0.122,100.0,99.88544,100.4188,4.4,0.1173
2015-04-28,11811.66015625,2114.760009765625,64.63999938964844,1214.0,0.9192900061607361,125624200.0,3546270000.0,0.17948792502225064,0.0047,0.122,100.0,99.88544,100.4188,4.4,0.1173
2015-04-29,11432.7197265625,2106.85009765625,65.83999633789062,1209.800048828125,0.9116500020027161,134679800.0,4074970000.0,0.17948792502225064,0.0047,0.122,100.0,99.88544,100.4188,4.4,0.1173
2015-04-30,11454.3798828125,2085.510009765625,66.77999877929688,1182.4000244140625,0.8997399806976318,126690900.0,4509680000.0,0.17948792502225064,0.0047,0.122,100.0,99.88544,100.4188,4.4,0.1173
2015-05-01,11454.3798828125,2108.2900390625,66.45999908447266,1174.5,0.8916900157928467,126690900.0,3379390000.0,0.17948792502225064,-0.0103684,0.5557894737,100.0,100.0254,100.6121,4.4,0.5661578736999999
2015-05-04,11619.849609375,2114.489990234375,66.44999694824219,1186.800048828125,0.8939800262451172,80328700.0,3091580000.0,0.17948792502225064,-0.0103684,0.5557894737,100.0,100.0254,100.6121,4.4,0.5661578736999999
2015-05-05,11327.6796875,2089.4599609375,67.5199966430664,1193.199951171875,0.8969299793243408,121580000.0,3793950000.0,0.17948792502225064,-0.0103684,0.5557894737,100.0,100.0254,100.6121,4.4,0.5661578736999999
2015-05-06,11350.150390625,2080.14990234375,67.7699966430664,1190.300048828125,0.8939499855041504,101726700.0,3792210000.0,0.17948792502225064,-0.0103684,0.5557894737,100.0,100.0254,100.6121,4.4,0.5661578736999999
2015-05-07,11407.9697265625,2088.0,65.54000091552734,1182.4000244140625,0.8817200064659119,119253400.0,3676640000.0,0.17948792502225064,-0.0103684,0.5557894737,100.0,100.0254,100.6121,4.4,0.5661578736999999
2015-05-08,11709.73046875,2116.10009765625,65.38999938964844,1189.0999755859375,0.8891299962997437,111159500.0,3399440000.0,0.17948792502225064,-0.0103684,0.5557894737,100.0,100.0254,100.6121,4.4,0.5661578736999999
2015-05-11,11673.349609375,2105.330078125,64.91000366210938,1183.199951171875,0.8933299779891968,73175600.0,2992670000.0,0.17948792502225064,-0.0103684,0.5557894737,100.0,100.0254,100.6121,4.4,0.5661578736999999
2015-05-12,11472.41015625,2099.1201171875,66.86000061035156,1192.5999755859375,0.8973100185394287,104691800.0,3139520000.0,0.17948792502225064,-0.0103684,0.5557894737,100.0,100.0254,100.6121,4.4,0.5661578736999999
2015-05-13,11351.4599609375,2098.47998046875,66.80999755859375,1218.4000244140625,0.8911499977111816,108123400.0,3374260000.0,0.17948792502225064,-0.0103684,0.5557894737,100.0,100.0254,100.6121,4.4,0.5661578736999999
2015-05-14,11559.8203125,2121.10009765625,66.58999633789062,1225.4000244140625,0.8810200095176697,72926200.0,3225740000.0,0.17948792502225064,-0.0103684,0.5557894737,100.0,100.0254,100.6121,4.4,0.5661578736999999
2015-05-15,11447.0302734375,2122.72998046875,66.56999969482422,1225.5,0.8768100142478943,97759100.0,3092080000.0,0.17948792502225064,-0.0103684,0.5557894737,100.0,100.0254,100.6121,4.4,0.5661578736999999
2015-05-18,11594.2802734375,2129.199951171875,66.2699966430664,1227.800048828125,0.873740017414093,78737700.0,2888190000.0,0.17948792502225064,-0.0103684,0.5557894737,100.0,100.0254,100.6121,4.4,0.5661578736999999
2015-05-19,11853.330078125,2127.830078125,64.0199966430664,1206.9000244140625,0.8829100131988525,99880500.0,3296030000.0,0.17948792502225064,-0.0103684,0.5557894737,100.0,100.0254,100.6121,4.4,0.5661578736999999
2015-05-20,11848.4697265625,2125.85009765625,65.02999877929688,1208.9000244140625,0.897130012512207,68486700.0,3025880000.0,0.17948792502225064,-0.0103684,0.5557894737,100.0,100.0254,100.6121,4.4,0.5661578736999999
2015-05-21,11864.58984375,2130.820068359375,66.54000091552734,1204.4000244140625,0.9008399844169617,71402900.0,3070460000.0,0.17948792502225064,-0.0103684,0.5557894737,100.0,100.0254,100.6121,4.4,0.5661578736999999
2015-05-22,11815.009765625,2126.06005859375,65.37000274658203,1204.300048828125,0.899940013885498,64150300.0,2571860000.0,0.17948792502225064,-0.0103684,0.5557894737,100.0,100.0254,100.6121,4.4,0.5661578736999999
2015-05-25,11815.009765625,2126.06005859375,65.37000274658203,1204.300048828125,0.9096699953079224,64150300.0,2571860000.0,0.17948792502225064,-0.0103684,0.5557894737,100.0,100.0254,100.6121,4.4,0.5661578736999999
2015-05-26,11625.1298828125,2104.199951171875,63.720001220703125,1187.199951171875,0.9114800095558167,96666700.0,3342130000.0,0.17948792502225064,-0.0103684,0.5557894737,100.0,100.0254,100.6121,4.4,0.5661578736999999
2015-05-27,11771.1298828125,2123.47998046875,62.060001373291016,1185.9000244140625,0.9183700084686279,100896100.0,3127960000.0,0.17948792502225064,-0.0103684,0.5557894737,100.0,100.0254,100.6121,4.4,0.5661578736999999
2015-05-28,11677.5703125,2120.7900390625,62.58000183105469,1188.0999755859375,0.9174299836158752,84031300.0,2980350000.0,0.17948792502225064,-0.0103684,0.5557894737,100.0,100.0254,100.6121,4.4,0.5661578736999999
2015-05-29,11413.8203125,2107.389892578125,65.55999755859375,1189.4000244140625,0.9123799800872803,124443600.0,3927390000.0,0.17948792502225064,-0.0103684,0.5557894737,100.0,100.0254,100.6121,4.4,0.5661578736999999
2015-06-01,11436.0498046875,2111.72998046875,64.87999725341797,1188.300048828125,0.9125800132751465,75686700.0,3011710000.0,0.17948792502225064,-0.0139091,0.7927272727,100.0,100.1531,100.5155,4.4,0.8066363727
2015-06-02,11328.7998046875,2109.60009765625,65.48999786376953,1194.0999755859375,0.9154999852180481,88144800.0,3049350000.0,0.17948792502225064,-0.0139091,0.7927272727,100.0,100.1531,100.5155,4.4,0.8066363727
2015-06-03,11419.6201171875,2114.070068359375,63.79999923706055,1184.699951171875,0.8968600034713745,85463100.0,3099980000.0,0.17948792502225064,-0.0139091,0.7927272727,100.0,100.1531,100.5155,4.4,0.8066363727
2015-06-04,11340.599609375,2095.840087890625,62.029998779296875,1174.9000244140625,0.8882700204849243,106480100.0,3200050000.0,0.17948792502225064,-0.0139091,0.7927272727,100.0,100.1531,100.5155,4.4,0.8066363727
2015-06-05,11197.150390625,2092.830078125,63.310001373291016,1167.800048828125,0.8922299742698669,91468900.0,3243690000.0,0.17948792502225064,-0.0139091,0.7927272727,100.0,100.1531,100.5155,4.4,0.8066363727
2015-06-08,11064.919921875,2079.280029296875,62.689998626708984,1173.199951171875,0.9002400040626526,98832900.0,2917150000.0,0.17948792502225064,-0.0139091,0.7927272727,100.0,100.1531,100.5155,4.4,0.8066363727
2015-06-09,11001.2900390625,2080.14990234375,64.87999725341797,1177.300048828125,0.8864499926567078,102708500.0,3034580000.0,0.17948792502225064,-0.0139091,0.7927272727,100.0,100.1531,100.5155,4.4,0.8066363727
2015-06-10,11265.3896484375,2105.199951171875,65.69999694824219,1186.0999755859375,0.8850299715995789,102696900.0,3414320000.0,0.17948792502225064,-0.0139091,0.7927272727,100.0,100.1531,100.5155,4.4,0.8066363727
2015-06-11,11332.7802734375,2108.860107421875,65.11000061035156,1179.9000244140625,0.8840199708938599,92249900.0,3128600000.0,0.17948792502225064,-0.0139091,0.7927272727,100.0,100.1531,100.5155,4.4,0.8066363727
2015-06-12,11196.490234375,2094.110107421875,63.869998931884766,1178.800048828125,0.8896300196647644,88895900.0,2719400000.0,0.17948792502225064,-0.0139091,0.7927272727,100.0,100.1531,100.5155,4.4,0.8066363727
2015-06-15,10984.9697265625,2084.429931640625,62.61000061035156,1185.300048828125,0.8912699818611145,80597400.0,3061570000.0,0.17948792502225064,-0.0139091,0.7927272727,100.0,100.1531,100.5155,4.4,0.8066363727
2015-06-16,11044.009765625,2096.2900390625,62.630001068115234,1180.5,0.8867599964141846,88926100.0,2919900000.0,0.17948792502225064,-0.0139091,0.7927272727,100.0,100.1531,100.5155,4.4,0.8066363727
2015-06-17,10978.009765625,2100.43994140625,63.869998931884766,1176.4000244140625,0.889519989490509,83259000.0,3222240000.0,0.17948792502225064,-0.0139091,0.7927272727,100.0,100.1531,100.5155,4.4,0.8066363727
2015-06-18,11100.2998046875,2121.239990234375,64.26000213623047,1201.5,0.8795099854469299,100028200.0,3520360000.0,0.17948792502225064,-0.0139091,0.7927272727,100.0,100.1531,100.5155,4.4,0.8066363727
2015-06-19,11040.099609375,2109.989990234375,63.02000045776367,1201.5,0.8794500231742859,212137500.0,4449810000.0,0.17948792502225064,-0.0139091,0.7927272727,100.0,100.1531,100.5155,4.4,0.8066363727
2015-06-22,11460.5,2122.85009765625,63.34000015258789,1183.699951171875,0.8792799711227417,119290900.0,3030020000.0,0.17948792502225064,-0.0139091,0.7927272727,100.0,100.1531,100.5155,4.4,0.8066363727
2015-06-23,11542.5400390625,2124.199951171875,64.44999694824219,1176.199951171875,0.8811299800872803,88926100.0,3091190000.0,0.17948792502225064,-0.0139091,0.7927272727,100.0,100.1531,100.5155,4.4,0.8066363727
2015-06-24,11471.259765625,2108.580078125,63.4900016784668,1172.5999755859375,0.8950799703598022,94706700.0,3102480000.0,0.22818856947360214,-0.0139091,0.7927272727,100.0,100.1531,100.5155,4.4,0.8066363727
2015-06-25,11473.1298828125,2102.31005859375,63.20000076293945,1171.5,0.892300009727478,75830400.0,3214610000.0,0.22321097032145137,-0.0139091,0.7927272727,100.0,100.1531,100.5155,4.4,0.8066363727
2015-06-26,11492.4296875,2101.489990234375,63.2599983215332,1172.9000244140625,0.8926200270652771,94560500.0,5025470000.0,0.22199244765879803,-0.0139091,0.7927272727,100.0,100.1531,100.5155,4.4,0.8066363727
2015-06-29,11083.2001953125,2057.639892578125,62.0099983215332,1178.5,0.9111599922180176,134211000.0,3678960000.0,0.2418850885559807,-0.0139091,0.7927272727,100.0,100.1531,100.5155,4.4,0.8066363727
2015-06-30,10944.9697265625,2063.110107421875,63.59000015258789,1171.5,0.8910300135612488,135591300.0,4078540000.0,0.24459681561982657,-0.0139091,0.7927272727,100.0,100.1531,100.5155,4.4,0.8066363727
2015-07-01,11180.5,2077.419921875,62.0099983215332,1169.0,0.8980699777603149,122763900.0,3727260000.0,0.25596762512605387,-0.0187391,0.71,100.0,100.5453,101.9652,4.3,0.7287391
2015-07-02,11099.349609375,2076.780029296875,62.06999969482422,1163.0,0.9063199758529663,77178000.0,2996540000.0,0.2550284275333707,-0.0187391,0.71,100.0,100.5453,101.9652,4.3,0.7287391
2015-07-03,11058.3896484375,2076.780029296875,62.06999969482422,1163.0,0.901960015296936,65584100.0,2996540000.0,0.25436530874916263,-0.0187391,0.71,100.0,100.5453,101.9652,4.3,0.7287391
2015-07-06,10890.6298828125,2068.760009765625,56.540000915527344,1172.9000244140625,0.909500002861023,101564300.0,3486360000.0,0.2559554369464153,-0.0187391,0.71,100.0,100.5453,101.9652,4.3,0.7287391
2015-07-07,10676.7802734375,2081.340087890625,56.849998474121094,1152.4000244140625,0.9050599932670593,107402600.0,4458660000.0,0.2614217349468077,-0.0187391,0.71,100.0,100.5453,101.9652,4.3,0.7287391
2015-07-08,10747.2998046875,2046.6800537109375,57.04999923706055,1163.300048828125,0.908270001411438,94415000.0,3608780000.0,0.2624340375714223,-0.0187391,0.71,100.0,100.5453,101.9652,4.3,0.7287391
2015-07-09,10996.41015625,2051.31005859375,58.61000061035156,1159.0,0.9032599925994873,83835900.0,3446810000.0,0.26145525281130866,-0.0187391,0.71,100.0,100.5453,101.9652,4.3,0.7287391
2015-07-10,11315.6298828125,2076.6201171875,58.72999954223633,1157.699951171875,0.9039099812507629,104804000.0,3065070000.0,0.28071425918960086,-0.0187391,0.71,100.0,100.5453,101.9652,4.3,0.7287391
2015-07-13,11484.3798828125,2099.60009765625,57.849998474121094,1155.199951171875,0.8985499739646912,91886300.0,3096730000.0,0.28159043042657445,-0.0187391,0.71,100.0,100.5453,101.9652,4.3,0.7287391
2015-07-14,11516.900390625,2108.949951171875,58.5099983215332,1153.300048828125,0.9098799824714661,67809700.0,3002120000.0,0.2717906765497227,-0.0187391,0.71,100.0,100.5453,101.9652,4.3,0.7287391
2015-07-15,11539.66015625,2107.39990234375,57.04999923706055,1147.199951171875,0.9084299802780151,66692300.0,3261810000.0,0.2715758869598417,-0.0187391,0.71,100.0,100.5453,101.9652,4.3,0.7287391
2015-07-16,11716.759765625,2124.2900390625,57.5099983215332,1143.800048828125,0.9137799739837646,86470600.0,3227080000.0,0.27349437096416696,-0.0187391,0.71,100.0,100.5453,101.9652,4.3,0.7287391
2015-07-17,11673.419921875,2126.639892578125,57.52000045776367,1131.800048828125,0.9186099767684937,69953700.0,3362750000.0,0.27292878047645047,-0.0187391,0.71,100.0,100.5453,101.9652,4.3,0.7287391
2015-07-20,11735.7197265625,2128.280029296875,56.650001525878906,1106.699951171875,0.9233400225639343,62910700.0,3245870000.0,0.27151438778929493,-0.0187391,0.71,100.0,100.5453,101.9652,4.3,0.7287391
2015-07-21,11604.7998046875,2119.2099609375,57.040000915527344,1103.4000244140625,0.9229000210762024,65376100.0,3343690000.0,0.24362049198195446,-0.0187391,0.71,100.0,100.5453,101.9652,4.3,0.7287391
2015-07-22,11520.669921875,2114.14990234375,56.130001068115234,1091.4000244140625,0.914080023765564,70077600.0,3694070000.0,0.2439264563964585,-0.0187391,0.71,100.0,100.5453,101.9652,4.3,0.7287391
2015-07-23,11512.1103515625,2102.14990234375,55.27000045776367,1094.0,0.9151600003242493,65094600.0,3772810000.0,0.24291109972040262,-0.0187391,0.71,100.0,100.5453,101.9652,4.3,0.7287391
2015-07-24,11347.4501953125,2079.64990234375,54.619998931884766,1085.5999755859375,0.9100000262260437,68500200.0,3870040000.0,0.2481129909983606,-0.0187391,0.71,100.0,100.5453,101.9652,4.3,0.7287391
2015-07-27,11056.400390625,2067.639892578125,53.470001220703125,1096.5,0.9113799929618835,88788400.0,3836750000.0,0.26283907902378106,-0.0187391,0.71,100.0,100.5453,101.9652,4.3,0.7287391
2015-07-28,11173.91015625,2093.25,53.29999923706055,1096.300048828125,0.9017099738121033,75649000.0,4117740000.0,0.2350323986632548,-0.0187391,0.71,100.0,100.5453,101.9652,4.3,0.7287391
2015-07-29,11211.849609375,2108.570068359375,53.380001068115234,1092.699951171875,0.9036700129508972,72184300.0,4038900000.0,0.2303857343727595,-0.0187391,0.71,100.0,100.5453,101.9652,4.3,0.7287391
2015-07-30,11257.150390625,2108.6298828125,53.310001373291016,1088.4000244140625,0.9104099869728088,96920800.0,3579410000.0,0.21866581661908563,-0.0187391,0.71,100.0,100.5453,101.9652,4.3,0.7287391
2015-07-31,11308.990234375,2103.840087890625,52.209999084472656,1094.9000244140625,0.914139986038208,85130600.0,3681340000.0,0.2172773877978402,-0.0187391,0.71,100.0,100.5453,101.9652,4.3,0.7287391
2015-08-03,11443.7197265625,2098.0400390625,49.52000045776367,1089.4000244140625,0.9116600155830383,80392800.0,3476770000.0,0.21976022988773472,-0.0276667,0.6085714286,100.0,100.8415,99.45232,4.3,0.6362381286000001
2015-08-04,11456.0703125,2093.320068359375,49.9900016784668,1090.699951171875,0.9127399921417236,68762800.0,3546710000.0,0.21105747895273924,-0.0276667,0.6085714286,100.0,100.8415,99.45232,4.3,0.6362381286000001
2015-08-05,11636.2998046875,2099.840087890625,49.59000015258789,1085.699951171875,0.9183599948883057,76082500.0,3968680000.0,0.1995723615558173,-0.0276667,0.6085714286,100.0,100.8415,99.45232,4.3,0.6362381286000001
2015-08-06,11585.099609375,2083.56005859375,49.52000045776367,1090.199951171875,0.917169988155365,69557600.0,4246570000.0,0.20152016855983237,-0.0276667,0.6085714286,100.0,100.8415,99.45232,4.3,0.6362381286000001
2015-08-07,11490.830078125,2077.570068359375,48.61000061035156,1094.0999755859375,0.9151600003242493,62073800.0,3602320000.0,0.19228401955268612,-0.0276667,0.6085714286,100.0,100.8415,99.45232,4.3,0.6362381286000001
2015-08-10,11604.7802734375,2104.179931640625,50.40999984741211,1104.199951171875,0.9119899868965149,61246000.0,3514460000.0,0.16857722525068097,-0.0276667,0.6085714286,100.0,100.8415,99.45232,4.3,0.6362381286000001
2015-08-11,11293.650390625,2084.070068359375,49.18000030517578,1107.5999755859375,0.9076899886131287,87068000.0,3708880000.0,0.18694711111509668,-0.0276667,0.6085714286,100.0,100.8415,99.45232,4.3,0.6362381286000001
2015-08-12,10924.6103515625,2086.050048828125,49.65999984741211,1123.199951171875,0.9056299924850464,120520400.0,4269130000.0,0.2165450636509825,-0.0276667,0.6085714286,100.0,100.8415,99.45232,4.3,0.6362381286000001
2015-08-13,11014.6298828125,2083.389892578125,49.220001220703125,1115.699951171875,0.8959800004959106,88821100.0,3221300000.0,0.2192185717755351,-0.0276667,0.6085714286,100.0,100.8415,99.45232,4.3,0.6362381286000001
2015-08-14,10985.1396484375,2091.5400390625,49.029998779296875,1112.9000244140625,0.8959800004959106,69223800.0,2795590000.0,0.20980954781724387,-0.0276667,0.6085714286,100.0,100.8415,99.45232,4.3,0.6362381286000001
2015-08-17,10940.330078125,2102.43994140625,49.029998779296875,1118.5999755859375,0.9014700055122375,71128300.0,2867690000.0,0.20983005653660217,-0.0276667,0.6085714286,100.0,100.8415,99.45232,4.3,0.6362381286000001
2015-08-18,10915.919921875,2096.919921875,48.810001373291016,1117.0999755859375,0.9026899933815002,60549700.0,2949990000.0,0.2076681093060915,-0.0276667,0.6085714286,100.0,100.8415,99.45232,4.3,0.6362381286000001
2015-08-19,10682.150390625,2079.610107421875,47.15999984741211,1128.0999755859375,0.9065499901771545,82082100.0,3512920000.0,0.21541756635488687,-0.0276667,0.6085714286,100.0,100.8415,99.45232,4.3,0.6362381286000001
2015-08-20,10432.1904296875,2035.72998046875,46.619998931884766,1153.0,0.8994399905204773,110742000.0,3922470000.0,0.22565195467788937,-0.0276667,0.6085714286,100.0,100.8415,99.45232,4.3,0.6362381286000001
2015-08-21,10124.51953125,1970.8900146484375,45.459999084472656,1159.5999755859375,0.8899199962615967,157939600.0,5018240000.0,0.2408941794530895,-0.0276667,0.6085714286,100.0,100.8415,99.45232,4.3,0.6362381286000001
2015-08-24,9648.4296875,1893.2099609375,42.689998626708984,1153.4000244140625,0.8789700269699097,294378200.0,6612690000.0,0.27880949153732165,-0.0276667,0.6085714286,100.0,100.8415,99.45232,4.3,0.6362381286000001
2015-08-25,10128.1201171875,1867.6099853515625,43.209999084472656,1138.199951171875,0.8633300065994263,213162900.0,5183560000.0,0.3339330076312879,-0.0276667,0.6085714286,100.0,100.8415,99.45232,4.3,0.6362381286000001
2015-08-26,9997.4296875,1940.510009765625,43.13999938964844,1124.5999755859375,0.8657299876213074,139035100.0,5338250000.0,0.3309195978167647,-0.0276667,0.6085714286,100.0,100.8415,99.45232,4.3,0.6362381286000001
2015-08-27,10315.6201171875,1987.6600341796875,47.560001373291016,1122.4000244140625,0.8818299770355225,108343500.0,5006390000.0,0.3539466200097174,-0.0276667,0.6085714286,100.0,100.8415,99.45232,4.3,0.6362381286000001
2015-08-28,10298.5302734375,1988.8699951171875,50.04999923706055,1133.0999755859375,0.8890500068664551,78726500.0,3949080000.0,0.3529209094591219,-0.0276667,0.6085714286,100.0,100.8415,99.45232,4.3,0.6362381286000001
2015-08-31,10259.4599609375,1972.1800537109375,54.150001525878906,1131.5999755859375,0.8917400240898132,78175000.0,3915100000.0,0.3515390005992878,-0.0276667,0.6085714286,100.0,100.8415,99.45232,4.3,0.6362381286000001
2015-09-01,10015.5703125,1913.8499755859375,49.560001373291016,1138.699951171875,0.8907999992370605,119366700.0,4371850000.0,0.3524150831136163,-0.0370455,0.6540909091,100.0,100.7491,99.64562,4.3,0.6911364091
2015-09-02,10048.0498046875,1948.8599853515625,50.5,1132.5,0.8854699730873108,92312300.0,3742620000.0,0.35304906025042954,-0.0370455,0.6540909091,100.0,100.7491,99.64562,4.3,0.6911364091
2015-09-03,10317.83984375,1951.1300048828125,50.68000030517578,1123.699951171875,0.8915799856185913,118778000.0,3520700000.0,0.36361079322699785,-0.0370455,0.6540909091,100.0,100.7491,99.64562,4.3,0.6911364091
2015-09-04,10038.0400390625,1921.219970703125,49.61000061035156,1120.5999755859375,0.8988000154495239,137385500.0,3167090000.0,0.37121268317707573,-0.0370455,0.6540909091,100.0,100.7491,99.64562,4.3,0.6911364091
2015-09-07,10108.6103515625,1921.219970703125,49.61000061035156,1120.5999755859375,0.8967000246047974,56074300.0,3167090000.0,0.37409890492574727,-0.0370455,0.6540909091,100.0,100.7491,99.64562,4.3,0.6911364091
2015-09-08,10271.3603515625,1969.4100341796875,49.52000045776367,1120.4000244140625,0.8957399725914001,99156000.0,3548650000.0,0.37796960432022364,-0.0370455,0.6540909091,100.0,100.7491,99.64562,4.3,0.6911364091
2015-09-09,10303.1201171875,1942.0400390625,47.58000183105469,1102.199951171875,0.892270028591156,99939900.0,3652120000.0,0.3708801127606305,-0.0370455,0.6540909091,100.0,100.7491,99.64562,4.3,0.6911364091
2015-09-10,10210.4404296875,1952.2900390625,48.88999938964844,1109.5,0.8912100195884705,104453600.0,3626320000.0,0.35669188908198485,-0.0370455,0.6540909091,100.0,100.7491,99.64562,4.3,0.6911364091
2015-09-11,10123.5595703125,1961.050048828125,48.13999938964844,1103.5,0.885670006275177,83247500.0,3218590000.0,0.35477061259645304,-0.0370455,0.6540909091,100.0,100.7491,99.64562,4.3,0.6911364091
2015-09-14,10131.740234375,1953.030029296875,46.369998931884766,1107.699951171875,0.8815199732780457,77501900.0,3000200000.0,0.3551113860729774,-0.0370455,0.6540909091,100.0,100.7491,99.64562,4.3,0.6911364091
2015-09-15,10188.1298828125,1978.0899658203125,46.630001068115234,1102.800048828125,0.8843600153923035,141958400.0,3239860000.0,0.3565183358761477,-0.0370455,0.6540909091,100.0,100.7491,99.64562,4.3,0.6911364091
2015-09-16,10227.2099609375,1995.31005859375,46.61000061035156,1119.199951171875,0.8871700167655945,122166400.0,3630680000.0,0.35733315228415824,-0.0370455,0.6540909091,100.0,100.7491,99.64562,4.3,0.6911364091
2015-09-17,10229.580078125,1990.199951171875,49.08000183105469,1117.300048828125,0.8855800032615662,120023700.0,4183790000.0,0.35097968073836494,-0.0370455,0.6540909091,100.0,100.7491,99.64562,4.3,0.6911364091
2015-09-18,9916.16015625,1958.030029296875,47.470001220703125,1138.0999755859375,0.8771200180053711,284561600.0,6021240000.0,0.3574224887181325,-0.0370455,0.6540909091,100.0,100.7491,99.64562,4.3,0.6911364091
2015-09-21,9948.509765625,1966.969970703125,48.91999816894531,1133.0999755859375,0.8855800032615662,117875400.0,3269350000.0,0.3436191227843688,-0.0370455,0.6540909091,100.0,100.7491,99.64562,4.3,0.6911364091
2015-09-22,9570.66015625,1942.739990234375,49.08000183105469,1125.0,0.8935800194740295,154642400.0,3808260000.0,0.3293615417648479,-0.0370455,0.6540909091,100.0,100.7491,99.64562,4.3,0.6911364091
2015-09-23,9612.6201171875,1938.760009765625,47.75,1131.5999755859375,0.8992199897766113,116043300.0,3190530000.0,0.2759290718079018,-0.0370455,0.6540909091,100.0,100.7491,99.64562,4.3,0.6911364091
2015-09-24,9427.6396484375,1932.239990234375,48.16999816894531,1153.800048828125,0.8936600089073181,156737900.0,4091530000.0,0.2798336515148058,-0.0370455,0.6540909091,100.0,100.7491,99.64562,4.3,0.6911364091
2015-09-25,9688.5302734375,1931.3399658203125,48.599998474121094,1146.0,0.894540011882782,124073000.0,3721870000.0,0.2736886750993548,-0.0370455,0.6540909091,100.0,100.7491,99.64562,4.3,0.6911364091
2015-09-28,9483.5498046875,1881.77001953125,47.34000015258789,1132.0,0.8927199840545654,106339000.0,4326660000.0,0.28086893575690236,-0.0370455,0.6540909091,100.0,100.7491,99.64562,4.3,0.6911364091
2015-09-29,9450.400390625,1884.0899658203125,48.22999954223633,1127.0999755859375,0.8903899788856506,116110100.0,4132390000.0,0.28087049423656407,-0.0370455,0.6540909091,100.0,100.7491,99.64562,4.3,0.6911364091
2015-09-30,9660.4404296875,1920.030029296875,48.369998931884766,1115.5,0.8884199857711792,113184200.0,4525070000.0,0.2847345342946665,-0.0370455,0.6540909091,100.0,100.7491,99.64562,4.3,0.6911364091
2015-10-01,9509.25,1923.8199462890625,47.689998626708984,1114.199951171875,0.8950899839401245,115443600.0,3983600000.0,0.28821663243549367,-0.0535909,0.5181818182,100.0,100.8245,100.5155,4.2,0.5717727182
2015-10-02,9553.0703125,1951.3599853515625,48.130001068115234,1137.0999755859375,0.8933799862861633,126685600.0,4378570000.0,0.2693980254125618,-0.0535909,0.5181818182,100.0,100.8245,100.5155,4.2,0.5717727182
2015-10-05,9814.7900390625,1987.050048828125,49.25,1138.0999755859375,0.8907099962234497,121330200.0,4334490000.0,0.2753586218141542,-0.0535909,0.5181818182,100.0,100.8245,100.5155,4.2,0.5717727182
2015-10-06,9902.830078125,1979.9200439453125,51.91999816894531,1146.800048828125,0.8932399749755859,99017000.0,4202400000.0,0.2761457742878483,-0.0535909,0.5181818182,100.0,100.8245,100.5155,4.2,0.5717727182
2015-10-07,9970.400390625,1995.8299560546875,51.33000183105469,1149.0,0.887470006942749,118894100.0,4666470000.0,0.27079583301642096,-0.0535909,0.5181818182,100.0,100.8245,100.5155,4.2,0.5717727182
2015-10-08,9993.0703125,2013.4300537109375,53.04999923706055,1144.699951171875,0.889680027961731,103509100.0,3939140000.0,0.2706443091423065,-0.0535909,0.5181818182,100.0,100.8245,100.5155,4.2,0.5717727182
2015-10-09,10096.599609375,2014.8900146484375,52.650001525878906,1156.300048828125,0.8859800100326538,105247200.0,3706900000.0,0.272025246308227,-0.0535909,0.5181818182,100.0,100.8245,100.5155,4.2,0.5717727182
2015-10-12,10119.830078125,2017.4599609375,49.86000061035156,1164.9000244140625,0.8795099854469299,105142500.0,2893250000.0,0.27053491725164835,-0.0535909,0.5181818182,100.0,100.8245,100.5155,4.2,0.5717727182
2015-10-13,10032.8203125,2003.68994140625,49.2400016784668,1165.800048828125,0.8806300163269043,102166100.0,3401920000.0,0.27219129723197594,-0.0535909,0.5181818182,100.0,100.8245,100.5155,4.2,0.5717727182
2015-10-14,9915.849609375,1994.239990234375,49.150001525878906,1180.0999755859375,0.878350019454956,98815500.0,3644590000.0,0.2740270832725908,-0.0535909,0.5181818182,100.0,100.8245,100.5155,4.2,0.5717727182
2015-10-15,10064.7998046875,2023.8599853515625,48.709999084472656,1187.9000244140625,0.8714200258255005,91564800.0,3746290000.0,0.2792788259334757,-0.0535909,0.5181818182,100.0,100.8245,100.5155,4.2,0.5717727182
2015-10-16,10104.4296875,2033.1099853515625,48.72999954223633,1183.5999755859375,0.8796499967575073,100189500.0,3595430000.0,0.27971488996142485,-0.0535909,0.5181818182,100.0,100.8245,100.5155,4.2,0.5717727182
2015-10-19,10164.3095703125,2033.6600341796875,48.61000061035156,1173.300048828125,0.8802000284194946,68180300.0,3287320000.0,0.2577903475930931,-0.0535909,0.5181818182,100.0,100.8245,100.5155,4.2,0.5717727182
2015-10-20,10147.6796875,2030.77001953125,48.709999084472656,1178.0,0.8826900124549866,67235200.0,3331500000.0,0.25787988180822974,-0.0535909,0.5181818182,100.0,100.8245,100.5155,4.2,0.5717727182
2015-10-21,10238.099609375,2018.93994140625,47.849998474121094,1167.5999755859375,0.8807500004768372,72187000.0,3627790000.0,0.21620000790339156,-0.0535909,0.5181818182,100.0,100.8245,100.5155,4.2,0.5717727182
2015-10-22,10491.9697265625,2052.510009765625,48.08000183105469,1166.5999755859375,0.8812100291252136,110836700.0,4430850000.0,0.22868841757515038,-0.0535909,0.5181818182,100.0,100.8245,100.5155,4.2,0.5717727182
2015-10-23,10794.5400390625,2075.14990234375,47.9900016784668,1163.300048828125,0.9024500250816345,120121400.0,4108460000.0,0.2270324258099889,-0.0535909,0.5181818182,100.0,100.8245,100.5155,4.2,0.5717727182
2015-10-26,10801.33984375,2071.179931640625,47.540000915527344,1167.0,0.9074100255966187,75352100.0,3385800000.0,0.21432430679395423,-0.0535909,0.5181818182,100.0,100.8245,100.5155,4.2,0.5717727182
2015-10-27,10692.1904296875,2065.889892578125,46.810001373291016,1166.800048828125,0.9036700129508972,83819800.0,4216880000.0,0.2000962361012531,-0.0535909,0.5181818182,100.0,100.8245,100.5155,4.2,0.5717727182
2015-10-28,10831.9599609375,2090.35009765625,49.04999923706055,1177.0999755859375,0.9060400128364563,79923400.0,4698110000.0,0.198620127067131,-0.0535909,0.5181818182,100.0,100.8245,100.5155,4.2,0.5717727182
2015-10-29,10800.83984375,2089.409912109375,48.79999923706055,1147.199951171875,0.9150000214576721,126302200.0,4008940000.0,0.1926695462040682,-0.0535909,0.5181818182,100.0,100.8245,100.5155,4.2,0.5717727182
2015-10-30,10850.1396484375,2079.360107421875,49.560001373291016,1141.5,0.909600019454956,92030900.0,4256200000.0,0.17692708727698975,-0.0535909,0.5181818182,100.0,100.8245,100.5155,4.2,0.5717727182
2015-11-02,10950.669921875,2104.050048828125,48.790000915527344,1135.800048828125,0.9069499969482422,95950600.0,3760020000.0,0.17708155838314055,-0.087619,0.5161904762,100.0,99.91132,99.25902,4.2,0.6038094762
2015-11-03,10951.150390625,2109.7900390625,50.540000915527344,1114.199951171875,0.9077699780464172,84574500.0,4272060000.0,0.16120971292301414,-0.087619,0.5161904762,100.0,99.91132,99.25902,4.2,0.6038094762
2015-11-04,10845.240234375,2102.31005859375,48.58000183105469,1106.5,0.9120799899101257,99251200.0,4078870000.0,0.16859620888644802,-0.087619,0.5161904762,100.0,99.91132,99.25902,4.2,0.6038094762
2015-11-05,10887.740234375,2099.929931640625,47.97999954223633,1104.4000244140625,0.9201300144195557,94791800.0,4051890000.0,0.16836841314875617,-0.087619,0.5161904762,100.0,99.91132,99.25902,4.2,0.6038094762
2015-11-06,10988.0302734375,2099.199951171875,47.41999816894531,1087.5999755859375,0.9187800288200378,92252100.0,4369020000.0,0.16905446974800012,-0.087619,0.5161904762,100.0,99.91132,99.25902,4.2,0.6038094762
2015-11-09,10815.4501953125,2078.580078125,47.189998626708984,1087.9000244140625,0.9316700100898743,75764100.0,3882350000.0,0.18148937140248583,-0.087619,0.5161904762,100.0,99.91132,99.25902,4.2,0.6038094762
2015-11-10,10832.51953125,2081.719970703125,47.439998626708984,1088.199951171875,0.9294099807739258,80064500.0,3821440000.0,0.18155886673005064,-0.087619,0.5161904762,100.0,99.91132,99.25902,4.2,0.6038094762
2015-11-11,10907.8701171875,2075.0,45.810001373291016,1084.699951171875,0.9313099980354309,82513200.0,3692410000.0,0.17663553585417333,-0.087619,0.5161904762,100.0,99.91132,99.25902,4.2,0.6038094762
2015-11-12,10782.6298828125,2045.969970703125,44.060001373291016,1080.800048828125,0.9291099905967712,97216300.0,4016370000.0,0.17643798428228202,-0.087619,0.5161904762,100.0,99.91132,99.25902,4.2,0.6038094762
2015-11-13,10708.400390625,2023.0400390625,43.61000061035156,1080.800048828125,0.9246399998664856,85245700.0,4278750000.0,0.17560191123767782,-0.087619,0.5161904762,100.0,99.91132,99.25902,4.2,0.6038094762
2015-11-16,10713.23046875,2053.18994140625,43.58000183105469,1083.699951171875,0.9345800280570984,65211900.0,3741240000.0,0.17578608423205258,-0.087619,0.5161904762,100.0,99.91132,99.25902,4.2,0.6038094762
2015-11-17,10971.0400390625,2050.43994140625,43.56999969482422,1068.699951171875,0.9356300234794617,76119400.0,4427350000.0,0.19040967109387466,-0.087619,0.5161904762,100.0,99.91132,99.25902,4.2,0.6038094762
2015-11-18,10959.9501953125,2083.580078125,44.13999938964844,1068.800048828125,0.9395099878311157,63453500.0,3926390000.0,0.19020060711418355,-0.087619,0.5161904762,100.0,99.91132,99.25902,4.2,0.6038094762
2015-11-19,11085.4404296875,2081.239990234375,44.18000030517578,1078.0,0.9372100234031677,77557200.0,3628110000.0,0.19127062418088592,-0.087619,0.5161904762,100.0,99.91132,99.25902,4.2,0.6038094762
2015-11-20,11119.830078125,2089.169921875,44.65999984741211,1076.4000244140625,0.9322999715805054,78613900.0,3929600000.0,0.1754635369589866,-0.087619,0.5161904762,100.0,99.91132,99.25902,4.2,0.6038094762
2015-11-23,11092.3095703125,2086.590087890625,44.83000183105469,1066.800048828125,0.9397600293159485,61688400.0,3587980000.0,0.14842541517590496,-0.087619,0.5161904762,100.0,99.91132,99.25902,4.2,0.6038094762
2015-11-24,10933.990234375,2089.139892578125,46.119998931884766,1074.300048828125,0.9396700263023376,86968600.0,3884930000.0,0.15799113161944903,-0.087619,0.5161904762,100.0,99.91132,99.25902,4.2,0.6038094762
2015-11-25,11169.5400390625,2088.8701171875,46.16999816894531,1070.5,0.9395099878311157,86833400.0,2852940000.0,0.16858227583290958,-0.087619,0.5161904762,100.0,99.91132,99.25902,4.2,0.6038094762
2015-11-26,11320.76953125,2088.8701171875,46.16999816894531,1070.5,0.9411799907684326,88740700.0,2852940000.0,0.16897161009006229,-0.087619,0.5161904762,100.0,99.91132,99.25902,4.2,0.6038094762
2015-11-27,11293.759765625,2090.110107421875,44.86000061035156,1056.199951171875,0.9430000185966492,63973400.0,1466840000.0,0.1687972049859946,-0.087619,0.5161904762,100.0,99.91132,99.25902,4.2,0.6038094762
2015-11-30,11382.23046875,2080.409912109375,44.61000061035156,1065.800048828125,0.9449099898338318,95920300.0,4275030000.0,0.16975600403613733,-0.087619,0.5161904762,100.0,99.91132,99.25902,4.2,0.6038094762
2015-12-01,11261.240234375,2102.6298828125,44.439998626708984,1063.800048828125,0.9458100199699402,111657500.0,3712120000.0,0.17347371647500592,-0.1263182,0.5455,100.0,100.2697,99.74227,4.2,0.6718181999999999
2015-12-02,11190.01953125,2079.510009765625,42.4900016784668,1054.199951171875,0.941100001335144,87503200.0,3950640000.0,0.1754870351802271,-0.1263182,0.5455,100.0,100.2697,99.74227,4.2,0.6718181999999999
2015-12-03,10789.240234375,2049.6201171875,43.84000015258789,1061.699951171875,0.9422399997711182,159632000.0,4306490000.0,0.2146753345287686,-0.1263182,0.5455,100.0,100.2697,99.74227,4.2,0.6718181999999999
2015-12-04,10752.099609375,2091.68994140625,43.0,1084.5,0.9160900115966797,111673700.0,4214910000.0,0.21442787093689755,-0.1263182,0.5455,100.0,100.2697,99.74227,4.2,0.6718181999999999
2015-12-07,10886.08984375,2077.070068359375,40.72999954223633,1076.4000244140625,0.9187800288200378,72014100.0,4043820000.0,0.21656951145938041,-0.1263182,0.5455,100.0,100.2697,99.74227,4.2,0.6718181999999999
2015-12-08,10673.599609375,2063.590087890625,40.2599983215332,1076.300048828125,0.9230200052261353,91022500.0,4173570000.0,0.22034523057529817,-0.1263182,0.5455,100.0,100.2697,99.74227,4.2,0.6718181999999999
2015-12-09,10592.490234375,2047.6199951171875,40.11000061035156,1077.5999755859375,0.9179400205612183,88869000.0,4385250000.0,0.22152577689493905,-0.1263182,0.5455,100.0,100.2697,99.74227,4.2,0.6718181999999999
2015-12-10,10598.9296875,2052.22998046875,39.72999954223633,1073.0999755859375,0.9076099991798401,77722100.0,3715150000.0,0.21974710468420852,-0.1263182,0.5455,100.0,100.2697,99.74227,4.2,0.6718181999999999
2015-12-11,10340.0595703125,2012.3699951171875,37.93000030517578,1076.9000244140625,0.9133999943733215,105118400.0,4301060000.0,0.23157637768311862,-0.1263182,0.5455,100.0,100.2697,99.74227,4.2,0.6718181999999999
2015-12-14,10139.33984375,2021.93994140625,37.91999816894531,1064.699951171875,0.9104200005531311,97320100.0,4612440000.0,0.2389288090194147,-0.1263182,0.5455,100.0,100.2697,99.74227,4.2,0.6718181999999999
2015-12-15,10450.3798828125,2043.4100341796875,38.45000076293945,1062.9000244140625,0.9096699953079224,101824100.0,4353540000.0,0.26512060252886804,-0.1263182,0.5455,100.0,100.2697,99.74227,4.2,0.6718181999999999
2015-12-16,10469.259765625,2073.070068359375,37.189998626708984,1078.0,0.9143900275230408,84332300.0,4635450000.0,0.2492942274130153,-0.1263182,0.5455,100.0,100.2697,99.74227,4.2,0.6718181999999999
2015-12-17,10738.1201171875,2041.8900146484375,37.18000030517578,1050.800048828125,0.9195799827575684,115513300.0,4327390000.0,0.26727462025370824,-0.1263182,0.5455,100.0,100.2697,99.74227,4.2,0.6718181999999999
2015-12-18,10608.1904296875,2005.550048828125,36.880001068115234,1066.199951171875,0.9221600294113159,197070900.0,6683070000.0,0.26607987235046143,-0.1263182,0.5455,100.0,100.2697,99.74227,4.2,0.6718181999999999
2015-12-21,10497.76953125,2021.1500244140625,36.349998474121094,1081.9000244140625,0.9199699759483337,79428900.0,3760280000.0,0.26695641548644855,-0.1263182,0.5455,100.0,100.2697,99.74227,4.2,0.6718181999999999
2015-12-22,10488.75,2038.969970703125,36.11000061035156,1074.800048828125,0.9163399934768677,61732200.0,3520860000.0,0.26702483654489484,-0.1263182,0.5455,100.0,100.2697,99.74227,4.2,0.6718181999999999
2015-12-23,10727.6396484375,2064.2900390625,37.36000061035156,1069.4000244140625,0.9132400155067444,71407200.0,3484090000.0,0.2771393502518599,-0.1263182,0.5455,100.0,100.2697,99.74227,4.2,0.6718181999999999
2015-12-24,10727.6396484375,2060.989990234375,37.88999938964844,1077.199951171875,0.9166600108146667,71407200.0,1411860000.0,0.2771393502518599,-0.1263182,0.5455,100.0,100.2697,99.74227,4.2,0.6718181999999999
2015-12-25,10727.6396484375,2060.989990234375,37.88999938964844,1077.199951171875,0.9115800261497498,71407200.0,1411860000.0,0.2771393502518599,-0.1263182,0.5455,100.0,100.2697,99.74227,4.2,0.6718181999999999
2015-12-28,10653.91015625,2056.5,36.619998931884766,1070.5,0.9119099974632263,35335900.0,2492510000.0,0.2771393502518599,-0.1263182,0.5455,100.0,100.2697,99.74227,4.2,0.6718181999999999
2015-12-29,10860.1396484375,2078.360107421875,37.790000915527344,1077.5,0.9111400246620178,53347400.0,2542000000.0,0.2771393502518599,-0.1263182,0.5455,100.0,100.2697,99.74227,4.2,0.6718181999999999
2015-12-30,10743.009765625,2063.360107421875,36.459999084472656,1060.0999755859375,0.9150800108909607,35240300.0,2367430000.0,0.2771393502518599,-0.1263182,0.5455,100.0,100.2697,99.74227,4.2,0.6718181999999999
2015-12-31,10743.009765625,2043.93994140625,37.279998779296875,1060.300048828125,0.9145799875259399,35240300.0,2655330000.0,0.2771393502518599,-0.1263182,0.5455,100.0,100.2697,99.74227,4.2,0.6718181999999999
2016-01-01,10743.009765625,2043.93994140625,37.279998779296875,1060.300048828125,0.9208899736404419,35240300.0,2655330000.0,0.2771393502518599,-0.14615,0.4305,100.4917,99.66638,101.2887,4.1,0.57665
2016-01-04,10283.4404296875,2012.6600341796875,37.220001220703125,1075.0999755859375,0.9213200211524963,119844300.0,4304880000.0,0.2771393502518599,-0.14615,0.4305,100.4917,99.66638,101.2887,4.1,0.57665
2016-01-05,10310.099609375,2016.7099609375,36.41999816894531,1078.4000244140625,0.9235699772834778,84894800.0,3706620000.0,0.2771393502518599,-0.14615,0.4305,100.4917,99.66638,101.2887,4.1,0.57665
2016-01-06,10214.01953125,1990.260009765625,34.22999954223633,1091.9000244140625,0.9300600290298462,90465700.0,4336660000.0,0.2771393502518599,-0.14615,0.4305,100.4917,99.66638,101.2887,4.1,0.57665
2016-01-07,9979.849609375,1943.0899658203125,33.75,1107.699951171875,0.9277300238609314,128029000.0,5076590000.0,0.2771393502518599,-0.14615,0.4305,100.4917,99.66638,101.2887,4.1,0.57665
2016-01-08,9849.33984375,1922.030029296875,33.54999923706055,1097.800048828125,0.9152500033378601,98631100.0,4664940000.0,0.2771393502518599,-0.14615,0.4305,100.4917,99.66638,101.2887,4.1,0.57665
2016-01-11,9825.0703125,1923.6700439453125,31.549999237060547,1096.5,0.9139900207519531,92547600.0,4607290000.0,0.2771393502518599,-0.14615,0.4305,100.4917,99.66638,101.2887,4.1,0.57665
2016-01-12,9985.4296875,1938.6800537109375,30.860000610351562,1085.5999755859375,0.9209799766540527,99681300.0,4887260000.0,0.2771393502518599,-0.14615,0.4305,100.4917,99.66638,101.2887,4.1,0.57665
2016-01-13,9960.9599609375,1890.280029296875,30.309999465942383,1087.5,0.9221699833869934,93643400.0,5087030000.0,0.2771393502518599,-0.14615,0.4305,100.4917,99.66638,101.2887,4.1,0.57665
2016-01-14,9794.2001953125,1921.8399658203125,31.030000686645508,1073.9000244140625,0.9186099767684937,137020800.0,5241110000.0,0.2771393502518599,-0.14615,0.4305,100.4917,99.66638,101.2887,4.1,0.57665
2016-01-15,9545.26953125,1880.3299560546875,31.010000228881836,1091.5,0.9208999872207642,142005800.0,5468460000.0,0.2771393502518599,-0.14615,0.4305,100.4917,99.66638,101.2887,4.1,0.57665
2016-01-18,9521.849609375,1880.3299560546875,31.010000228881836,1091.5,0.9157500267028809,91275200.0,5468460000.0,0.2771393502518599,-0.14615,0.4305,100.4917,99.66638,101.2887,4.1,0.57665
2016-01-19,9664.2099609375,1881.3299560546875,28.760000228881836,1089.9000244140625,0.9178500175476074,102829600.0,4928350000.0,0.2771393502518599,-0.14615,0.4305,100.4917,99.66638,101.2887,4.1,0.57665
2016-01-20,9391.6396484375,1859.3299560546875,27.8799991607666,1107.0999755859375,0.9163399934768677,138206200.0,6416070000.0,0.2771393502518599,-0.14615,0.4305,100.4917,99.66638,101.2887,4.1,0.57665
2016-01-21,9574.16015625,1868.989990234375,29.25,1099.0999755859375,0.9193699955940247,147730300.0,5078810000.0,0.2771393502518599,-0.14615,0.4305,100.4917,99.66638,101.2887,4.1,0.57665
2016-01-22,9764.8798828125,1906.9000244140625,32.18000030517578,1097.199951171875,0.9206399917602539,127518300.0,4901760000.0,0.2771393502518599,-0.14615,0.4305,100.4917,99.66638,101.2887,4.1,0.57665
2016-01-25,9736.150390625,1877.0799560546875,30.5,1106.199951171875,0.926010012626648,94406900.0,4401380000.0,0.2771393502518599,-0.14615,0.4305,100.4917,99.66638,101.2887,4.1,0.57665
2016-01-26,9822.75,1903.6300048828125,31.799999237060547,1121.699951171875,0.9214000105857849,113632600.0,4357940000.0,0.2771393502518599,-0.14615,0.4305,100.4917,99.66638,101.2887,4.1,0.57665
2016-01-27,9880.8203125,1882.949951171875,33.099998474121094,1116.0999755859375,0.9203900098800659,91926100.0,4754040000.0,0.2771393502518599,-0.14615,0.4305,100.4917,99.66638,101.2887,4.1,0.57665
2016-01-28,9639.58984375,1893.3599853515625,33.88999938964844,1115.5999755859375,0.9167600274085999,117743700.0,4693010000.0,0.2771393502518599,-0.14615,0.4305,100.4917,99.66638,101.2887,4.1,0.57665
2016-01-29,9798.1103515625,1940.239990234375,34.7400016784668,1116.4000244140625,0.914330005645752,117174600.0,5497570000.0,0.2771393502518599,-0.14615,0.4305,100.4917,99.66638,101.2887,4.1,0.57665
2016-02-01,9757.8798828125,1939.3800048828125,34.689998626708984,1127.9000244140625,0.9237099885940552,92729400.0,4322530000.0,0.2771393502518599,-0.1835714,0.1728571429,100.4917,100.0764,101.0954,4.1,0.35642854290000003
2016-02-02,9581.0400390625,1903.030029296875,32.720001220703125,1127.300048828125,0.9176599979400635,107857900.0,4463190000.0,0.24866960312774458,-0.1835714,0.1728571429,100.4917,100.0764,101.0954,4.1,0.35642854290000003
2016-02-03,9434.8203125,1912.530029296875,35.040000915527344,1141.300048828125,0.9155799746513367,125091400.0,5172950000.0,0.25106742217244565,-0.1835714,0.1728571429,100.4917,100.0764,101.0954,4.1,0.35642854290000003
2016-02-04,9393.3603515625,1915.449951171875,34.459999084472656,1157.5999755859375,0.9016299843788147,133766200.0,5193320000.0,0.2503551858952423,-0.1835714,0.1728571429,100.4917,100.0764,101.0954,4.1,0.35642854290000003
2016-02-05,9286.23046875,1880.050048828125,34.060001373291016,1157.800048828125,0.8928599953651428,134856000.0,4929940000.0,0.24235389054812737,-0.1835714,0.1728571429,100.4917,100.0764,101.0954,4.1,0.35642854290000003
2016-02-08,8979.3603515625,1853.43994140625,32.880001068115234,1197.9000244140625,0.8972600102424622,154467600.0,5636460000.0,0.2615982729893342,-0.1835714,0.1728571429,100.4917,100.0764,101.0954,4.1,0.35642854290000003
2016-02-09,8879.400390625,1852.2099609375,30.31999969482422,1198.699951171875,0.8936700224876404,159802700.0,5183220000.0,0.2625683446490893,-0.1835714,0.1728571429,100.4917,100.0764,101.0954,4.1,0.35642854290000003
2016-02-10,9017.2900390625,1851.8599853515625,30.84000015258789,1194.699951171875,0.8857399821281433,136822300.0,4471170000.0,0.2617831686006682,-0.1835714,0.1728571429,100.4917,100.0764,101.0954,4.1,0.35642854290000003
2016-02-11,8752.8701171875,1829.0799560546875,30.059999465942383,1247.9000244140625,0.8864499926567078,153636300.0,5500800000.0,0.2750696026849214,-0.1835714,0.1728571429,100.4917,100.0764,101.0954,4.1,0.35642854290000003
2016-02-12,8967.509765625,1864.780029296875,33.36000061035156,1239.0999755859375,0.8835499882698059,160471700.0,4696920000.0,0.29141041326696127,-0.1835714,0.1728571429,100.4917,100.0764,101.0954,4.1,0.35642854290000003
2016-02-15,9206.83984375,1864.780029296875,33.36000061035156,1239.0999755859375,0.8907899856567383,127182100.0,4696920000.0,0.2990266505697637,-0.1835714,0.1728571429,100.4917,100.0764,101.0954,4.1,0.35642854290000003
2016-02-16,9135.1103515625,1895.5799560546875,32.18000030517578,1207.9000244140625,0.8949300050735474,106014200.0,4570670000.0,0.2998009034230455,-0.1835714,0.1728571429,100.4917,100.0764,101.0954,4.1,0.35642854290000003
2016-02-17,9377.2099609375,1926.8199462890625,34.5,1211.0999755859375,0.8970999717712402,128613000.0,5011540000.0,0.31041647881336076,-0.1835714,0.1728571429,100.4917,100.0764,101.0954,4.1,0.35642854290000003
2016-02-18,9463.6396484375,1917.8299560546875,34.279998779296875,1226.0999755859375,0.8990399837493896,123801400.0,4436490000.0,0.29622019662365123,-0.1835714,0.1728571429,100.4917,100.0764,101.0954,4.1,0.35642854290000003
2016-02-19,9388.0498046875,1917.780029296875,33.0099983215332,1230.4000244140625,0.9000099897384644,109839900.0,4142850000.0,0.2893203950040568,-0.1835714,0.1728571429,100.4917,100.0764,101.0954,4.1,0.35642854290000003
2016-02-22,9573.58984375,1945.5,34.689998626708984,1209.5,0.8989599943161011,93879900.0,4054710000.0,0.2891795163617566,-0.1835714,0.1728571429,100.4917,100.0764,101.0954,4.1,0.35642854290000003
2016-02-23,9416.76953125,1921.27001953125,33.27000045776367,1222.300048828125,0.9067800045013428,89938900.0,3890650000.0,0.29414778447144657,-0.1835714,0.1728571429,100.4917,100.0764,101.0954,4.1,0.35642854290000003
2016-02-24,9167.7998046875,1929.800048828125,34.40999984741211,1238.699951171875,0.9068599939346313,102284500.0,4317250000.0,0.30383760858060016,-0.1835714,0.1728571429,100.4917,100.0764,101.0954,4.1,0.35642854290000003
2016-02-25,9331.48046875,1951.699951171875,35.290000915527344,1238.199951171875,0.9079399704933167,98941300.0,4118210000.0,0.3110344461465423,-0.1835714,0.1728571429,100.4917,100.0764,101.0954,4.1,0.35642854290000003
2016-02-26,9513.2998046875,1948.050048828125,35.099998474121094,1219.800048828125,0.9070299863815308,98620700.0,4348510000.0,0.309299765226813,-0.1835714,0.1728571429,100.4917,100.0764,101.0954,4.1,0.35642854290000003
2016-02-29,9495.400390625,1932.22998046875,35.970001220703125,1233.9000244140625,0.9154199957847595,93792500.0,4588180000.0,0.3031430061759761,-0.1835714,0.1728571429,100.4917,100.0764,101.0954,4.1,0.35642854290000003
2016-03-01,9717.16015625,1978.3499755859375,35.959999084472656,1230.300048828125,0.9183599948883057,99543300.0,4819750000.0,0.31466859489056453,-0.2285238,0.1714285714,100.4917,100.8026,100.3222,4.0,0.3999523714
2016-03-02,9776.6201171875,1986.449951171875,36.93000030517578,1241.0999755859375,0.9194599986076355,106449600.0,4666610000.0,0.30822794711544077,-0.2285238,0.1714285714,100.4917,100.8026,100.3222,4.0,0.3999523714
2016-03-03,9751.919921875,1993.4000244140625,37.06999969482422,1257.4000244140625,0.9200500249862671,85246700.0,5081700000.0,0.30279741279707534,-0.2285238,0.1714285714,100.4917,100.8026,100.3222,4.0,0.3999523714
2016-03-04,9824.169921875,1999.989990234375,38.720001220703125,1269.9000244140625,0.9133300185203552,93446800.0,6049930000.0,0.3025405532686461,-0.2285238,0.1714285714,100.4917,100.8026,100.3222,4.0,0.3999523714
2016-03-07,9778.9296875,2001.760009765625,40.84000015258789,1263.199951171875,0.9095900058746338,78146900.0,4968180000.0,0.29955858175133115,-0.2285238,0.1714285714,100.4917,100.8026,100.3222,4.0,0.3999523714
2016-03-08,9692.8203125,1979.260009765625,39.650001525878906,1262.0999755859375,0.9077699780464172,95752700.0,4641650000.0,0.27384460551358625,-0.2285238,0.1714285714,100.4917,100.8026,100.3222,4.0,0.3999523714
2016-03-09,9723.08984375,1989.260009765625,41.06999969482422,1256.5999755859375,0.9087600111961365,100899200.0,4038120000.0,0.26845709588720623,-0.2285238,0.1714285714,100.4917,100.8026,100.3222,4.0,0.3999523714
2016-03-10,9498.150390625,1989.5699462890625,40.04999923706055,1272.0,0.9100000262260437,177504400.0,4376790000.0,0.28147921646941754,-0.2285238,0.1714285714,100.4917,100.8026,100.3222,4.0,0.3999523714
2016-03-11,9831.1298828125,2022.18994140625,40.38999938964844,1258.699951171875,0.8945800065994263,118955200.0,4078620000.0,0.2777283795994591,-0.2285238,0.1714285714,100.4917,100.8026,100.3222,4.0,0.3999523714
2016-03-14,9990.259765625,2019.6400146484375,39.529998779296875,1244.4000244140625,0.8954200148582458,91438200.0,3487850000.0,0.27205047089009127,-0.2285238,0.1714285714,100.4917,100.8026,100.3222,4.0,0.3999523714
2016-03-15,9933.849609375,2015.9300537109375,38.7400016784668,1230.4000244140625,0.9007400274276733,77982800.0,3560280000.0,0.26291862327023463,-0.2285238,0.1714285714,100.4917,100.8026,100.3222,4.0,0.3999523714
2016-03-16,9983.41015625,2027.219970703125,40.33000183105469,1229.300048828125,0.9001700282096863,93635200.0,4057020000.0,0.25955241017179986,-0.2285238,0.1714285714,100.4917,100.8026,100.3222,4.0,0.3999523714
2016-03-17,9892.2001953125,2040.5899658203125,41.540000915527344,1264.5,0.8913499712944031,114653200.0,4530480000.0,0.2504534963718436,-0.2285238,0.1714285714,100.4917,100.8026,100.3222,4.0,0.3999523714
2016-03-18,9950.7998046875,2049.580078125,41.20000076293945,1253.800048828125,0.8835499882698059,209129900.0,6503140000.0,0.2496268225936002,-0.2285238,0.1714285714,100.4917,100.8026,100.3222,4.0,0.3999523714
2016-03-21,9948.6396484375,2051.60009765625,41.540000915527344,1243.800048828125,0.8866000175476074,78954200.0,3376600000.0,0.24694628540043218,-0.2285238,0.1714285714,100.4917,100.8026,100.3222,4.0,0.3999523714
2016-03-22,9990.0,2049.800048828125,41.790000915527344,1248.199951171875,0.8899999856948853,81627700.0,3418460000.0,0.2393020587401625,-0.2285238,0.1714285714,100.4917,100.8026,100.3222,4.0,0.3999523714
2016-03-23,10022.9296875,2036.7099609375,40.470001220703125,1223.699951171875,0.8910300135612488,83248100.0,3639510000.0,0.22962881735934168,-0.2285238,0.1714285714,100.4917,100.8026,100.3222,4.0,0.3999523714
2016-03-24,9851.349609375,2035.93994140625,40.439998626708984,1221.4000244140625,0.8943700194358826,73414500.0,3407720000.0,0.2164255195185588,-0.2285238,0.1714285714,100.4917,100.8026,100.3222,4.0,0.3999523714
2016-03-25,9851.349609375,2035.93994140625,40.439998626708984,1221.4000244140625,0.8954200148582458,73414500.0,3407720000.0,0.2164255195185588,-0.2285238,0.1714285714,100.4917,100.8026,100.3222,4.0,0.3999523714
2016-03-28,9851.349609375,2037.050048828125,40.27000045776367,1219.9000244140625,0.8960599899291992,73414500.0,2809090000.0,0.2164255195185588,-0.2285238,0.1714285714,100.4917,100.8026,100.3222,4.0,0.3999523714
2016-03-29,9887.9404296875,2055.010009765625,39.13999938964844,1235.5999755859375,0.8926399946212769,67558000.0,3822330000.0,0.2164255195185588,-0.2285238,0.1714285714,100.4917,100.8026,100.3222,4.0,0.3999523714
2016-03-30,10046.6103515625,2063.949951171875,39.2599983215332,1226.9000244140625,0.8855800032615662,89486700.0,3590310000.0,0.2164255195185588,-0.2285238,0.1714285714,100.4917,100.8026,100.3222,4.0,0.3999523714
2016-03-31,9965.509765625,2059.739990234375,39.599998474121094,1234.199951171875,0.8822500109672546,84529500.0,3715280000.0,0.2164255195185588,-0.2285238,0.1714285714,100.4917,100.8026,100.3222,4.0,0.3999523714
2016-04-01,9794.6396484375,2072.780029296875,39.65999984741211,1222.199951171875,0.8787599802017212,97643700.0,3749990000.0,0.2164255195185588,-0.2491905,0.1342857143,100.4917,100.7853,100.9987,4.0,0.3834762143
2016-04-04,9822.080078125,2066.1298828125,37.689998626708984,1218.0,0.8779600262641907,73483200.0,3485710000.0,0.2164255195185588,-0.2491905,0.1342857143,100.4917,100.7853,100.9987,4.0,0.3834762143
2016-04-05,9563.3603515625,2045.1700439453125,37.869998931884766,1228.4000244140625,0.8780400156974792,93710900.0,4154920000.0,0.2164255195185588,-0.2491905,0.1342857143,100.4917,100.7853,100.9987,4.0,0.3834762143
2016-04-06,9624.509765625,2066.659912109375,39.84000015258789,1222.5,0.8785799741744995,92588500.0,3750800000.0,0.2164255195185588,-0.2491905,0.1342857143,100.4917,100.7853,100.9987,4.0,0.3834762143
2016-04-07,9530.6201171875,2041.9100341796875,39.43000030517578,1236.199951171875,0.8768100142478943,83206400.0,3801250000.0,0.2164255195185588,-0.2491905,0.1342857143,100.4917,100.7853,100.9987,4.0,0.3834762143
2016-04-08,9622.259765625,2047.5999755859375,41.939998626708984,1242.5,0.8791999816894531,78334700.0,3359530000.0,0.2164255195185588,-0.2491905,0.1342857143,100.4917,100.7853,100.9987,4.0,0.3834762143
2016-04-11,9682.990234375,2041.989990234375,42.83000183105469,1256.699951171875,0.8769599795341492,78479700.0,3567840000.0,0.2164255195185588,-0.2491905,0.1342857143,100.4917,100.7853,100.9987,4.0,0.3834762143
2016-04-12,9761.4697265625,2061.719970703125,44.689998626708984,1259.4000244140625,0.8762000203132629,75912900.0,4239740000.0,0.2164255195185588,-0.2491905,0.1342857143,100.4917,100.7853,100.9987,4.0,0.3834762143
2016-04-13,10026.099609375,2082.419921875,44.18000030517578,1246.800048828125,0.878350019454956,106641000.0,4191830000.0,0.2164255195185588,-0.2491905,0.1342857143,100.4917,100.7853,100.9987,4.0,0.3834762143
2016-04-14,10093.650390625,2082.780029296875,43.84000015258789,1225.0,0.8866000175476074,82082700.0,3765870000.0,0.2164255195185588,-0.2491905,0.1342857143,100.4917,100.7853,100.9987,4.0,0.3834762143
2016-04-15,10051.5703125,2080.72998046875,43.099998474121094,1233.0999755859375,0.8873100280761719,81966400.0,3701450000.0,0.2164255195185588,-0.2491905,0.1342857143,100.4917,100.7853,100.9987,4.0,0.3834762143
2016-04-18,10120.3095703125,2094.340087890625,42.90999984741211,1233.5999755859375,0.8849599957466125,66507700.0,3316880000.0,0.2164255195185588,-0.2491905,0.1342857143,100.4917,100.7853,100.9987,4.0,0.3834762143
2016-04-19,10349.58984375,2100.800048828125,44.029998779296875,1253.0,0.8842499852180481,99464200.0,3896830000.0,0.2164255195185588,-0.2491905,0.1342857143,100.4917,100.7853,100.9987,4.0,0.3834762143
2016-04-20,10421.2900390625,2102.39990234375,45.79999923706055,1253.199951171875,0.8803099989891052,96317900.0,4184880000.0,0.2164255195185588,-0.2491905,0.1342857143,100.4917,100.7853,100.9987,4.0,0.3834762143
2016-04-21,10435.73046875,2091.47998046875,44.529998779296875,1249.0,0.8845599889755249,101414400.0,4175290000.0,0.2164255195185588,-0.2491905,0.1342857143,100.4917,100.7853,100.9987,4.0,0.3834762143
2016-04-22,10373.490234375,2091.580078125,45.11000061035156,1228.699951171875,0.8855800032615662,83529500.0,3790580000.0,0.2164255195185588,-0.2491905,0.1342857143,100.4917,100.7853,100.9987,4.0,0.3834762143
2016-04-25,10294.349609375,2087.7900390625,44.47999954223633,1238.9000244140625,0.8901500105857849,75159700.0,3319740000.0,0.2164255195185588,-0.2491905,0.1342857143,100.4917,100.7853,100.9987,4.0,0.3834762143
2016-04-26,10259.58984375,2091.699951171875,45.7400016784668,1242.199951171875,0.8873900175094604,79903800.0,3557190000.0,0.2164255195185588,-0.2491905,0.1342857143,100.4917,100.7853,100.9987,4.0,0.3834762143
2016-04-27,10299.830078125,2095.14990234375,47.18000030517578,1249.199951171875,0.8850299715995789,99071900.0,4100110000.0,0.1974759083466951,-0.2491905,0.1342857143,100.4917,100.7853,100.9987,4.0,0.3834762143
2016-04-28,10321.150390625,2075.81005859375,48.13999938964844,1265.5,0.8826900124549866,93064300.0,4309840000.0,0.1907881387766185,-0.2491905,0.1342857143,100.4917,100.7853,100.9987,4.0,0.3834762143
2016-04-29,10038.9697265625,2065.300048828125,48.130001068115234,1289.199951171875,0.8805999755859375,112470200.0,4704720000.0,0.2131470049111418,-0.2491905,0.1342857143,100.4917,100.7853,100.9987,4.0,0.3834762143
2016-05-02,10123.26953125,2081.429931640625,48.099998474121094,1294.699951171875,0.8723700046539307,62290300.0,3841110000.0,0.204801838185942,-0.2571818,0.1328571429,100.4917,101.3116,99.35567,4.0,0.3900389429
2016-05-03,9926.76953125,2063.3701171875,46.75,1290.699951171875,0.867680013179779,125616200.0,4173390000.0,0.2173041194587152,-0.2571818,0.1328571429,100.4917,101.3116,99.35567,4.0,0.3900389429
2016-05-04,9828.25,2051.1201171875,44.619998931884766,1273.300048828125,0.8692600131034851,102911700.0,4058560000.0,0.19827328401092267,-0.2571818,0.1328571429,100.4917,101.3116,99.35567,4.0,0.3900389429
2016-05-05,9851.8603515625,2050.6298828125,45.0099983215332,1271.4000244140625,0.8700900077819824,71084400.0,4008530000.0,0.1974809809060841,-0.2571818,0.1328571429,100.4917,101.3116,99.35567,4.0,0.3900389429
2016-05-06,9869.9501953125,2057.139892578125,45.369998931884766,1292.9000244140625,0.8767300248146057,87146300.0,3796350000.0,0.1934296997231313,-0.2571818,0.1328571429,100.4917,101.3116,99.35567,4.0,0.3900389429
2016-05-09,9980.490234375,2058.68994140625,43.630001068115234,1265.5999755859375,0.8781200051307678,80186000.0,3788620000.0,0.1943184928233726,-0.2571818,0.1328571429,100.4917,101.3116,99.35567,4.0,0.3900389429
2016-05-10,10045.4404296875,2084.389892578125,45.52000045776367,1263.9000244140625,0.8781200051307678,83009900.0,3600200000.0,0.19437691329347162,-0.2571818,0.1328571429,100.4917,101.3116,99.35567,4.0,0.3900389429
2016-05-11,9975.3203125,2064.4599609375,47.599998474121094,1274.5999755859375,0.8791700005531311,97288300.0,3821980000.0,0.19525638984408092,-0.2571818,0.1328571429,100.4917,101.3116,99.35567,4.0,0.3900389429
2016-05-12,9862.1201171875,2064.110107421875,48.08000183105469,1270.300048828125,0.8751199841499329,103137100.0,3782390000.0,0.17513014820213302,-0.2571818,0.1328571429,100.4917,101.3116,99.35567,4.0,0.3900389429
2016-05-13,9952.900390625,2046.6099853515625,47.83000183105469,1271.9000244140625,0.8789700269699097,85100100.0,3579880000.0,0.17665716738310533,-0.2571818,0.1328571429,100.4917,101.3116,99.35567,4.0,0.3900389429
2016-05-16,9952.900390625,2066.659912109375,48.970001220703125,1273.4000244140625,0.8836299777030945,85100100.0,3501360000.0,0.17665716738310533,-0.2571818,0.1328571429,100.4917,101.3116,99.35567,4.0,0.3900389429
2016-05-17,9890.1904296875,2047.2099609375,49.279998779296875,1276.199951171875,0.8837000131607056,98583200.0,4108960000.0,0.17665716738310533,-0.2571818,0.1328571429,100.4917,101.3116,99.35567,4.0,0.3900389429
2016-05-18,9943.23046875,2047.6300048828125,48.93000030517578,1273.699951171875,0.8837000131607056,76853600.0,4101320000.0,0.17665716738310533,-0.2571818,0.1328571429,100.4917,101.3116,99.35567,4.0,0.3900389429
2016-05-19,9795.8896484375,2040.0400390625,48.810001373291016,1254.199951171875,0.8910300135612488,93387300.0,3846770000.0,0.17665716738310533,-0.2571818,0.1328571429,100.4917,101.3116,99.35567,4.0,0.3900389429
2016-05-20,9916.01953125,2052.320068359375,48.720001220703125,1252.4000244140625,0.8923799991607666,78255500.0,3507650000.0,0.17665716738310533,-0.2571818,0.1328571429,100.4917,101.3116,99.35567,4.0,0.3900389429
2016-05-23,9842.2900390625,2048.0400390625,48.349998474121094,1251.0999755859375,0.8911299705505371,76899500.0,3055480000.0,0.17665716738310533,-0.2571818,0.1328571429,100.4917,101.3116,99.35567,4.0,0.3900389429
2016-05-24,10057.3095703125,2076.06005859375,48.61000061035156,1228.9000244140625,0.8915799856185913,85241400.0,3627340000.0,0.17665716738310533,-0.2571818,0.1328571429,100.4917,101.3116,99.35567,4.0,0.3900389429
2016-05-25,10205.2099609375,2090.5400390625,49.7400016784668,1223.5,0.8978300094604492,97691100.0,3859160000.0,0.17665716738310533,-0.2571818,0.1328571429,100.4917,101.3116,99.35567,4.0,0.3900389429
2016-05-26,10272.7099609375,2090.10009765625,49.59000015258789,1220.0999755859375,0.8961399793624878,74689600.0,3230990000.0,0.17665716738310533,-0.2571818,0.1328571429,100.4917,101.3116,99.35567,4.0,0.3900389429
2016-05-27,10286.3095703125,2099.06005859375,49.31999969482422,1213.800048828125,0.8934900164604187,62475500.0,3079150000.0,0.17665716738310533,-0.2571818,0.1328571429,100.4917,101.3116,99.35567,4.0,0.3900389429
2016-05-30,10333.23046875,2099.06005859375,49.31999969482422,1213.800048828125,0.9000899791717529,35396900.0,3079150000.0,0.17665716738310533,-0.2571818,0.1328571429,100.4917,101.3116,99.35567,4.0,0.3900389429
2016-05-31,10262.740234375,2096.949951171875,49.689998626708984,1214.800048828125,0.8969900012016296,91591200.0,4514410000.0,0.17665716738310533,-0.2571818,0.1328571429,100.4917,101.3116,99.35567,4.0,0.3900389429
2016-06-01,10204.4404296875,2099.330078125,49.709999084472656,1211.9000244140625,0.8979899883270264,79532000.0,3525170000.0,0.17665716738310533,-0.2679091,-0.0168181818,100.4917,101.3349,101.192,4.0,0.2510909182
2016-06-02,10208.0,2105.260009765625,50.040000915527344,1209.800048828125,0.8937299847602844,63118000.0,3632720000.0,0.17665716738310533,-0.2679091,-0.0168181818,100.4917,101.3349,101.192,4.0,0.2510909182
2016-06-03,10103.259765625,2099.1298828125,49.63999938964844,1240.0999755859375,0.8967000246047974,83303400.0,3627780000.0,0.17665716738310533,-0.2679091,-0.0168181818,100.4917,101.3349,101.192,4.0,0.2510909182
2016-06-06,10121.080078125,2109.409912109375,50.54999923706055,1244.5999755859375,0.8809800148010254,55122000.0,3442020000.0,0.17665716738310533,-0.2679091,-0.0168181818,100.4917,101.3349,101.192,4.0,0.2510909182
2016-06-07,10287.6796875,2112.1298828125,51.439998626708984,1244.4000244140625,0.8799700140953064,78493400.0,3534730000.0,0.17665716738310533,-0.2679091,-0.0168181818,100.4917,101.3349,101.192,4.0,0.2510909182
2016-06-08,10217.0302734375,2119.1201171875,52.5099983215332,1259.800048828125,0.8804500102996826,75767900.0,3562060000.0,0.17665716738310533,-0.2679091,-0.0168181818,100.4917,101.3349,101.192,4.0,0.2510909182
2016-06-09,10088.8701171875,2115.47998046875,51.95000076293945,1270.199951171875,0.8766499757766724,108383500.0,3290320000.0,0.17665716738310533,-0.2679091,-0.0168181818,100.4917,101.3349,101.192,4.0,0.2510909182
2016-06-10,9834.6201171875,2096.070068359375,50.540000915527344,1273.4000244140625,0.8837800025939941,109159600.0,3515010000.0,0.17665716738310533,-0.2679091,-0.0168181818,100.4917,101.3349,101.192,4.0,0.2510909182
2016-06-13,9657.4404296875,2079.06005859375,50.349998474121094,1284.4000244140625,0.889680027961731,102325200.0,3392030000.0,0.17665716738310533,-0.2679091,-0.0168181818,100.4917,101.3349,101.192,4.0,0.2510909182
2016-06-14,9519.2001953125,2075.320068359375,49.83000183105469,1285.5999755859375,0.8856599926948547,102835400.0,3759770000.0,0.17665716738310533,-0.2679091,-0.0168181818,100.4917,101.3349,101.192,4.0,0.2510909182
2016-06-15,9606.7099609375,2071.5,48.970001220703125,1285.800048828125,0.8918200135231018,95301400.0,3544720000.0,0.19730604549617642,-0.2679091,-0.0168181818,100.4917,101.3349,101.192,4.0,0.2510909182
2016-06-16,9550.4697265625,2077.989990234375,47.189998626708984,1296.0999755859375,0.8878899812698364,101528000.0,3628280000.0,0.19634985164538005,-0.2679091,-0.0168181818,100.4917,101.3349,101.192,4.0,0.2510909182
2016-06-17,9631.3603515625,2071.219970703125,49.16999816894531,1292.5,0.888729989528656,145900500.0,4952630000.0,0.1935134349021362,-0.2679091,-0.0168181818,100.4917,101.3349,101.192,4.0,0.2510909182
2016-06-20,9962.01953125,2083.25,50.650001525878906,1290.0,0.8811299800872803,94347700.0,3467440000.0,0.2247673500184051,-0.2679091,-0.0168181818,100.4917,101.3349,101.192,4.0,0.2510909182
2016-06-21,10015.5400390625,2088.89990234375,50.619998931884766,1270.5,0.8831599950790405,83050100.0,3232880000.0,0.22357819943831564,-0.2679091,-0.0168181818,100.4917,101.3349,101.192,4.0,0.2510909182
2016-06-22,10071.0595703125,2085.449951171875,49.880001068115234,1268.0,0.8888400197029114,80461200.0,3168160000.0,0.21114328986975395,-0.2679091,-0.0168181818,100.4917,101.3349,101.192,4.0,0.2510909182
2016-06-23,10257.0302734375,2113.320068359375,50.90999984741211,1261.199951171875,0.8827499747276306,110233000.0,3297940000.0,0.21478003704939796,-0.2679091,-0.0168181818,100.4917,101.3349,101.192,4.0,0.2510909182
2016-06-24,9557.16015625,2037.4100341796875,48.40999984741211,1320.0,0.883080005645752,325189500.0,7597450000.0,0.3185897325276388,-0.2679091,-0.0168181818,100.4917,101.3349,101.192,4.0,0.2510909182
2016-06-27,9268.66015625,2000.5400390625,47.15999984741211,1322.5,0.9061300158500671,209916500.0,5431220000.0,0.33135108254030526,-0.2679091,-0.0168181818,100.4917,101.3349,101.192,4.0,0.2510909182
2016-06-28,9447.2802734375,2036.0899658203125,48.58000183105469,1315.300048828125,0.9078500270843506,136518900.0,4385810000.0,0.3403481095839737,-0.2679091,-0.0168181818,100.4917,101.3349,101.192,4.0,0.2510909182
2016-06-29,9612.26953125,2070.77001953125,50.61000061035156,1323.9000244140625,0.9030200242996216,115823900.0,4241740000.0,0.3481518753478935,-0.2679091,-0.0168181818,100.4917,101.3349,101.192,4.0,0.2510909182
2016-06-30,9680.08984375,2098.860107421875,49.68000030517578,1318.4000244140625,0.8986300230026245,136896600.0,4622820000.0,0.34965309146680684,-0.2679091,-0.0168181818,100.4917,101.3349,101.192,4.0,0.2510909182
2016-07-01,9776.1201171875,2102.949951171875,49.84000015258789,1336.699951171875,0.900409996509552,101971100.0,3458890000.0,0.35212086124316705,-0.2945238,-0.1542857143,100.4917,101.9383,99.93557,3.9,0.14023808570000001
2016-07-04,9709.08984375,2102.949951171875,49.84000015258789,1336.699951171875,0.898389995098114,79934200.0,3458890000.0,0.3512888742859253,-0.2945238,-0.1542857143,100.4917,101.9383,99.93557,3.9,0.14023808570000001
2016-07-05,9532.6103515625,2088.550048828125,47.959999084472656,1356.4000244140625,0.8971800208091736,97702100.0,3658380000.0,0.3556083039464184,-0.2945238,-0.1542857143,100.4917,101.9383,99.93557,3.9,0.14023808570000001
2016-07-06,9373.259765625,2099.72998046875,48.79999923706055,1364.9000244140625,0.9037500023841858,134692400.0,3909380000.0,0.35174695343733686,-0.2945238,-0.1542857143,100.4917,101.9383,99.93557,3.9,0.14023808570000001
2016-07-07,9418.7802734375,2097.89990234375,46.400001525878906,1360.0999755859375,0.9009799957275391,91497000.0,3604550000.0,0.35296277582584107,-0.2945238,-0.1542857143,100.4917,101.9383,99.93557,3.9,0.14023808570000001
2016-07-08,9629.66015625,2129.89990234375,46.7599983215332,1356.5999755859375,0.903689980506897,97029700.0,3607500000.0,0.36245895948502077,-0.2945238,-0.1542857143,100.4917,101.9383,99.93557,3.9,0.14023808570000001
2016-07-11,9833.41015625,2137.159912109375,46.25,1355.0,0.9054700136184692,80795500.0,3253340000.0,0.36058131902133334,-0.2945238,-0.1542857143,100.4917,101.9383,99.93557,3.9,0.14023808570000001
2016-07-12,9964.0703125,2152.139892578125,48.470001220703125,1334.0999755859375,0.9043200016021729,101659000.0,4097820000.0,0.35689342873891305,-0.2945238,-0.1542857143,100.4917,101.9383,99.93557,3.9,0.14023808570000001
2016-07-13,9930.7099609375,2152.429931640625,46.2599983215332,1342.4000244140625,0.9039199948310852,96306000.0,3502320000.0,0.3526764793476453,-0.2945238,-0.1542857143,100.4917,101.9383,99.93557,3.9,0.14023808570000001
2016-07-14,10068.2998046875,2163.75,47.369998931884766,1331.300048828125,0.9013100266456604,100410000.0,3465610000.0,0.35419812351043384,-0.2945238,-0.1542857143,100.4917,101.9383,99.93557,3.9,0.14023808570000001
2016-07-15,10066.900390625,2161.739990234375,47.61000061035156,1326.5,0.900409996509552,89992500.0,3122600000.0,0.3530552572983768,-0.2945238,-0.1542857143,100.4917,101.9383,99.93557,3.9,0.14023808570000001
2016-07-18,10063.1298828125,2166.889892578125,46.959999084472656,1328.4000244140625,0.9047200083732605,70742900.0,3009310000.0,0.3525794024513519,-0.2945238,-0.1542857143,100.4917,101.9383,99.93557,3.9,0.14023808570000001
2016-07-19,9981.240234375,2163.780029296875,46.65999984741211,1331.5,0.903190016746521,69292500.0,2968340000.0,0.33422679011348594,-0.2945238,-0.1542857143,100.4917,101.9383,99.93557,3.9,0.14023808570000001
2016-07-20,10142.009765625,2173.02001953125,47.16999816894531,1318.800048828125,0.9079700112342834,79709200.0,3211860000.0,0.3383198585033048,-0.2945238,-0.1542857143,100.4917,101.9383,99.93557,3.9,0.14023808570000001
2016-07-21,10156.2099609375,2165.169921875,46.20000076293945,1330.5,0.907480001449585,97531500.0,3438900000.0,0.33789509012970653,-0.2945238,-0.1542857143,100.4917,101.9383,99.93557,3.9,0.14023808570000001
2016-07-22,10147.4599609375,2175.030029296875,45.689998626708984,1323.0999755859375,0.9063799977302551,62724900.0,3023280000.0,0.3316094532385973,-0.2945238,-0.1542857143,100.4917,101.9383,99.93557,3.9,0.14023808570000001
2016-07-25,10198.240234375,2168.47998046875,44.720001220703125,1319.300048828125,0.9115399718284607,58553200.0,3057240000.0,0.22124645370390336,-0.2945238,-0.1542857143,100.4917,101.9383,99.93557,3.9,0.14023808570000001
2016-07-26,10247.759765625,2169.179931640625,44.869998931884766,1320.699951171875,0.909820020198822,79527300.0,3442350000.0,0.18496585571824473,-0.2945238,-0.1542857143,100.4917,101.9383,99.93557,3.9,0.14023808570000001
2016-07-27,10319.5498046875,2166.580078125,43.470001220703125,1326.5999755859375,0.910099983215332,85864200.0,3995500000.0,0.17765853433630835,-0.2945238,-0.1542857143,100.4917,101.9383,99.93557,3.9,0.14023808570000001
2016-07-28,10274.9296875,2170.06005859375,42.70000076293945,1332.300048828125,0.9030600190162659,95731500.0,3664240000.0,0.1732537390806821,-0.2945238,-0.1542857143,100.4917,101.9383,99.93557,3.9,0.14023808570000001
2016-07-29,10337.5,2173.60009765625,42.459999084472656,1349.0,0.9021700024604797,94143200.0,4038840000.0,0.17301757572116833,-0.2945238,-0.1542857143,100.4917,101.9383,99.93557,3.9,0.14023808570000001
2016-08-01,10330.51953125,2170.840087890625,42.45000076293945,1351.4000244140625,0.8954100012779236,84752800.0,3505990000.0,0.17171277170398605,-0.2982174,-0.1317391304,100.4917,101.9856,101.482,3.9,0.16647826960000003
2016-08-02,10144.33984375,2157.030029296875,41.79999923706055,1364.4000244140625,0.8954100012779236,124503800.0,3848750000.0,0.18348387400604435,-0.2982174,-0.1317391304,100.4917,101.9856,101.482,3.9,0.16647826960000003
2016-08-03,10170.2099609375,2163.7900390625,43.099998474121094,1356.0999755859375,0.8913400173187256,89966300.0,3786530000.0,0.1679359640852571,-0.2982174,-0.1317391304,100.4917,101.9856,101.482,3.9,0.16647826960000003
2016-08-04,10227.8603515625,2164.25,44.290000915527344,1358.800048828125,0.8967400193214417,79200100.0,3709200000.0,0.15170357384647506,-0.2982174,-0.1317391304,100.4917,101.9856,101.482,3.9,0.16647826960000003
2016-08-05,10367.2099609375,2182.8701171875,44.27000045776367,1336.4000244140625,0.8980900049209595,83144400.0,3663070000.0,0.15517743353693766,-0.2982174,-0.1317391304,100.4917,101.9856,101.482,3.9,0.16647826960000003
2016-08-08,10432.3603515625,2180.889892578125,45.38999938964844,1333.4000244140625,0.9017500281333923,66865100.0,3327550000.0,0.14136017131297116,-0.2982174,-0.1317391304,100.4917,101.9856,101.482,3.9,0.16647826960000003
2016-08-09,10692.900390625,2181.739990234375,44.97999954223633,1339.0,0.9022300243377686,81923600.0,3334300000.0,0.147719221144117,-0.2982174,-0.1317391304,100.4917,101.9856,101.482,3.9,0.16647826960000003
2016-08-10,10650.8896484375,2175.489990234375,44.04999923706055,1344.300048828125,0.899619996547699,101105900.0,3254950000.0,0.14616928955509384,-0.2982174,-0.1317391304,100.4917,101.9856,101.482,3.9,0.16647826960000003
2016-08-11,10742.83984375,2185.7900390625,46.040000915527344,1342.5,0.8939399719238281,73242600.0,3423160000.0,0.14527610768882476,-0.2982174,-0.1317391304,100.4917,101.9856,101.482,3.9,0.16647826960000003
2016-08-12,10713.4296875,2184.050048828125,46.970001220703125,1335.800048828125,0.8977400064468384,60464400.0,3000660000.0,0.14212811794182478,-0.2982174,-0.1317391304,100.4917,101.9856,101.482,3.9,0.16647826960000003
2016-08-15,10739.2099609375,2190.14990234375,48.349998474121094,1340.300048828125,0.8955000042915344,42913900.0,3078530000.0,0.14169267573975808,-0.2982174,-0.1317391304,100.4917,101.9856,101.482,3.9,0.16647826960000003
2016-08-16,10676.650390625,2178.14990234375,49.22999954223633,1350.5,0.8941299915313721,63827500.0,3196400000.0,0.14461501644449168,-0.2982174,-0.1317391304,100.4917,101.9856,101.482,3.9,0.16647826960000003
2016-08-17,10537.669921875,2182.219970703125,49.849998474121094,1342.699951171875,0.8868399858474731,68616100.0,3388910000.0,0.1501724246677813,-0.2982174,-0.1317391304,100.4917,101.9856,101.482,3.9,0.16647826960000003
2016-08-18,10603.0302734375,2187.02001953125,50.88999938964844,1351.199951171875,0.8850399851799011,55434500.0,3300570000.0,0.14270564433749697,-0.2982174,-0.1317391304,100.4917,101.9856,101.482,3.9,0.16647826960000003
2016-08-19,10544.3603515625,2183.8701171875,50.880001068115234,1340.4000244140625,0.8810999989509583,75389100.0,3084800000.0,0.14516920344315518,-0.2982174,-0.1317391304,100.4917,101.9856,101.482,3.9,0.16647826960000003
2016-08-22,10494.349609375,2182.639892578125,49.15999984741211,1337.699951171875,0.8851000070571899,60733200.0,2777550000.0,0.14668971344166873,-0.2982174,-0.1317391304,100.4917,101.9856,101.482,3.9,0.16647826960000003
2016-08-23,10592.8798828125,2186.89990234375,49.959999084472656,1340.5999755859375,0.8834499716758728,57648100.0,3041490000.0,0.14872802565851148,-0.2982174,-0.1317391304,100.4917,101.9856,101.482,3.9,0.16647826960000003
2016-08-24,10622.9697265625,2175.43994140625,49.04999923706055,1324.4000244140625,0.8848900198936462,62918100.0,3148280000.0,0.1483785242644521,-0.2982174,-0.1317391304,100.4917,101.9856,101.482,3.9,0.16647826960000003
2016-08-25,10529.58984375,2172.469970703125,49.66999816894531,1320.0999755859375,0.8877999782562256,54747900.0,2969310000.0,0.15139499126706224,-0.2982174,-0.1317391304,100.4917,101.9856,101.482,3.9,0.16647826960000003
2016-08-26,10587.76953125,2169.0400390625,49.91999816894531,1321.5,0.885699987411499,49679600.0,3342340000.0,0.15087202957058593,-0.2982174,-0.1317391304,100.4917,101.9856,101.482,3.9,0.16647826960000003
2016-08-29,10544.4404296875,2180.3798828125,49.2599983215332,1322.9000244140625,0.8928999900817871,35059800.0,2654780000.0,0.15106841162081208,-0.2982174,-0.1317391304,100.4917,101.9856,101.482,3.9,0.16647826960000003
2016-08-30,10657.6396484375,2176.1201171875,48.369998931884766,1311.699951171875,0.8934299945831299,62085400.0,3006800000.0,0.15461581440078725,-0.2982174,-0.1317391304,100.4917,101.9856,101.482,3.9,0.16647826960000003
2016-08-31,10592.6904296875,2170.949951171875,47.040000915527344,1306.9000244140625,0.8966000080108643,89943800.0,3766390000.0,0.1404849123778065,-0.2982174,-0.1317391304,100.4917,101.9856,101.482,3.9,0.16647826960000003
2016-09-01,10534.3095703125,2170.860107421875,47.04999923706055,1312.199951171875,0.8960000276565552,104480700.0,3392120000.0,0.14291310961259798,-0.3016364,-0.0840909091,100.4917,101.8853,101.192,3.8,0.21754549090000003
2016-09-02,10683.8203125,2179.97998046875,46.83000183105469,1322.0999755859375,0.892799973487854,83686900.0,3091120000.0,0.14881333445339157,-0.3016364,-0.0840909091,100.4917,101.8853,101.192,3.8,0.21754549090000003
2016-09-05,10672.2197265625,2179.97998046875,46.83000183105469,1322.0999755859375,0.8959000110626221,58164200.0,3091120000.0,0.14310017939252567,-0.3016364,-0.0840909091,100.4917,101.8853,101.192,3.8,0.21754549090000003
2016-09-06,10687.1396484375,2186.47998046875,47.2599983215332,1349.4000244140625,0.8966000080108643,67228300.0,3447650000.0,0.14200434962755748,-0.3016364,-0.0840909091,100.4917,101.8853,101.192,3.8,0.21754549090000003
2016-09-07,10752.98046875,2186.159912109375,47.97999954223633,1344.300048828125,0.8885999917984009,79763500.0,3319420000.0,0.11460948122585363,-0.3016364,-0.0840909091,100.4917,101.8853,101.192,3.8,0.21754549090000003
2016-09-08,10675.2900390625,2181.300048828125,49.9900016784668,1336.800048828125,0.8895999789237976,93703200.0,3727840000.0,0.11668880679650077,-0.3016364,-0.0840909091,100.4917,101.8853,101.192,3.8,0.21754549090000003
2016-09-09,10573.4404296875,2127.81005859375,48.0099983215332,1330.0999755859375,0.8871999979019165,101924800.0,4233960000.0,0.1169940698800293,-0.3016364,-0.0840909091,100.4917,101.8853,101.192,3.8,0.21754549090000003
2016-09-12,10431.76953125,2159.0400390625,48.31999969482422,1321.0,0.8895900249481201,172217200.0,4010480000.0,0.12486270983341403,-0.3016364,-0.0840909091,100.4917,101.8853,101.192,3.8,0.21754549090000003
2016-09-13,10386.599609375,2127.02001953125,47.099998474121094,1319.0,0.8894000053405762,89963700.0,4141670000.0,0.12456531930372014,-0.3016364,-0.0840909091,100.4917,101.8853,101.192,3.8,0.21754549090000003
2016-09-14,10378.400390625,2125.77001953125,45.849998474121094,1321.5,0.8913699984550476,94000200.0,3664100000.0,0.12361006733592675,-0.3016364,-0.0840909091,100.4917,101.8853,101.192,3.8,0.21754549090000003
2016-09-15,10431.2001953125,2147.260009765625,46.59000015258789,1313.5,0.8891000151634216,83377500.0,3373720000.0,0.11779560327104197,-0.3016364,-0.0840909091,100.4917,101.8853,101.192,3.8,0.21754549090000003
2016-09-16,10276.169921875,2139.159912109375,45.77000045776367,1305.800048828125,0.8892099857330322,214977900.0,5014360000.0,0.12516086322436,-0.3016364,-0.0840909091,100.4917,101.8853,101.192,3.8,0.21754549090000003
2016-09-19,10373.8701171875,2139.1201171875,45.95000076293945,1313.5,0.8961799740791321,72793700.0,3141820000.0,0.12975426498427362,-0.3016364,-0.0840909091,100.4917,101.8853,101.192,3.8,0.21754549090000003
2016-09-20,10393.8603515625,2139.760009765625,45.880001068115234,1313.699951171875,0.8944000005722046,74047200.0,3117380000.0,0.1292203470367947,-0.3016364,-0.0840909091,100.4917,101.8853,101.192,3.8,0.21754549090000003
2016-09-21,10436.490234375,2163.1201171875,46.83000183105469,1326.9000244140625,0.8965399861335754,79030100.0,3685450000.0,0.12540153783671823,-0.3016364,-0.0840909091,100.4917,101.8853,101.192,3.8,0.21754549090000003
2016-09-22,10674.1796875,2177.179931640625,47.650001525878906,1340.4000244140625,0.8934000134468079,98953600.0,3523860000.0,0.14920363264010544,-0.3016364,-0.0840909091,100.4917,101.8853,101.192,3.8,0.21754549090000003
2016-09-23,10626.9697265625,2164.68994140625,45.88999938964844,1337.199951171875,0.89205002784729,70001800.0,3289860000.0,0.14660599392310883,-0.3016364,-0.0840909091,100.4917,101.8853,101.192,3.8,0.21754549090000003
2016-09-26,10393.7099609375,2146.10009765625,47.349998474121094,1339.699951171875,0.889739990234375,105447100.0,3199910000.0,0.16449292052305786,-0.3016364,-0.0840909091,100.4917,101.8853,101.192,3.8,0.21754549090000003
2016-09-27,10361.48046875,2159.929931640625,45.970001220703125,1325.9000244140625,0.8888999819755554,111484400.0,3414090000.0,0.1642808241348023,-0.3016364,-0.0840909091,100.4917,101.8853,101.192,3.8,0.21754549090000003
2016-09-28,10438.33984375,2171.3701171875,48.689998626708984,1319.4000244140625,0.8913000226020813,87738700.0,3860390000.0,0.16173232277546395,-0.3016364,-0.0840909091,100.4917,101.8853,101.192,3.8,0.21754549090000003
2016-09-29,10405.5400390625,2151.1298828125,49.2400016784668,1321.699951171875,0.8908699750900269,103879900.0,4215620000.0,0.16086800384939265,-0.3016364,-0.0840909091,100.4917,101.8853,101.192,3.8,0.21754549090000003
2016-09-30,10511.01953125,2168.27001953125,49.060001373291016,1313.300048828125,0.8913000226020813,188168400.0,4158800000.0,0.16419163258121022,-0.3016364,-0.0840909091,100.4917,101.8853,101.192,3.8,0.21754549090000003
2016-10-03,10511.01953125,2161.199951171875,49.099998474121094,1309.0,0.8901000022888184,188168400.0,3113850000.0,0.16419163258121022,-0.309,0.002,100.4917,101.9555,101.8686,3.7,0.311
2016-10-04,10619.6103515625,2150.489990234375,50.869998931884766,1266.300048828125,0.8920300006866455,131527100.0,3716100000.0,0.16419163258121022,-0.309,0.002,100.4917,101.9555,101.8686,3.7,0.311
2016-10-05,10585.7802734375,2159.72998046875,51.86000061035156,1265.199951171875,0.8920000195503235,96736400.0,3883710000.0,0.16419163258121022,-0.309,0.002,100.4917,101.9555,101.8686,3.7,0.311
2016-10-06,10568.7998046875,2160.77001953125,52.5099983215332,1249.800048828125,0.8921999931335449,108655300.0,3438040000.0,0.16419163258121022,-0.309,0.002,100.4917,101.9555,101.8686,3.7,0.311
2016-10-07,10490.8603515625,2153.739990234375,51.93000030517578,1248.9000244140625,0.8973000049591064,125272100.0,3578770000.0,0.16419163258121022,-0.309,0.002,100.4917,101.9555,101.8686,3.7,0.311
2016-10-10,10624.080078125,2163.659912109375,51.93000030517578,1248.9000244140625,0.8931000232696533,101673900.0,2881970000.0,0.16419163258121022,-0.309,0.002,100.4917,101.9555,101.8686,3.7,0.311
2016-10-11,10577.16015625,2136.72998046875,52.40999984741211,1253.0,0.897599995136261,97984000.0,3393060000.0,0.16419163258121022,-0.309,0.002,100.4917,101.9555,101.8686,3.7,0.311
2016-10-12,10523.0703125,2139.179931640625,51.810001373291016,1251.0999755859375,0.9039999842643738,90401500.0,2959510000.0,0.16419163258121022,-0.309,0.002,100.4917,101.9555,101.8686,3.7,0.311
2016-10-13,10414.0703125,2132.550048828125,52.029998779296875,1255.0,0.9081100225448608,98756300.0,3538030000.0,0.16419163258121022,-0.309,0.002,100.4917,101.9555,101.8686,3.7,0.311
2016-10-14,10580.3798828125,2132.97998046875,51.95000076293945,1253.0999755859375,0.9049999713897705,101264600.0,3187910000.0,0.16419163258121022,-0.309,0.002,100.4917,101.9555,101.8686,3.7,0.311
2016-10-17,10503.5703125,2126.5,51.52000045776367,1254.4000244140625,0.9117599725723267,63729900.0,2832440000.0,0.16419163258121022,-0.309,0.002,100.4917,101.9555,101.8686,3.7,0.311
2016-10-18,10631.5498046875,2139.60009765625,51.68000030517578,1260.800048828125,0.907800018787384,88963500.0,3172940000.0,0.16419163258121022,-0.309,0.002,100.4917,101.9555,101.8686,3.7,0.311
2016-10-19,10645.6796875,2144.2900390625,52.66999816894531,1267.9000244140625,0.9110000133514404,75976500.0,3364990000.0,0.16419163258121022,-0.309,0.002,100.4917,101.9555,101.8686,3.7,0.311
2016-10-20,10701.3896484375,2141.340087890625,51.380001068115234,1265.5999755859375,0.9111499786376953,106411600.0,3339320000.0,0.16419163258121022,-0.309,0.002,100.4917,101.9555,101.8686,3.7,0.311
2016-10-21,10710.73046875,2141.159912109375,51.779998779296875,1265.9000244140625,0.9148799777030945,86862500.0,3456390000.0,0.16419163258121022,-0.309,0.002,100.4917,101.9555,101.8686,3.7,0.311
2016-10-24,10761.169921875,2151.330078125,51.459999084472656,1262.0,0.9189000129699707,79892800.0,3359950000.0,0.16419163258121022,-0.309,0.002,100.4917,101.9555,101.8686,3.7,0.311
2016-10-25,10757.3095703125,2143.159912109375,50.790000915527344,1271.9000244140625,0.9194999933242798,92480500.0,3756200000.0,0.16419163258121022,-0.309,0.002,100.4917,101.9555,101.8686,3.7,0.311
2016-10-26,10709.6796875,2139.429931640625,49.97999954223633,1264.800048828125,0.9185000061988831,78207200.0,3778120000.0,0.16419163258121022,-0.309,0.002,100.4917,101.9555,101.8686,3.7,0.311
2016-10-27,10717.080078125,2133.0400390625,50.470001220703125,1267.9000244140625,0.9164199829101562,84114600.0,4209400000.0,0.16419163258121022,-0.309,0.002,100.4917,101.9555,101.8686,3.7,0.311
2016-10-28,10696.1904296875,2126.409912109375,49.709999084472656,1275.5,0.9174000024795532,72757200.0,4028270000.0,0.16419163258121022,-0.309,0.002,100.4917,101.9555,101.8686,3.7,0.311
2016-10-31,10665.009765625,2126.14990234375,48.29999923706055,1271.5,0.9103599786758423,70462700.0,3926560000.0,0.16419163258121022,-0.309,0.002,100.4917,101.9555,101.8686,3.7,0.311
2016-11-01,10526.16015625,2111.719970703125,48.33000183105469,1286.4000244140625,0.911300003528595,77982300.0,4539190000.0,0.16419163258121022,-0.3126818,0.1890909091,100.4917,101.0803,101.6753,3.7,0.5017727091
2016-11-02,10370.9296875,2097.93994140625,46.86000061035156,1306.800048828125,0.9043999910354614,92787200.0,4289120000.0,0.12718413709087484,-0.3126818,0.1890909091,100.4917,101.0803,101.6753,3.7,0.5017727091
2016-11-03,10325.8798828125,2088.659912109375,46.349998474121094,1302.0999755859375,0.9010999798774719,85258600.0,3892100000.0,0.12748669868626428,-0.3126818,0.1890909091,100.4917,101.0803,101.6753,3.7,0.5017727091
2016-11-04,10259.1298828125,2085.179931640625,45.58000183105469,1303.300048828125,0.9006999731063843,90278800.0,3841910000.0,0.1288085806867647,-0.3126818,0.1890909091,100.4917,101.0803,101.6753,3.7,0.5017727091
2016-11-07,10456.9501953125,2131.52001953125,46.150001525878906,1278.300048828125,0.9007999897003174,84888900.0,3739720000.0,0.14523925985826242,-0.3126818,0.1890909091,100.4917,101.0803,101.6753,3.7,0.5017727091
2016-11-08,10482.3203125,2139.56005859375,46.040000915527344,1273.4000244140625,0.9047999978065491,75733000.0,3921850000.0,0.137999468151623,-0.3126818,0.1890909091,100.4917,101.0803,101.6753,3.7,0.5017727091
2016-11-09,10646.009765625,2163.260009765625,46.36000061035156,1272.5999755859375,0.9075199961662292,173824300.0,6267590000.0,0.14810320913616198,-0.3126818,0.1890909091,100.4917,101.0803,101.6753,3.7,0.5017727091
2016-11-10,10630.1201171875,2167.47998046875,45.84000015258789,1265.5,0.9157000184059143,191298200.0,6458450000.0,0.14694653997781568,-0.3126818,0.1890909091,100.4917,101.0803,101.6753,3.7,0.5017727091
2016-11-11,10667.9501953125,2164.449951171875,45.84000015258789,1265.5,0.9182999730110168,129405900.0,4993990000.0,0.1417795263355859,-0.3126818,0.1890909091,100.4917,101.0803,101.6753,3.7,0.5017727091
2016-11-14,10693.6904296875,2164.199951171875,44.43000030517578,1221.199951171875,0.923799991607666,134894100.0,5373670000.0,0.13136255225830726,-0.3126818,0.1890909091,100.4917,101.0803,101.6753,3.7,0.5017727091
2016-11-15,10735.1396484375,2180.389892578125,46.95000076293945,1224.0,0.9301999807357788,107326300.0,4548110000.0,0.12866802443800904,-0.3126818,0.1890909091,100.4917,101.0803,101.6753,3.7,0.5017727091
2016-11-16,10663.8701171875,2176.93994140625,46.630001068115234,1223.4000244140625,0.932200014591217,98808300.0,3847900000.0,0.1246405594227615,-0.3126818,0.1890909091,100.4917,101.0803,101.6753,3.7,0.5017727091
2016-11-17,10685.5400390625,2187.1201171875,46.4900016784668,1216.5,0.9340000152587891,98108200.0,3811730000.0,0.12474640896527196,-0.3126818,0.1890909091,100.4917,101.0803,101.6753,3.7,0.5017727091
2016-11-18,10664.5595703125,2181.89990234375,46.86000061035156,1208.5,0.941349983215332,106647500.0,3580900000.0,0.12357875220687031,-0.3126818,0.1890909091,100.4917,101.0803,101.6753,3.7,0.5017727091
2016-11-21,10685.1298828125,2198.179931640625,48.900001525878906,1209.5999755859375,0.9448000192642212,73724200.0,3611500000.0,0.12374134084991634,-0.3126818,0.1890909091,100.4917,101.0803,101.6753,3.7,0.5017727091
2016-11-22,10713.849609375,2202.93994140625,49.119998931884766,1211.0,0.9399499893188477,85867200.0,3960520000.0,0.12295011316379895,-0.3126818,0.1890909091,100.4917,101.0803,101.6753,3.7,0.5017727091
2016-11-23,10662.4404296875,2204.719970703125,48.95000076293945,1189.0999755859375,0.9404000043869019,95534900.0,3419850000.0,0.1239883130779932,-0.3126818,0.1890909091,100.4917,101.0803,101.6753,3.7,0.5017727091
2016-11-24,10689.259765625,2204.719970703125,48.95000076293945,1189.0999755859375,0.9483000040054321,55623300.0,3419850000.0,0.12347307818952942,-0.3126818,0.1890909091,100.4917,101.0803,101.6753,3.7,0.5017727091
2016-11-25,10699.26953125,2213.35009765625,47.2400016784668,1178.199951171875,0.9467999935150146,61043900.0,1584590000.0,0.12349486627915406,-0.3126818,0.1890909091,100.4917,101.0803,101.6753,3.7,0.5017727091
2016-11-28,10582.669921875,2201.719970703125,48.2400016784668,1190.5999755859375,0.942300021648407,75862500.0,3515100000.0,0.12899656611046875,-0.3126818,0.1890909091,100.4917,101.0803,101.6753,3.7,0.5017727091
2016-11-29,10620.490234375,2204.659912109375,46.380001068115234,1187.9000244140625,0.9415000081062317,80835800.0,3709190000.0,0.12940879447317824,-0.3126818,0.1890909091,100.4917,101.0803,101.6753,3.7,0.5017727091
2016-11-30,10640.2998046875,2198.81005859375,50.470001220703125,1170.800048828125,0.9391000270843506,110326100.0,5538400000.0,0.12076721635343046,-0.3126818,0.1890909091,100.4917,101.0803,101.6753,3.7,0.5017727091
2016-12-01,10534.0498046875,2191.080078125,50.459999084472656,1166.9000244140625,0.944100022315979,93397600.0,5067470000.0,0.1141154901725277,-0.3157619,0.2519047619,100.4917,101.6119,99.35567,3.7,0.5676666618999999
2016-12-02,10513.349609375,2191.949951171875,54.459999084472656,1175.0999755859375,0.9378100037574768,86402800.0,3782370000.0,0.11306556175690005,-0.3157619,0.2519047619,100.4917,101.6119,99.35567,3.7,0.5676666618999999
2016-12-05,10684.830078125,2204.7099609375,54.939998626708984,1174.0,0.9449999928474426,107266900.0,3898530000.0,0.12162413036489032,-0.3157619,0.2519047619,100.4917,101.6119,99.35567,3.7,0.5676666618999999
2016-12-06,10775.3203125,2212.22998046875,53.93000030517578,1167.5999755859375,0.9296000003814697,142691700.0,3857290000.0,0.10713007703907439,-0.3157619,0.2519047619,100.4917,101.6119,99.35567,3.7,0.5676666618999999
2016-12-07,10986.6904296875,2241.35009765625,53.0,1175.0,0.9327999949455261,148433100.0,4504070000.0,0.1242791419502542,-0.3157619,0.2519047619,100.4917,101.6119,99.35567,3.7,0.5676666618999999
2016-12-08,11179.419921875,2246.18994140625,53.88999938964844,1169.800048828125,0.9291999936103821,174835000.0,4203270000.0,0.12703429401550534,-0.3157619,0.2519047619,100.4917,101.6119,99.35567,3.7,0.5676666618999999
2016-12-09,11203.6298828125,2259.530029296875,54.33000183105469,1159.4000244140625,0.9415000081062317,103830000.0,3886460000.0,0.12626577599682126,-0.3157619,0.2519047619,100.4917,101.6119,99.35567,3.7,0.5676666618999999
2016-12-12,11190.2099609375,2256.9599609375,55.689998626708984,1163.5,0.9480999708175659,89811700.0,4038850000.0,0.1268537327933261,-0.3157619,0.2519047619,100.4917,101.6119,99.35567,3.7,0.5676666618999999
2016-12-13,11284.650390625,2271.719970703125,55.720001220703125,1156.699951171875,0.9397000074386597,98486400.0,3875630000.0,0.12862163956112468,-0.3157619,0.2519047619,100.4917,101.6119,99.35567,3.7,0.5676666618999999
2016-12-14,11244.83984375,2253.280029296875,53.900001525878906,1161.300048828125,0.9408000111579895,90297900.0,4409670000.0,0.13024004780573922,-0.3157619,0.2519047619,100.4917,101.6119,99.35567,3.7,0.5676666618999999
2016-12-15,11366.400390625,2262.030029296875,54.02000045776367,1127.800048828125,0.9510999917984009,141375800.0,4173360000.0,0.12926920551719337,-0.3157619,0.2519047619,100.4917,101.6119,99.35567,3.7,0.5676666618999999
2016-12-16,11404.009765625,2258.070068359375,55.209999084472656,1135.300048828125,0.9598000049591064,178636700.0,5928980000.0,0.1292151751271796,-0.3157619,0.2519047619,100.4917,101.6119,99.35567,3.7,0.5676666618999999
2016-12-19,11426.7001953125,2262.530029296875,54.91999816894531,1140.5,0.9569399952888489,80884600.0,3252840000.0,0.12796950168176371,-0.3157619,0.2519047619,100.4917,101.6119,99.35567,3.7,0.5676666618999999
2016-12-20,11464.740234375,2270.760009765625,55.349998474121094,1131.5,0.9610000252723694,75800700.0,3306250000.0,0.1278691559476863,-0.3157619,0.2519047619,100.4917,101.6119,99.35567,3.7,0.5676666618999999
2016-12-21,11468.6396484375,2265.179931640625,54.459999084472656,1131.0999755859375,0.9624199867248535,62382000.0,2854880000.0,0.12828949718977883,-0.3157619,0.2519047619,100.4917,101.6119,99.35567,3.7,0.5676666618999999
2016-12-22,11456.099609375,2260.9599609375,55.04999923706055,1128.800048828125,0.958899974822998,49975200.0,2880670000.0,0.12597165524658313,-0.3157619,0.2519047619,100.4917,101.6119,99.35567,3.7,0.5676666618999999
2016-12-23,11449.9296875,2263.7900390625,55.15999984741211,1131.9000244140625,0.9580699801445007,53446200.0,2021230000.0,0.12670062816342975,-0.3157619,0.2519047619,100.4917,101.6119,99.35567,3.7,0.5676666618999999
2016-12-26,11449.9296875,2263.7900390625,55.15999984741211,1131.9000244140625,0.9564999938011169,53446200.0,2021230000.0,0.12670062816342975,-0.3157619,0.2519047619,100.4917,101.6119,99.35567,3.7,0.5676666618999999
2016-12-27,11472.240234375,2268.8798828125,56.09000015258789,1137.300048828125,0.9563000202178955,28662200.0,1989730000.0,0.12670062816342975,-0.3157619,0.2519047619,100.4917,101.6119,99.35567,3.7,0.5676666618999999
2016-12-28,11474.990234375,2249.919921875,56.220001220703125,1139.4000244140625,0.955810010433197,45728200.0,2402750000.0,0.12670062816342975,-0.3157619,0.2519047619,100.4917,101.6119,99.35567,3.7,0.5676666618999999
2016-12-29,11451.0498046875,2249.260009765625,56.13999938964844,1156.4000244140625,0.9599699974060059,43753300.0,2338700000.0,0.12670062816342975,-0.3157619,0.2519047619,100.4917,101.6119,99.35567,3.7,0.5676666618999999
2016-12-30,11481.0595703125,2238.830078125,56.130001068115234,1150.0,0.9455999732017517,41810900.0,2671550000.0,0.12670062816342975,-0.3157619,0.2519047619,100.4917,101.6119,99.35567,3.7,0.5676666618999999
2017-01-02,11598.330078125,2238.830078125,56.130001068115234,1150.0,0.949940025806427,47456100.0,2671550000.0,0.12670062816342975,-0.3255455,0.2509090909,102.0087,100.6491,101.0954,3.7,0.5764545909000001
2017-01-03,11584.240234375,2257.830078125,55.470001220703125,1160.4000244140625,0.9560199975967407,88413500.0,3773010000.0,0.12670062816342975,-0.3255455,0.2509090909,102.0087,100.6491,101.0954,3.7,0.5764545909000001
2017-01-04,11584.3095703125,2270.75,56.459999084472656,1163.800048828125,0.9596999883651733,82173600.0,3768890000.0,0.12670062816342975,-0.3255455,0.2509090909,102.0087,100.6491,101.0954,3.7,0.5764545909000001
2017-01-05,11584.9404296875,2269.0,56.88999938964844,1179.699951171875,0.9523000121116638,74924900.0,3785080000.0,0.12670062816342975,-0.3255455,0.2509090909,102.0087,100.6491,101.0954,3.7,0.5764545909000001
2017-01-06,11599.009765625,2276.97998046875,57.099998474121094,1171.9000244140625,0.942870020866394,67084900.0,3342080000.0,0.12670062816342975,-0.3255455,0.2509090909,102.0087,100.6491,101.0954,3.7,0.5764545909000001
2017-01-09,11563.990234375,2268.89990234375,54.939998626708984,1183.5,0.9495000243186951,78728200.0,3219730000.0,0.12670062816342975,-0.3255455,0.2509090909,102.0087,100.6491,101.0954,3.7,0.5764545909000001
2017-01-10,11583.2998046875,2268.89990234375,53.63999938964844,1184.199951171875,0.9444100260734558,86076700.0,3640560000.0,0.12670062816342975,-0.3255455,0.2509090909,102.0087,100.6491,101.0954,3.7,0.5764545909000001
2017-01-11,11646.169921875,2275.320068359375,55.099998474121094,1195.5999755859375,0.9476500153541565,98191900.0,3625080000.0,0.12670062816342975,-0.3255455,0.2509090909,102.0087,100.6491,101.0954,3.7,0.5764545909000001
2017-01-12,11521.0400390625,2270.43994140625,56.0099983215332,1198.9000244140625,0.9435999989509583,98548200.0,3466220000.0,0.12670062816342975,-0.3255455,0.2509090909,102.0087,100.6491,101.0954,3.7,0.5764545909000001
2017-01-13,11629.1796875,2274.639892578125,55.45000076293945,1195.300048828125,0.9419000148773193,80130600.0,3090680000.0,0.12670062816342975,-0.3255455,0.2509090909,102.0087,100.6491,101.0954,3.7,0.5764545909000001
2017-01-16,11554.7099609375,2274.639892578125,55.45000076293945,1195.300048828125,0.940850019454956,61105200.0,3090680000.0,0.12670062816342975,-0.3255455,0.2509090909,102.0087,100.6491,101.0954,3.7,0.5764545909000001
2017-01-17,11540.0,2267.889892578125,55.470001220703125,1212.0,0.9431300163269043,84637400.0,3586950000.0,0.12670062816342975,-0.3255455,0.2509090909,102.0087,100.6491,101.0954,3.7,0.5764545909000001
2017-01-18,11599.3896484375,2271.889892578125,53.91999816894531,1211.300048828125,0.9348599910736084,79838900.0,3317670000.0,0.12670062816342975,-0.3255455,0.2509090909,102.0087,100.6491,101.0954,3.7,0.5764545909000001
2017-01-19,11596.8896484375,2263.68994140625,54.15999984741211,1200.9000244140625,0.9409300088882446,89132300.0,3168390000.0,0.12670062816342975,-0.3255455,0.2509090909,102.0087,100.6491,101.0954,3.7,0.5764545909000001
2017-01-20,11630.1298828125,2271.31005859375,55.4900016784668,1204.300048828125,0.9381099939346313,111382900.0,3536850000.0,0.12670062816342975,-0.3255455,0.2509090909,102.0087,100.6491,101.0954,3.7,0.5764545909000001
2017-01-23,11545.75,2265.199951171875,55.22999954223633,1215.0,0.9333800077438354,77901600.0,3155240000.0,0.12670062816342975,-0.3255455,0.2509090909,102.0087,100.6491,101.0954,3.7,0.5764545909000001
2017-01-24,11594.9404296875,2280.070068359375,55.439998626708984,1210.300048828125,0.9293000102043152,79231000.0,3816950000.0,0.12670062816342975,-0.3255455,0.2509090909,102.0087,100.6491,101.0954,3.7,0.5764545909000001
2017-01-25,11806.0498046875,2298.3701171875,55.08000183105469,1197.300048828125,0.9320799708366394,119515300.0,3849340000.0,0.10057490587993198,-0.3255455,0.2509090909,102.0087,100.6491,101.0954,3.7,0.5764545909000001
2017-01-26,11848.6298828125,2296.679931640625,56.2400016784668,1189.5,0.9300600290298462,90690800.0,3611510000.0,0.10076758345599732,-0.3255455,0.2509090909,102.0087,100.6491,101.0954,3.7,0.5764545909000001
2017-01-27,11814.26953125,2294.68994140625,55.52000045776367,1188.0999755859375,0.9360700249671936,71214800.0,3137420000.0,0.10117572327752838,-0.3255455,0.2509090909,102.0087,100.6491,101.0954,3.7,0.5764545909000001
2017-01-30,11681.8896484375,2280.89990234375,55.22999954223633,1193.199951171875,0.9333599805831909,75301200.0,3595040000.0,0.11019281823433417,-0.3255455,0.2509090909,102.0087,100.6491,101.0954,3.7,0.5764545909000001
2017-01-31,11535.3095703125,2278.8701171875,55.70000076293945,1208.5999755859375,0.9338300228118896,97413600.0,4089730000.0,0.11396397935593437,-0.3255455,0.2509090909,102.0087,100.6491,101.0954,3.7,0.5764545909000001
2017-02-01,11659.5,2279.550048828125,55.65999984741211,1205.5999755859375,0.925599992275238,94496600.0,3919190000.0,0.12006017916261386,-0.3286,0.258,102.0087,101.1213,101.8686,3.6,0.5866
2017-02-02,11627.9501953125,2280.85009765625,56.560001373291016,1216.699951171875,0.9287300109863281,97613900.0,3809760000.0,0.12052065125919052,-0.3286,0.258,102.0087,101.1213,101.8686,3.6,0.5866
2017-02-03,11651.490234375,2297.419921875,56.810001373291016,1218.5,0.9292200207710266,80185400.0,3605970000.0,0.12068243666971117,-0.3286,0.258,102.0087,101.1213,101.8686,3.6,0.5866
2017-02-06,11509.83984375,2292.56005859375,55.720001220703125,1230.0,0.9273899793624878,92395100.0,3112390000.0,0.12806967922957377,-0.3286,0.258,102.0087,101.1213,101.8686,3.6,0.5866
2017-02-07,11549.4404296875,2293.080078125,55.04999923706055,1234.199951171875,0.9308199882507324,70078100.0,3452460000.0,0.12831943286978717,-0.3286,0.258,102.0087,101.1213,101.8686,3.6,0.5866
2017-02-08,11543.3798828125,2294.669921875,55.119998931884766,1237.5999755859375,0.9365000128746033,95316900.0,3611950000.0,0.12817850459230387,-0.3286,0.258,102.0087,101.1213,101.8686,3.6,0.5866
2017-02-09,11642.8603515625,2307.8701171875,55.630001068115234,1235.0999755859375,0.935259997844696,106780800.0,3681600000.0,0.1303800185860331,-0.3286,0.258,102.0087,101.1213,101.8686,3.6,0.5866
2017-02-10,11666.9697265625,2316.10009765625,56.70000076293945,1234.4000244140625,0.9382100105285645,76846100.0,3496600000.0,0.12447452256126626,-0.3286,0.258,102.0087,101.1213,101.8686,3.6,0.5866
2017-02-13,11774.4296875,2328.25,55.59000015258789,1224.4000244140625,0.9416599869728088,76660400.0,3352370000.0,0.12432019486928278,-0.3286,0.258,102.0087,101.1213,101.8686,3.6,0.5866
2017-02-14,11771.8095703125,2337.580078125,55.970001220703125,1223.9000244140625,0.9435300230979919,70471800.0,3528040000.0,0.12173691391881747,-0.3286,0.258,102.0087,101.1213,101.8686,3.6,0.5866
2017-02-15,11793.9296875,2349.25,55.75,1231.699951171875,0.945330023765564,86209800.0,3785870000.0,0.12151262872944814,-0.3286,0.258,102.0087,101.1213,101.8686,3.6,0.5866
2017-02-16,11757.240234375,2347.219970703125,55.650001525878906,1240.0,0.9427400231361389,74134300.0,3675900000.0,0.1213845606007723,-0.3286,0.258,102.0087,101.1213,101.8686,3.6,0.5866
2017-02-17,11757.01953125,2351.159912109375,55.810001373291016,1237.5999755859375,0.9370099902153015,89889600.0,3516830000.0,0.12136835304236326,-0.3286,0.258,102.0087,101.1213,101.8686,3.6,0.5866
2017-02-20,11827.6201171875,2351.159912109375,55.810001373291016,1237.5999755859375,0.9410300254821777,54693400.0,3516830000.0,0.12256155182878693,-0.3286,0.258,102.0087,101.1213,101.8686,3.6,0.5866
2017-02-21,11967.490234375,2365.3798828125,56.65999984741211,1237.5,0.9425600171089172,75495100.0,3587520000.0,0.12450851445783784,-0.3286,0.258,102.0087,101.1213,101.8686,3.6,0.5866
2017-02-22,11998.58984375,2362.820068359375,55.84000015258789,1232.0,0.9485800266265869,91868800.0,3473170000.0,0.12421723403864661,-0.3286,0.258,102.0087,101.1213,101.8686,3.6,0.5866
2017-02-23,11947.830078125,2363.81005859375,56.58000183105469,1250.199951171875,0.9474999904632568,69772500.0,4021770000.0,0.11006866194847446,-0.3286,0.258,102.0087,101.1213,101.8686,3.6,0.5866
2017-02-24,11804.0302734375,2367.340087890625,55.9900016784668,1256.9000244140625,0.9447799921035767,98702100.0,3832410000.0,0.11774027665976743,-0.3286,0.258,102.0087,101.1213,101.8686,3.6,0.5866
2017-02-27,11822.669921875,2369.75,55.93000030517578,1257.4000244140625,0.9476199746131897,62847100.0,3584680000.0,0.1174457295964419,-0.3286,0.258,102.0087,101.1213,101.8686,3.6,0.5866
2017-02-28,11834.41015625,2363.639892578125,55.59000015258789,1252.5999755859375,0.9448000192642212,71294600.0,4212460000.0,0.11007379091216657,-0.3286,0.258,102.0087,101.1213,101.8686,3.6,0.5866
2017-03-01,12067.1904296875,2395.9599609375,55.599998474121094,1248.9000244140625,0.946150004863739,106268000.0,4347630000.0,0.1177470095512708,-0.3293478,0.3482608696,102.0087,101.7034,101.3853,3.6,0.6776086696000001
2017-03-02,12059.5703125,2381.919921875,55.08000183105469,1231.9000244140625,0.9491400122642517,79637900.0,3824030000.0,0.113823019655781,-0.3293478,0.3482608696,102.0087,101.7034,101.3853,3.6,0.6776086696000001
2017-03-03,12027.3603515625,2383.1201171875,55.900001525878906,1225.5,0.9514999985694885,100194300.0,3556670000.0,0.11380626233814858,-0.3293478,0.3482608696,102.0087,101.7034,101.3853,3.6,0.6776086696000001
2017-03-06,11958.400390625,2375.31005859375,56.0099983215332,1224.5,0.9415799975395203,96192800.0,3251800000.0,0.11660943047743996,-0.3293478,0.3482608696,102.0087,101.7034,101.3853,3.6,0.6776086696000001
2017-03-07,11966.1396484375,2368.389892578125,55.91999816894531,1215.0999755859375,0.9452499747276306,76452900.0,3526300000.0,0.10599236330323761,-0.3293478,0.3482608696,102.0087,101.7034,101.3853,3.6,0.6776086696000001
2017-03-08,11967.3095703125,2362.97998046875,53.11000061035156,1208.5,0.9460600018501282,96140500.0,3814080000.0,0.10600247323145849,-0.3293478,0.3482608696,102.0087,101.7034,101.3853,3.6,0.6776086696000001
2017-03-09,11978.3896484375,2364.8701171875,52.189998626708984,1202.4000244140625,0.9480999708175659,102964600.0,3718450000.0,0.10573504468385864,-0.3293478,0.3482608696,102.0087,101.7034,101.3853,3.6,0.6776086696000001
2017-03-10,11963.1796875,2372.60009765625,51.369998931884766,1200.699951171875,0.9453200101852417,107316000.0,3434400000.0,0.10320033318108135,-0.3293478,0.3482608696,102.0087,101.7034,101.3853,3.6,0.6776086696000001
2017-03-13,11990.0302734375,2373.469970703125,51.349998474121094,1202.4000244140625,0.93545001745224,75690500.0,3166650000.0,0.10321814924456302,-0.3293478,0.3482608696,102.0087,101.7034,101.3853,3.6,0.6776086696000001
2017-03-14,11988.7900390625,2365.449951171875,50.91999816894531,1201.9000244140625,0.9388399720191956,105152600.0,3173760000.0,0.09921353754726774,-0.3293478,0.3482608696,102.0087,101.7034,101.3853,3.6,0.6776086696000001
2017-03-15,12009.8701171875,2385.260009765625,51.810001373291016,1200.0999755859375,0.9422900080680847,101358200.0,3909490000.0,0.09917396530070503,-0.3293478,0.3482608696,102.0087,101.7034,101.3853,3.6,0.6776086696000001
2017-03-16,12083.1796875,2381.3798828125,51.7400016784668,1226.5,0.9312800168991089,119337500.0,3368880000.0,0.10072848801455243,-0.3293478,0.3482608696,102.0087,101.7034,101.3853,3.6,0.6776086696000001
2017-03-17,12095.240234375,2378.25,51.7599983215332,1229.800048828125,0.9280999898910522,187435700.0,5179820000.0,0.09952486636991617,-0.3293478,0.3482608696,102.0087,101.7034,101.3853,3.6,0.6776086696000001
2017-03-20,12052.900390625,2373.469970703125,51.619998931884766,1233.5999755859375,0.930840015411377,107350200.0,3061560000.0,0.10085857326350069,-0.3293478,0.3482608696,102.0087,101.7034,101.3853,3.6,0.6776086696000001
2017-03-21,11962.1298828125,2344.02001953125,50.959999084472656,1246.0999755859375,0.9312999844551086,130893800.0,4278890000.0,0.10360151426454554,-0.3293478,0.3482608696,102.0087,101.7034,101.3853,3.6,0.6776086696000001
2017-03-22,11904.1201171875,2348.449951171875,50.63999938964844,1249.300048828125,0.9248600006103516,106874600.0,3575160000.0,0.09662037914146542,-0.3293478,0.3482608696,102.0087,101.7034,101.3853,3.6,0.6776086696000001
2017-03-23,12039.6796875,2345.9599609375,50.560001373291016,1246.9000244140625,0.9267699718475342,84715200.0,3262400000.0,0.10435565199095075,-0.3293478,0.3482608696,102.0087,101.7034,101.3853,3.6,0.6776086696000001
2017-03-24,12064.26953125,2343.97998046875,50.79999923706055,1248.199951171875,0.9273099899291992,92696000.0,2978530000.0,0.10326944183273558,-0.3293478,0.3482608696,102.0087,101.7034,101.3853,3.6,0.6776086696000001
2017-03-27,11996.0703125,2341.590087890625,50.75,1255.4000244140625,0.9217000007629395,86289200.0,3242300000.0,0.09560368609136265,-0.3293478,0.3482608696,102.0087,101.7034,101.3853,3.6,0.6776086696000001
2017-03-28,12149.419921875,2358.570068359375,51.33000183105469,1255.300048828125,0.9207299947738647,92961200.0,3369120000.0,0.10426134477030441,-0.3293478,0.3482608696,102.0087,101.7034,101.3853,3.6,0.6776086696000001
2017-03-29,12203.0,2361.1298828125,52.41999816894531,1253.4000244140625,0.9244099855422974,101247900.0,3107670000.0,0.10479711126036959,-0.3293478,0.3482608696,102.0087,101.7034,101.3853,3.6,0.6776086696000001
2017-03-30,12256.4296875,2368.06005859375,52.959999084472656,1245.0,0.9294000267982483,85850100.0,3159680000.0,0.08234008888282425,-0.3293478,0.3482608696,102.0087,101.7034,101.3853,3.6,0.6776086696000001
2017-03-31,12312.8701171875,2362.719970703125,52.83000183105469,1247.300048828125,0.9357100129127502,109664900.0,3356740000.0,0.08322323077472873,-0.3293478,0.3482608696,102.0087,101.7034,101.3853,3.6,0.6776086696000001
2017-04-03,12257.2001953125,2358.840087890625,53.119998931884766,1250.800048828125,0.937309980392456,85845700.0,3418730000.0,0.08448977695498099,-0.3303889,0.2255555556,102.0087,102.1703,103.3183,3.6,0.5559444555999999
2017-04-04,12282.33984375,2360.159912109375,54.16999816894531,1255.0,0.9372000098228455,114566700.0,3208340000.0,0.08100249393801641,-0.3303889,0.2255555556,102.0087,102.1703,103.3183,3.6,0.5559444555999999
2017-04-05,12217.5400390625,2352.949951171875,54.36000061035156,1245.4000244140625,0.9362999796867371,84216400.0,3780650000.0,0.08412928149303069,-0.3303889,0.2255555556,102.0087,102.1703,103.3183,3.6,0.5559444555999999
2017-04-06,12230.8896484375,2357.489990234375,54.88999938964844,1250.300048828125,0.9369900226593018,74256200.0,3203250000.0,0.08406483000396398,-0.3303889,0.2255555556,102.0087,102.1703,103.3183,3.6,0.5559444555999999
2017-04-07,12225.0595703125,2355.5400390625,55.2400016784668,1254.300048828125,0.9394400119781494,71891000.0,3054700000.0,0.0842314291274539,-0.3303889,0.2255555556,102.0087,102.1703,103.3183,3.6,0.5559444555999999
2017-04-10,12200.51953125,2357.159912109375,55.97999954223633,1251.0999755859375,0.9449999928474426,56772300.0,2792570000.0,0.0845184104207899,-0.3303889,0.2255555556,102.0087,102.1703,103.3183,3.6,0.5559444555999999
2017-04-11,12139.349609375,2353.780029296875,56.22999954223633,1271.199951171875,0.9436100125312805,81596000.0,3120900000.0,0.08682544030649954,-0.3303889,0.2255555556,102.0087,102.1703,103.3183,3.6,0.5559444555999999
2017-04-12,12154.7001953125,2344.929931640625,55.86000061035156,1275.300048828125,0.9423900246620178,74185200.0,3201300000.0,0.08681436756120814,-0.3303889,0.2255555556,102.0087,102.1703,103.3183,3.6,0.5559444555999999
2017-04-13,12109.0,2328.949951171875,55.88999938964844,1285.9000244140625,0.9371500015258789,73577600.0,3146380000.0,0.08803775420994324,-0.3303889,0.2255555556,102.0087,102.1703,103.3183,3.6,0.5559444555999999
2017-04-14,12109.0,2328.949951171875,55.88999938964844,1285.9000244140625,0.9419400095939636,73577600.0,3146380000.0,0.08803775420994324,-0.3303889,0.2255555556,102.0087,102.1703,103.3183,3.6,0.5559444555999999
2017-04-17,12109.0,2349.010009765625,55.36000061035156,1289.4000244140625,0.9424600005149841,73577600.0,2826890000.0,0.08803775420994324,-0.3303889,0.2255555556,102.0087,102.1703,103.3183,3.6,0.5559444555999999
2017-04-18,12000.4404296875,2342.18994140625,54.88999938964844,1291.699951171875,0.9394500255584717,87088100.0,3272210000.0,0.08803775420994324,-0.3303889,0.2255555556,102.0087,102.1703,103.3183,3.6,0.5559444555999999
2017-04-19,12016.4501953125,2338.169921875,52.93000030517578,1281.4000244140625,0.9320799708366394,83247900.0,3521160000.0,0.08803775420994324,-0.3303889,0.2255555556,102.0087,102.1703,103.3183,3.6,0.5559444555999999
2017-04-20,12027.3203125,2355.840087890625,52.9900016784668,1281.9000244140625,0.9332699775695801,82816800.0,3648990000.0,0.08803775420994324,-0.3303889,0.2255555556,102.0087,102.1703,103.3183,3.6,0.5559444555999999
2017-04-21,12048.5703125,2348.68994140625,51.959999084472656,1287.4000244140625,0.9332799911499023,106406900.0,3524160000.0,0.08803775420994324,-0.3303889,0.2255555556,102.0087,102.1703,103.3183,3.6,0.5559444555999999
2017-04-24,12454.98046875,2374.14990234375,51.599998474121094,1275.800048828125,0.9196299910545349,186060600.0,3711170000.0,0.08803775420994324,-0.3303889,0.2255555556,102.0087,102.1703,103.3183,3.6,0.5559444555999999
2017-04-25,12467.0400390625,2388.610107421875,52.099998474121094,1265.5999755859375,0.9204000234603882,91489400.0,4005820000.0,0.08803775420994324,-0.3303889,0.2255555556,102.0087,102.1703,103.3183,3.6,0.5559444555999999
2017-04-26,12472.7998046875,2387.449951171875,51.81999969482422,1262.0999755859375,0.9150599837303162,87667300.0,4111350000.0,0.08803775420994324,-0.3303889,0.2255555556,102.0087,102.1703,103.3183,3.6,0.5559444555999999
2017-04-27,12443.7900390625,2388.77001953125,51.439998626708984,1263.699951171875,0.9166799783706665,101179400.0,4099940000.0,0.08803775420994324,-0.3303889,0.2255555556,102.0087,102.1703,103.3183,3.6,0.5559444555999999
2017-04-28,12438.009765625,2384.199951171875,51.72999954223633,1266.0999755859375,0.92044997215271,101811900.0,3721350000.0,0.08803775420994324,-0.3303889,0.2255555556,102.0087,102.1703,103.3183,3.6,0.5559444555999999
2017-05-01,12438.009765625,2388.330078125,51.52000045776367,1253.300048828125,0.9168000221252441,101811900.0,3201500000.0,0.08803775420994324,-0.3294545,0.3363636364,102.0087,102.3391,103.6082,3.6,0.6658181364
2017-05-02,12507.900390625,2391.169921875,50.459999084472656,1255.0999755859375,0.9166799783706665,85263200.0,3861360000.0,0.08803775420994324,-0.3294545,0.3363636364,102.0087,102.3391,103.6082,3.6,0.6658181364
2017-05-03,12527.83984375,2388.1298828125,50.790000915527344,1246.4000244140625,0.9144399762153625,79318800.0,3896760000.0,0.08803775420994324,-0.3294545,0.3363636364,102.0087,102.3391,103.6082,3.6,0.6658181364
2017-05-04,12647.7802734375,2389.52001953125,48.380001068115234,1226.5,0.9183599948883057,102442000.0,4367860000.0,0.08803775420994324,-0.3294545,0.3363636364,102.0087,102.3391,103.6082,3.6,0.6658181364
2017-05-05,12716.8896484375,2399.2900390625,49.099998474121094,1224.800048828125,0.9106199741363525,104480300.0,3543240000.0,0.08803775420994324,-0.3294545,0.3363636364,102.0087,102.3391,103.6082,3.6,0.6658181364
2017-05-08,12694.5498046875,2399.3798828125,49.34000015258789,1225.300048828125,0.9119799733161926,97719300.0,3429990000.0,0.08803775420994324,-0.3294545,0.3363636364,102.0087,102.3391,103.6082,3.6,0.6658181364
2017-05-09,12749.1201171875,2396.919921875,48.72999954223633,1214.300048828125,0.9150999784469604,109857600.0,3657840000.0,0.08803775420994324,-0.3294545,0.3363636364,102.0087,102.3391,103.6082,3.6,0.6658181364
2017-05-10,12757.4599609375,2399.6298828125,50.220001220703125,1217.300048828125,0.9185400009155273,104830700.0,3649370000.0,0.08803775420994324,-0.3294545,0.3363636364,102.0087,102.3391,103.6082,3.6,0.6658181364
2017-05-11,12711.0595703125,2394.43994140625,50.77000045776367,1222.699951171875,0.9199000000953674,100141500.0,3727710000.0,0.08803775420994324,-0.3294545,0.3363636364,102.0087,102.3391,103.6082,3.6,0.6658181364
2017-05-12,12770.41015625,2390.89990234375,50.84000015258789,1226.199951171875,0.9203900098800659,106195300.0,3304620000.0,0.08803775420994324,-0.3294545,0.3363636364,102.0087,102.3391,103.6082,3.6,0.6658181364
2017-05-15,12807.0400390625,2402.320068359375,51.81999969482422,1228.5999755859375,0.9151399731636047,84466400.0,3490080000.0,0.08803775420994324,-0.3294545,0.3363636364,102.0087,102.3391,103.6082,3.6,0.6658181364
2017-05-16,12804.5302734375,2400.669921875,51.650001525878906,1235.0,0.9106000065803528,77912000.0,3421810000.0,0.08803775420994324,-0.3294545,0.3363636364,102.0087,102.3391,103.6082,3.6,0.6658181364
2017-05-17,12631.6103515625,2357.030029296875,52.209999084472656,1257.5,0.901390016078949,105679600.0,4164760000.0,0.08803775420994324,-0.3294545,0.3363636364,102.0087,102.3391,103.6082,3.6,0.6658181364
2017-05-18,12590.0595703125,2365.719970703125,52.5099983215332,1251.699951171875,0.8963500261306763,119778200.0,4319440000.0,0.08803775420994324,-0.3294545,0.3363636364,102.0087,102.3391,103.6082,3.6,0.6658181364
2017-05-19,12638.6904296875,2381.72998046875,53.61000061035156,1252.699951171875,0.8998000025749207,118293100.0,3831700000.0,0.08803775420994324,-0.3294545,0.3363636364,102.0087,102.3391,103.6082,3.6,0.6658181364
2017-05-22,12619.4599609375,2394.02001953125,53.869998931884766,1260.699951171875,0.8924700021743774,73068700.0,3176580000.0,0.08803775420994324,-0.3294545,0.3363636364,102.0087,102.3391,103.6082,3.6,0.6658181364
2017-05-23,12659.150390625,2398.419921875,54.150001525878906,1254.800048828125,0.889769971370697,88301200.0,3216560000.0,0.08803775420994324,-0.3294545,0.3363636364,102.0087,102.3391,103.6082,3.6,0.6658181364
2017-05-24,12642.8701171875,2404.389892578125,53.959999084472656,1252.4000244140625,0.8945099711418152,71515700.0,3389240000.0,0.08803775420994324,-0.3294545,0.3363636364,102.0087,102.3391,103.6082,3.6,0.6658181364
2017-05-25,12621.7197265625,2415.070068359375,51.459999084472656,1255.800048828125,0.8903999924659729,57697300.0,3538210000.0,0.08803775420994324,-0.3294545,0.3363636364,102.0087,102.3391,103.6082,3.6,0.6658181364
2017-05-26,12602.1796875,2415.820068359375,52.150001525878906,1267.5999755859375,0.8920000195503235,73290800.0,2806930000.0,0.08803775420994324,-0.3294545,0.3363636364,102.0087,102.3391,103.6082,3.6,0.6658181364
2017-05-29,12628.9501953125,2415.820068359375,52.150001525878906,1267.5999755859375,0.8947700262069702,36925100.0,2806930000.0,0.08803775420994324,-0.3294545,0.3363636364,102.0087,102.3391,103.6082,3.6,0.6658181364
2017-05-30,12598.6796875,2412.909912109375,51.84000015258789,1262.0999755859375,0.8985499739646912,72307400.0,3205860000.0,0.08803775420994324,-0.3294545,0.3363636364,102.0087,102.3391,103.6082,3.6,0.6658181364
2017-05-31,12615.0595703125,2411.800048828125,50.310001373291016,1272.0,0.8951200246810913,136040800.0,4518040000.0,0.07316268142681474,-0.3294545,0.3363636364,102.0087,102.3391,103.6082,3.6,0.6658181364
2017-06-01,12664.919921875,2430.06005859375,50.33000183105469,1267.0,0.8894000053405762,87581100.0,3860620000.0,0.07409120250104646,-0.33,0.2504761905,102.0087,102.8404,103.4149,3.5,0.5804761905
2017-06-02,12822.9404296875,2439.070068359375,49.95000076293945,1276.800048828125,0.8916000127792358,88411500.0,3465500000.0,0.07907194664444511,-0.33,0.2504761905,102.0087,102.8404,103.4149,3.5,0.5804761905
2017-06-05,12822.9404296875,2436.10009765625,49.470001220703125,1279.300048828125,0.88646000623703,88411500.0,2916720000.0,0.07907194664444511,-0.33,0.2504761905,102.0087,102.8404,103.4149,3.5,0.5804761905
2017-06-06,12690.1201171875,2429.330078125,50.119998931884766,1294.4000244140625,0.8883500099182129,81639700.0,3376750000.0,0.07907194664444511,-0.33,0.2504761905,102.0087,102.8404,103.4149,3.5,0.5804761905
2017-06-07,12672.490234375,2433.139892578125,48.060001373291016,1290.0999755859375,0.8871999979019165,123266300.0,3576220000.0,0.07907194664444511,-0.33,0.2504761905,102.0087,102.8404,103.4149,3.5,0.5804761905
2017-06-08,12713.580078125,2433.7900390625,47.86000061035156,1276.300048828125,0.888480007648468,97505300.0,3735980000.0,0.07907194664444511,-0.33,0.2504761905,102.0087,102.8404,103.4149,3.5,0.5804761905
2017-06-09,12815.7197265625,2431.77001953125,48.150001525878906,1268.5,0.894070029258728,90523800.0,4029860000.0,0.07907194664444511,-0.33,0.2504761905,102.0087,102.8404,103.4149,3.5,0.5804761905
2017-06-12,12690.4404296875,2429.389892578125,48.290000915527344,1266.0999755859375,0.8927000164985657,94035600.0,4031840000.0,0.07907194664444511,-0.33,0.2504761905,102.0087,102.8404,103.4149,3.5,0.5804761905
2017-06-13,12764.98046875,2440.35009765625,48.720001220703125,1265.800048828125,0.8931599855422974,74520800.0,3278240000.0,0.07907194664444511,-0.33,0.2504761905,102.0087,102.8404,103.4149,3.5,0.5804761905
2017-06-14,12805.9501953125,2437.919921875,47.0,1272.800048828125,0.8921499848365784,103932600.0,3558640000.0,0.07907194664444511,-0.33,0.2504761905,102.0087,102.8404,103.4149,3.5,0.5804761905
2017-06-15,12691.8095703125,2432.4599609375,46.91999816894531,1252.199951171875,0.8916000127792358,119859300.0,3371980000.0,0.07907194664444511,-0.33,0.2504761905,102.0087,102.8404,103.4149,3.5,0.5804761905
2017-06-16,12752.73046875,2433.14990234375,47.369998931884766,1254.0,0.8971099853515625,216892800.0,5299380000.0,0.07907194664444511,-0.33,0.2504761905,102.0087,102.8404,103.4149,3.5,0.5804761905
2017-06-19,12888.9501953125,2453.4599609375,46.90999984741211,1244.199951171875,0.8921999931335449,77935300.0,3271480000.0,0.07907194664444511,-0.33,0.2504761905,102.0087,102.8404,103.4149,3.5,0.5804761905
2017-06-20,12814.7900390625,2437.030029296875,46.02000045776367,1241.0,0.8973000049591064,79018800.0,3422700000.0,0.07907194664444511,-0.33,0.2504761905,102.0087,102.8404,103.4149,3.5,0.5804761905
2017-06-21,12774.259765625,2435.610107421875,44.81999969482422,1243.4000244140625,0.8979099988937378,69868700.0,3599190000.0,0.07907194664444511,-0.33,0.2504761905,102.0087,102.8404,103.4149,3.5,0.5804761905
2017-06-22,12794.0,2434.5,45.220001220703125,1247.5999755859375,0.8954799771308899,71786400.0,3477250000.0,0.07907194664444511,-0.33,0.2504761905,102.0087,102.8404,103.4149,3.5,0.5804761905
2017-06-23,12733.41015625,2438.300048828125,45.540000915527344,1256.199951171875,0.8968899846076965,76118600.0,5282460000.0,0.07907194664444511,-0.33,0.2504761905,102.0087,102.8404,103.4149,3.5,0.5804761905
2017-06-26,12770.830078125,2439.070068359375,45.83000183105469,1246.300048828125,0.8929499983787537,68282500.0,3243660000.0,0.07907194664444511,-0.33,0.2504761905,102.0087,102.8404,103.4149,3.5,0.5804761905
2017-06-27,12671.01953125,2419.3798828125,46.650001525878906,1246.4000244140625,0.8941699862480164,107010400.0,3564770000.0,0.07907194664444511,-0.33,0.2504761905,102.0087,102.8404,103.4149,3.5,0.5804761905
2017-06-28,12647.26953125,2440.68994140625,47.310001373291016,1248.0,0.8819000124931335,103590500.0,3479980000.0,0.07907194664444511,-0.33,0.2504761905,102.0087,102.8404,103.4149,3.5,0.5804761905
2017-06-29,12416.1904296875,2419.699951171875,47.41999816894531,1244.199951171875,0.8785300254821777,115458700.0,3869560000.0,0.07907194664444511,-0.33,0.2504761905,102.0087,102.8404,103.4149,3.5,0.5804761905
2017-06-30,12325.1201171875,2423.409912109375,47.91999816894531,1240.699951171875,0.8740000128746033,103836900.0,3366030000.0,0.07907194664444511,-0.33,0.2504761905,102.0087,102.8404,103.4149,3.5,0.5804761905
2017-07-03,12475.3095703125,2429.010009765625,49.68000030517578,1217.9000244140625,0.8754199743270874,77064400.0,1901480000.0,0.07907194664444511,-0.3304286,0.4557142857,102.0087,103.3389,103.8982,3.5,0.7861428857
2017-07-04,12437.1298828125,2429.010009765625,49.68000030517578,1217.9000244140625,0.8794000148773193,64565700.0,1901480000.0,0.07907194664444511,-0.3304286,0.4557142857,102.0087,103.3389,103.8982,3.5,0.7861428857
2017-07-05,12453.6796875,2432.5400390625,47.790000915527344,1220.4000244140625,0.8802700042724609,82624300.0,3368150000.0,0.11807536925644538,-0.3304286,0.4557142857,102.0087,103.3389,103.8982,3.5,0.7861428857
2017-07-06,12381.25,2409.75,48.11000061035156,1222.199951171875,0.8812999725341797,112350300.0,3368710000.0,0.11931050299186842,-0.3304286,0.4557142857,102.0087,103.3389,103.8982,3.5,0.7861428857
2017-07-07,12388.6796875,2425.179931640625,46.709999084472656,1208.5999755859375,0.8752899765968323,79018600.0,2929390000.0,0.11845246810685355,-0.3304286,0.4557142857,102.0087,103.3389,103.8982,3.5,0.7861428857
2017-07-10,12445.919921875,2427.429931640625,46.880001068115234,1212.0999755859375,0.8769000172615051,69350000.0,3009880000.0,0.11565482108204049,-0.3304286,0.4557142857,102.0087,103.3389,103.8982,3.5,0.7861428857
2017-07-11,12437.01953125,2425.530029296875,47.52000045776367,1213.5999755859375,0.8769000172615051,72659800.0,3108800000.0,0.11154154154099523,-0.3304286,0.4557142857,102.0087,103.3389,103.8982,3.5,0.7861428857
2017-07-12,12626.580078125,2443.25,47.7400016784668,1218.0999755859375,0.8715400099754333,96765800.0,3176900000.0,0.1228914772734541,-0.3304286,0.4557142857,102.0087,103.3389,103.8982,3.5,0.7861428857
2017-07-13,12641.330078125,2447.830078125,48.41999816894531,1216.300048828125,0.8757399916648865,79125000.0,3068510000.0,0.12231919543908885,-0.3304286,0.4557142857,102.0087,103.3389,103.8982,3.5,0.7861428857
2017-07-14,12631.7197265625,2459.27001953125,48.90999984741211,1226.5999755859375,0.8768900036811829,68298600.0,2738460000.0,0.1185290401726945,-0.3304286,0.4557142857,102.0087,103.3389,103.8982,3.5,0.7861428857
2017-07-17,12587.16015625,2459.139892578125,48.41999816894531,1232.800048828125,0.871429979801178,53127900.0,2800580000.0,0.11761022203344844,-0.3304286,0.4557142857,102.0087,103.3389,103.8982,3.5,0.7861428857
2017-07-18,12430.3896484375,2460.610107421875,48.84000015258789,1241.0999755859375,0.8715100288391113,86983300.0,2974090000.0,0.11696340013043167,-0.3304286,0.4557142857,102.0087,103.3389,103.8982,3.5,0.7861428857
2017-07-19,12452.0498046875,2473.830078125,49.70000076293945,1241.199951171875,0.8658199906349182,75200200.0,3063810000.0,0.11656993221744434,-0.3304286,0.4557142857,102.0087,103.3389,103.8982,3.5,0.7861428857
2017-07-20,12447.25,2473.449951171875,49.29999923706055,1244.800048828125,0.8674200177192688,104089900.0,3223820000.0,0.11641988159853506,-0.3304286,0.4557142857,102.0087,103.3389,103.8982,3.5,0.7861428857
2017-07-21,12240.0595703125,2472.5400390625,48.060001373291016,1254.300048828125,0.8599399924278259,132722600.0,3066880000.0,0.12752289633524094,-0.3304286,0.4557142857,102.0087,103.3389,103.8982,3.5,0.7861428857
2017-07-24,12208.9501953125,2469.909912109375,48.599998474121094,1253.9000244140625,0.8560400009155273,86156000.0,3019920000.0,0.12717201321872462,-0.3304286,0.4557142857,102.0087,103.3389,103.8982,3.5,0.7861428857
2017-07-25,12264.3095703125,2477.1298828125,50.20000076293945,1251.699951171875,0.8591899871826172,78204400.0,4116360000.0,0.1280650518326983,-0.3304286,0.4557142857,102.0087,103.3389,103.8982,3.5,0.7861428857
2017-07-26,12305.1103515625,2477.830078125,50.970001220703125,1249.0,0.8587700128555298,79222400.0,3597830000.0,0.12738860714460573,-0.3304286,0.4557142857,102.0087,103.3389,103.8982,3.5,0.7861428857
2017-07-27,12212.0400390625,2475.419921875,51.4900016784668,1259.5999755859375,0.8526600003242493,99753700.0,4035740000.0,0.12918776625658504,-0.3304286,0.4557142857,102.0087,103.3389,103.8982,3.5,0.7861428857
2017-07-28,12162.7001953125,2472.10009765625,52.52000045776367,1268.4000244140625,0.8555300235748291,90333400.0,3302850000.0,0.11468891961019996,-0.3304286,0.4557142857,102.0087,103.3389,103.8982,3.5,0.7861428857
2017-07-31,12118.25,2470.300048828125,52.650001525878906,1266.5999755859375,0.8512600064277649,86603200.0,3475930000.0,0.11280329852659655,-0.3304286,0.4557142857,102.0087,103.3389,103.8982,3.5,0.7861428857
2017-08-01,12251.2900390625,2476.35009765625,52.630001068115234,1272.5999755859375,0.8457300066947937,86925400.0,3470260000.0,0.11111976656635163,-0.329087,0.3460869565,102.0087,103.431,106.3144,3.5,0.6751739565
2017-08-02,12181.48046875,2477.570068359375,52.36000061035156,1271.800048828125,0.8466500043869019,85734300.0,3487150000.0,0.11215499432976174,-0.329087,0.3460869565,102.0087,103.431,106.3144,3.5,0.6751739565
2017-08-03,12154.7197265625,2472.159912109375,52.0099983215332,1267.800048828125,0.8438000082969666,78980400.0,3662410000.0,0.11191074484205214,-0.329087,0.3460869565,102.0087,103.431,106.3144,3.5,0.6751739565
2017-08-04,12297.7197265625,2476.830078125,52.41999816894531,1258.300048828125,0.8414000272750854,95613700.0,3239980000.0,0.1189883775877224,-0.329087,0.3460869565,102.0087,103.431,106.3144,3.5,0.6751739565
2017-08-07,12257.169921875,2480.909912109375,52.369998931884766,1258.199951171875,0.8490099906921387,66014200.0,2935130000.0,0.1193840421418419,-0.329087,0.3460869565,102.0087,103.431,106.3144,3.5,0.6751739565
2017-08-08,12292.0498046875,2474.919921875,52.13999938964844,1256.4000244140625,0.8473899960517883,69019400.0,3347480000.0,0.11858411896103026,-0.329087,0.3460869565,102.0087,103.431,106.3144,3.5,0.6751739565
2017-08-09,12154.0,2474.02001953125,52.70000076293945,1273.0,0.8507300019264221,114678900.0,3310960000.0,0.12421257518562276,-0.329087,0.3460869565,102.0087,103.431,106.3144,3.5,0.6751739565
2017-08-10,12014.2998046875,2438.2099609375,51.900001525878906,1283.699951171875,0.8502299785614014,94920700.0,3635820000.0,0.11410082054167438,-0.329087,0.3460869565,102.0087,103.431,106.3144,3.5,0.6751739565
2017-08-11,12014.0595703125,2441.320068359375,52.099998474121094,1287.699951171875,0.8496000170707703,91074000.0,3161830000.0,0.1137141656983292,-0.329087,0.3460869565,102.0087,103.431,106.3144,3.5,0.6751739565
2017-08-14,12165.1201171875,2465.840087890625,50.72999954223633,1284.199951171875,0.8456299901008606,77716000.0,2824320000.0,0.12495637055080412,-0.329087,0.3460869565,102.0087,103.431,106.3144,3.5,0.6751739565
2017-08-15,12177.0400390625,2464.610107421875,50.79999923706055,1273.699951171875,0.8492000102996826,60311100.0,2922430000.0,0.12512894700094868,-0.329087,0.3460869565,102.0087,103.431,106.3144,3.5,0.6751739565
2017-08-16,12263.8603515625,2468.110107421875,50.27000045776367,1276.9000244140625,0.8517000079154968,64669800.0,2956570000.0,0.12196866105902279,-0.329087,0.3460869565,102.0087,103.431,106.3144,3.5,0.6751739565
2017-08-17,12203.4599609375,2430.010009765625,51.029998779296875,1286.4000244140625,0.8493099808692932,74151700.0,3164950000.0,0.12253122030697366,-0.329087,0.3460869565,102.0087,103.431,106.3144,3.5,0.6751739565
2017-08-18,12165.1904296875,2425.550048828125,52.720001220703125,1285.699951171875,0.8535699844360352,87826700.0,3426970000.0,0.12274706129619563,-0.329087,0.3460869565,102.0087,103.431,106.3144,3.5,0.6751739565
2017-08-21,12065.990234375,2428.3701171875,51.65999984741211,1290.800048828125,0.8506100177764893,69988000.0,2803650000.0,0.112239184974152,-0.329087,0.3460869565,102.0087,103.431,106.3144,3.5,0.6751739565
2017-08-22,12229.33984375,2452.510009765625,51.869998931884766,1285.0999755859375,0.8465999960899353,66555500.0,2780990000.0,0.12221727142705333,-0.329087,0.3460869565,102.0087,103.431,106.3144,3.5,0.6751739565
2017-08-23,12174.2998046875,2444.0400390625,52.56999969482422,1288.9000244140625,0.8501799702644348,63958300.0,2796950000.0,0.1221014195585387,-0.329087,0.3460869565,102.0087,103.431,106.3144,3.5,0.6751739565
2017-08-24,12180.830078125,2438.969970703125,52.040000915527344,1286.5,0.8462700247764587,62852100.0,2849680000.0,0.1214313582628987,-0.329087,0.3460869565,102.0087,103.431,106.3144,3.5,0.6751739565
2017-08-25,12167.9404296875,2443.050048828125,52.40999984741211,1292.5,0.8472999930381775,57519600.0,2593350000.0,0.11869350742360255,-0.329087,0.3460869565,102.0087,103.431,106.3144,3.5,0.6751739565
2017-08-28,12123.4697265625,2444.239990234375,51.88999938964844,1309.699951171875,0.8366900086402893,34804100.0,2682920000.0,0.11854153800926512,-0.329087,0.3460869565,102.0087,103.431,106.3144,3.5,0.6751739565
2017-08-29,11945.8798828125,2446.300048828125,52.0,1313.0999755859375,0.8358500003814697,97873800.0,2739460000.0,0.12837318691342123,-0.329087,0.3460869565,102.0087,103.431,106.3144,3.5,0.6751739565
2017-08-30,12002.4697265625,2457.590087890625,50.86000061035156,1308.0999755859375,0.8353899717330933,57255200.0,2637780000.0,0.12295547803895197,-0.329087,0.3460869565,102.0087,103.431,106.3144,3.5,0.6751739565
2017-08-31,12055.83984375,2471.64990234375,52.380001068115234,1316.199951171875,0.8407999873161316,78301400.0,3353860000.0,0.12303938997707856,-0.329087,0.3460869565,102.0087,103.431,106.3144,3.5,0.6751739565
2017-09-01,12142.6396484375,2476.550048828125,52.31999969482422,1324.5,0.8396000266075134,73532600.0,2712780000.0,0.12565094018723896,-0.329381,0.3471428571,102.0087,103.3505,105.2513,3.4,0.6765238571
2017-09-04,12102.2099609375,2476.550048828125,52.31999969482422,1324.5,0.8415499925613403,43695300.0,2712780000.0,0.11849239417680817,-0.329381,0.3471428571,102.0087,103.3505,105.2513,3.4,0.6765238571
2017-09-05,12123.7099609375,2457.85009765625,53.380001068115234,1339.199951171875,0.8407999873161316,65653200.0,3502190000.0,0.1184141855879841,-0.329381,0.3471428571,102.0087,103.3505,105.2513,3.4,0.6765238571
2017-09-06,12214.5400390625,2465.5400390625,54.20000076293945,1333.9000244140625,0.8386399745941162,83032800.0,3400200000.0,0.12112837006593619,-0.329381,0.3471428571,102.0087,103.3505,105.2513,3.4,0.6765238571
2017-09-07,12296.6298828125,2465.10009765625,54.4900016784668,1345.0999755859375,0.838379979133606,93698400.0,3365780000.0,0.11654303992394527,-0.329381,0.3471428571,102.0087,103.3505,105.2513,3.4,0.6765238571
2017-09-08,12303.98046875,2461.429931640625,53.779998779296875,1346.0,0.8313199877738953,61395700.0,3308360000.0,0.1079686564329055,-0.329381,0.3471428571,102.0087,103.3505,105.2513,3.4,0.6765238571
2017-09-11,12475.240234375,2488.110107421875,53.84000015258789,1331.0,0.8321099877357483,76820300.0,3293460000.0,0.11651304346048072,-0.329381,0.3471428571,102.0087,103.3505,105.2513,3.4,0.6765238571
2017-09-12,12524.76953125,2496.47998046875,54.27000045776367,1328.0,0.8361600041389465,85086300.0,3234280000.0,0.11014656601348682,-0.329381,0.3471428571,102.0087,103.3505,105.2513,3.4,0.6765238571
2017-09-13,12553.5703125,2498.3701171875,55.15999984741211,1323.4000244140625,0.835099995136261,79884400.0,3371370000.0,0.11017629773215326,-0.329381,0.3471428571,102.0087,103.3505,105.2513,3.4,0.6765238571
2017-09-14,12540.4501953125,2495.6201171875,55.470001220703125,1324.699951171875,0.8410000205039978,83038500.0,3422470000.0,0.10851565629403451,-0.329381,0.3471428571,102.0087,103.3505,105.2513,3.4,0.6765238571
2017-09-15,12518.8095703125,2500.22998046875,55.619998931884766,1320.4000244140625,0.8388100266456604,192005900.0,4862970000.0,0.10683601091125061,-0.329381,0.3471428571,102.0087,103.3505,105.2513,3.4,0.6765238571
2017-09-18,12559.3896484375,2503.8701171875,55.47999954223633,1306.300048828125,0.8377199769020081,58346600.0,3204700000.0,0.10582618577718957,-0.329381,0.3471428571,102.0087,103.3505,105.2513,3.4,0.6765238571
2017-09-19,12561.7900390625,2506.64990234375,55.13999938964844,1306.199951171875,0.8361700177192688,74220900.0,3253760000.0,0.09997980162734979,-0.329381,0.3471428571,102.0087,103.3505,105.2513,3.4,0.6765238571
2017-09-20,12569.169921875,2508.239990234375,56.290000915527344,1312.0,0.8338500261306763,101687800.0,3584570000.0,0.09068044366304111,-0.329381,0.3471428571,102.0087,103.3505,105.2513,3.4,0.6765238571
2017-09-21,12600.0302734375,2500.60009765625,56.43000030517578,1290.5999755859375,0.8423100113868713,100812400.0,2965590000.0,0.08822121855824432,-0.329381,0.3471428571,102.0087,103.3505,105.2513,3.4,0.6765238571
2017-09-22,12592.349609375,2502.219970703125,56.86000061035156,1293.300048828125,0.8371300101280212,76471000.0,2877980000.0,0.08849284275481592,-0.329381,0.3471428571,102.0087,103.3505,105.2513,3.4,0.6765238571
2017-09-25,12594.8095703125,2496.659912109375,59.02000045776367,1306.800048828125,0.8384199738502502,78636700.0,3314530000.0,0.08812448219627152,-0.329381,0.3471428571,102.0087,103.3505,105.2513,3.4,0.6765238571
2017-09-26,12605.2001953125,2496.840087890625,58.439998626708984,1297.0,0.8434799909591675,73188900.0,3070770000.0,0.08606389807899399,-0.329381,0.3471428571,102.0087,103.3505,105.2513,3.4,0.6765238571
2017-09-27,12657.41015625,2507.0400390625,57.900001525878906,1283.4000244140625,0.8484600186347961,79754300.0,3485070000.0,0.061818812983469626,-0.329381,0.3471428571,102.0087,103.3505,105.2513,3.4,0.6765238571
2017-09-28,12704.650390625,2510.06005859375,57.40999984741211,1285.5,0.8510900139808655,84947500.0,3173030000.0,0.06151232232089312,-0.329381,0.3471428571,102.0087,103.3505,105.2513,3.4,0.6765238571
2017-09-29,12828.8603515625,2519.360107421875,57.540000915527344,1281.5,0.848770022392273,104900700.0,3220260000.0,0.06600642571544192,-0.329381,0.3471428571,102.0087,103.3505,105.2513,3.4,0.6765238571
2017-10-02,12902.650390625,2529.1201171875,56.119998931884766,1272.699951171875,0.8469300270080566,72676600.0,3226370000.0,0.06502109145705631,-0.3295455,0.3725,102.0087,103.0077,103.7049,3.4,0.7020455
2017-10-03,12902.650390625,2534.580078125,56.0,1271.5,0.8522400259971619,72676600.0,3073480000.0,0.06502109145705631,-0.3295455,0.3725,102.0087,103.0077,103.7049,3.4,0.7020455
2017-10-04,12970.51953125,2537.739990234375,55.79999923706055,1273.699951171875,0.8512399792671204,115228700.0,3020770000.0,0.06502109145705631,-0.3295455,0.3725,102.0087,103.0077,103.7049,3.4,0.7020455
2017-10-05,12968.0498046875,2552.070068359375,57.0,1269.9000244140625,0.8505399823188782,78532500.0,3059730000.0,0.06502109145705631,-0.3295455,0.3725,102.0087,103.0077,103.7049,3.4,0.7020455
2017-10-06,12955.9404296875,2549.330078125,55.619998931884766,1271.5999755859375,0.8537999987602234,73029000.0,2898270000.0,0.06502109145705631,-0.3295455,0.3725,102.0087,103.0077,103.7049,3.4,0.7020455
2017-10-09,12976.400390625,2544.72998046875,55.790000915527344,1281.800048828125,0.851610004901886,60873300.0,2486940000.0,0.06502109145705631,-0.3295455,0.3725,102.0087,103.0077,103.7049,3.4,0.7020455
2017-10-10,12949.25,2550.639892578125,56.61000061035156,1290.5999755859375,0.8516700267791748,65253500.0,2962610000.0,0.06502109145705631,-0.3295455,0.3725,102.0087,103.0077,103.7049,3.4,0.7020455
2017-10-11,12970.6796875,2555.239990234375,56.939998626708984,1285.800048828125,0.8463900089263916,72867400.0,2991320000.0,0.06502109145705631,-0.3295455,0.3725,102.0087,103.0077,103.7049,3.4,0.7020455
2017-10-12,12982.8896484375,2550.929931640625,56.25,1293.300048828125,0.8427799940109253,74255600.0,3157280000.0,0.06502109145705631,-0.3295455,0.3725,102.0087,103.0077,103.7049,3.4,0.7020455
2017-10-13,12991.8701171875,2553.169921875,57.16999816894531,1301.5,0.8451799750328064,68144900.0,3150470000.0,0.06502109145705631,-0.3295455,0.3725,102.0087,103.0077,103.7049,3.4,0.7020455
2017-10-16,13003.7001953125,2557.639892578125,57.81999969482422,1299.9000244140625,0.8464499711990356,54658400.0,2918030000.0,0.06502109145705631,-0.3295455,0.3725,102.0087,103.0077,103.7049,3.4,0.7020455
2017-10-17,12995.0595703125,2559.360107421875,57.880001068115234,1283.0,0.8478500247001648,68180700.0,2901890000.0,0.06502109145705631,-0.3295455,0.3725,102.0087,103.0077,103.7049,3.4,0.7020455
2017-10-18,13043.0302734375,2561.260009765625,58.150001525878906,1279.9000244140625,0.8494799733161926,63736500.0,2999320000.0,0.06502109145705631,-0.3295455,0.3725,102.0087,103.0077,103.7049,3.4,0.7020455
2017-10-19,12990.099609375,2562.10009765625,57.22999954223633,1286.9000244140625,0.8478000164031982,79869000.0,3019520000.0,0.06502109145705631,-0.3295455,0.3725,102.0087,103.0077,103.7049,3.4,0.7020455
2017-10-20,12991.2802734375,2575.2099609375,57.75,1277.4000244140625,0.8440200090408325,81061300.0,3394450000.0,0.06502109145705631,-0.3295455,0.3725,102.0087,103.0077,103.7049,3.4,0.7020455
2017-10-23,13003.1396484375,2564.97998046875,57.369998931884766,1277.699951171875,0.8507999777793884,59592200.0,3214470000.0,0.06502109145705631,-0.3295455,0.3725,102.0087,103.0077,103.7049,3.4,0.7020455
2017-10-24,13013.1904296875,2569.1298828125,58.33000183105469,1275.0,0.8503999710083008,94414800.0,3435660000.0,0.06502109145705631,-0.3295455,0.3725,102.0087,103.0077,103.7049,3.4,0.7020455
2017-10-25,12953.41015625,2557.14990234375,58.439998626708984,1275.4000244140625,0.850409984588623,92501800.0,3885470000.0,0.06502109145705631,-0.3295455,0.3725,102.0087,103.0077,103.7049,3.4,0.7020455
2017-10-26,13133.2802734375,2560.39990234375,59.29999923706055,1266.300048828125,0.8459699749946594,110206500.0,3891750000.0,0.06502109145705631,-0.3295455,0.3725,102.0087,103.0077,103.7049,3.4,0.7020455
2017-10-27,13217.5400390625,2581.070068359375,60.439998626708984,1268.5,0.85930997133255,103764300.0,3896100000.0,0.06502109145705631,-0.3295455,0.3725,102.0087,103.0077,103.7049,3.4,0.7020455
2017-10-30,13229.5703125,2572.830078125,60.900001525878906,1274.0999755859375,0.8617299795150757,71315000.0,3660230000.0,0.06502109145705631,-0.3295455,0.3725,102.0087,103.0077,103.7049,3.4,0.7020455
2017-10-31,13229.5703125,2575.260009765625,61.369998931884766,1267.0,0.8581699728965759,71315000.0,3844420000.0,0.06502109145705631,-0.3295455,0.3725,102.0087,103.0077,103.7049,3.4,0.7020455
2017-11-01,13465.509765625,2579.360107421875,61.290000915527344,1274.0999755859375,0.858240008354187,124587600.0,3841200000.0,0.06502109145705631,-0.329,0.3081818182,102.0087,102.3334,107.3776,3.4,0.6371818182
2017-11-02,13440.9296875,2579.85009765625,60.619998931884766,1274.9000244140625,0.8599399924278259,93972700.0,4050140000.0,0.06502109145705631,-0.329,0.3081818182,102.0087,102.3334,107.3776,3.4,0.6371818182
2017-11-03,13478.8603515625,2587.840087890625,62.06999969482422,1266.5,0.8575000166893005,87298600.0,3568710000.0,0.06502109145705631,-0.329,0.3081818182,102.0087,102.3334,107.3776,3.4,0.6371818182
2017-11-06,13468.7900390625,2591.1298828125,64.2699966430664,1279.4000244140625,0.8609600067138672,89626000.0,3541970000.0,0.06502109145705631,-0.329,0.3081818182,102.0087,102.3334,107.3776,3.4,0.6371818182
2017-11-07,13379.26953125,2590.639892578125,63.689998626708984,1273.699951171875,0.8611299991607666,86286300.0,3815190000.0,0.06502109145705631,-0.329,0.3081818182,102.0087,102.3334,107.3776,3.4,0.6371818182
2017-11-08,13382.419921875,2594.3798828125,63.4900016784668,1281.5999755859375,0.8619899749755859,103230600.0,3898450000.0,0.06502109145705631,-0.329,0.3081818182,102.0087,102.3334,107.3776,3.4,0.6371818182
2017-11-09,13182.5595703125,2584.6201171875,63.93000030517578,1285.5999755859375,0.8622999787330627,140940000.0,3844100000.0,0.06502109145705631,-0.329,0.3081818182,102.0087,102.3334,107.3776,3.4,0.6371818182
2017-11-10,13127.4697265625,2582.300048828125,63.52000045776367,1272.4000244140625,0.8586000204086304,114956600.0,3489740000.0,0.06502109145705631,-0.329,0.3081818182,102.0087,102.3334,107.3776,3.4,0.6371818182
2017-11-13,13074.419921875,2584.840087890625,63.15999984741211,1277.300048828125,0.8575500249862671,101909100.0,3405200000.0,0.06502109145705631,-0.329,0.3081818182,102.0087,102.3334,107.3776,3.4,0.6371818182
2017-11-14,13033.48046875,2578.8701171875,62.209999084472656,1281.5,0.8572700023651123,91396500.0,3643580000.0,0.06502109145705631,-0.329,0.3081818182,102.0087,102.3334,107.3776,3.4,0.6371818182
2017-11-15,12976.3701171875,2564.6201171875,61.869998931884766,1276.5,0.8479700088500977,132081900.0,3586590000.0,0.06502109145705631,-0.329,0.3081818182,102.0087,102.3334,107.3776,3.4,0.6371818182
2017-11-16,13047.2197265625,2585.639892578125,61.36000061035156,1277.4000244140625,0.8479700088500977,99945000.0,3329730000.0,0.06502109145705631,-0.329,0.3081818182,102.0087,102.3334,107.3776,3.4,0.6371818182
2017-11-17,12993.73046875,2578.85009765625,62.720001220703125,1295.800048828125,0.8490800261497498,100900300.0,3309800000.0,0.06502109145705631,-0.329,0.3081818182,102.0087,102.3334,107.3776,3.4,0.6371818182
2017-11-20,13058.66015625,2582.139892578125,62.220001220703125,1274.5999755859375,0.8523799777030945,90392400.0,3023940000.0,0.06502109145705631,-0.329,0.3081818182,102.0087,102.3334,107.3776,3.4,0.6371818182
2017-11-21,13167.5400390625,2599.030029296875,62.56999969482422,1281.0999755859375,0.8517000079154968,100582100.0,3351230000.0,0.06502109145705631,-0.329,0.3081818182,102.0087,102.3334,107.3776,3.4,0.6371818182
2017-11-22,13015.0400390625,2597.080078125,63.31999969482422,1291.5999755859375,0.8519899845123291,80286100.0,2764110000.0,0.06502109145705631,-0.329,0.3081818182,102.0087,102.3334,107.3776,3.4,0.6371818182
2017-11-23,13008.5498046875,2597.080078125,63.31999969482422,1291.5999755859375,0.8464000225067139,69158700.0,2764110000.0,0.06502109145705631,-0.329,0.3081818182,102.0087,102.3334,107.3776,3.4,0.6371818182
2017-11-24,13059.83984375,2602.419921875,63.86000061035156,1286.699951171875,0.8435999751091003,64031900.0,1385890000.0,0.06502109145705631,-0.329,0.3081818182,102.0087,102.3334,107.3776,3.4,0.6371818182
2017-11-27,13000.2001953125,2601.419921875,63.84000015258789,1293.800048828125,0.8384699821472168,64100100.0,3017720000.0,0.06502109145705631,-0.329,0.3081818182,102.0087,102.3334,107.3776,3.4,0.6371818182
2017-11-28,13059.5302734375,2627.0400390625,63.61000061035156,1294.699951171875,0.8399900197982788,66115200.0,3493340000.0,0.06502109145705631,-0.329,0.3081818182,102.0087,102.3334,107.3776,3.4,0.6371818182
2017-11-29,13061.8701171875,2626.070068359375,63.11000061035156,1282.0999755859375,0.8440200090408325,93296900.0,4090630000.0,0.06502109145705631,-0.329,0.3081818182,102.0087,102.3334,107.3776,3.4,0.6371818182
2017-11-30,13023.98046875,2647.580078125,63.56999969482422,1273.199951171875,0.8437399864196777,126013900.0,4965700000.0,0.08918320780844735,-0.329,0.3081818182,102.0087,102.3334,107.3776,3.4,0.6371818182
2017-12-01,12861.490234375,2642.219970703125,63.4900016784668,1278.800048828125,0.8404600024223328,114375600.0,3950930000.0,0.09686662421463979,-0.3278947,0.2968421053,102.0087,102.8958,106.6044,3.4,0.6247368053
2017-12-04,13058.5498046875,2639.43994140625,62.45000076293945,1274.300048828125,0.8431800007820129,85813900.0,4025840000.0,0.11314432098633688,-0.3278947,0.2968421053,102.0087,102.8958,106.6044,3.4,0.6247368053
2017-12-05,13048.5400390625,2629.570068359375,62.86000061035156,1261.5999755859375,0.8426200151443481,81417900.0,3547570000.0,0.11314274981597085,-0.3278947,0.2968421053,102.0087,102.8958,106.6044,3.4,0.6247368053
2017-12-06,12998.849609375,2629.27001953125,61.220001220703125,1262.800048828125,0.8450999855995178,84631500.0,3253080000.0,0.11193170784684127,-0.3278947,0.2968421053,102.0087,102.8958,106.6044,3.4,0.6247368053
2017-12-07,13045.150390625,2636.97998046875,62.20000076293945,1249.800048828125,0.8471500277519226,76453600.0,3297060000.0,0.11311192658769725,-0.3278947,0.2968421053,102.0087,102.8958,106.6044,3.4,0.6247368053
2017-12-08,13153.7001953125,2651.5,63.400001525878906,1245.199951171875,0.8494600057601929,104081300.0,3126750000.0,0.10597006156553841,-0.3278947,0.2968421053,102.0087,102.8958,106.6044,3.4,0.6247368053
2017-12-11,13123.650390625,2659.989990234375,64.69000244140625,1243.699951171875,0.84961998462677,71491100.0,3141480000.0,0.10524819999869899,-0.3278947,0.2968421053,102.0087,102.8958,106.6044,3.4,0.6247368053
2017-12-12,13183.5302734375,2664.110107421875,63.34000015258789,1238.5,0.8490700125694275,76497200.0,3568910000.0,0.105298554348834,-0.3278947,0.2968421053,102.0087,102.8958,106.6044,3.4,0.6247368053
2017-12-13,13125.6396484375,2662.85009765625,62.439998626708984,1245.4000244140625,0.8515999913215637,119136800.0,3568360000.0,0.1059220375230083,-0.3278947,0.2968421053,102.0087,102.8958,106.6044,3.4,0.6247368053
2017-12-14,13068.080078125,2652.010009765625,63.310001373291016,1253.800048828125,0.8448899984359741,121549300.0,3442760000.0,0.10592398762513554,-0.3278947,0.2968421053,102.0087,102.8958,106.6044,3.4,0.6247368053
2017-12-15,13103.5595703125,2675.81005859375,63.22999954223633,1254.300048828125,0.8492599725723267,183649900.0,5736910000.0,0.10467713007959155,-0.3278947,0.2968421053,102.0087,102.8958,106.6044,3.4,0.6247368053
2017-12-18,13312.2998046875,2690.159912109375,63.40999984741211,1262.199951171875,0.8515300154685974,93660800.0,3727770000.0,0.1165686492445399,-0.3278947,0.2968421053,102.0087,102.8958,106.6044,3.4,0.6247368053
2017-12-19,13215.7900390625,2681.469970703125,63.79999923706055,1260.699951171875,0.8485900163650513,73881500.0,3407680000.0,0.1192054437281157,-0.3278947,0.2968421053,102.0087,102.8958,106.6044,3.4,0.6247368053
2017-12-20,13069.169921875,2679.25,64.55999755859375,1266.0999755859375,0.8445000052452087,79842200.0,3246230000.0,0.12227186518042357,-0.3278947,0.2968421053,102.0087,102.8958,106.6044,3.4,0.6247368053
2017-12-21,13109.740234375,2684.570068359375,64.9000015258789,1267.300048828125,0.8418800234794617,70360200.0,3293130000.0,0.11564627483937702,-0.3278947,0.2968421053,102.0087,102.8958,106.6044,3.4,0.6247368053
2017-12-22,13072.7900390625,2683.340087890625,65.25,1275.4000244140625,0.8433600068092346,52876700.0,2401030000.0,0.11614410924409982,-0.3278947,0.2968421053,102.0087,102.8958,106.6044,3.4,0.6247368053
2017-12-25,13072.7900390625,2683.340087890625,65.25,1275.4000244140625,0.8434500098228455,52876700.0,2401030000.0,0.11614410924409982,-0.3278947,0.2968421053,102.0087,102.8958,106.6044,3.4,0.6247368053
2017-12-26,13072.7900390625,2680.5,67.0199966430664,1284.0999755859375,0.8422799706459045,52876700.0,1970660000.0,0.11614410924409982,-0.3278947,0.2968421053,102.0087,102.8958,106.6044,3.4,0.6247368053
2017-12-27,13070.01953125,2682.6201171875,66.44000244140625,1287.0,0.8433200120925903,44677000.0,2202900000.0,0.11614410924409982,-0.3278947,0.2968421053,102.0087,102.8958,106.6044,3.4,0.6247368053
2017-12-28,12979.9404296875,2687.5400390625,66.72000122070312,1294.0999755859375,0.8402799963951111,43152100.0,2174890000.0,0.11614410924409982,-0.3278947,0.2968421053,102.0087,102.8958,106.6044,3.4,0.6247368053
2017-12-29,12917.6396484375,2673.610107421875,66.5999984741211,1306.300048828125,0.8374000191688538,42169200.0,2447760000.0,0.11614410924409982,-0.3278947,0.2968421053,102.0087,102.8958,106.6044,3.4,0.6247368053
2018-01-01,12917.6396484375,2673.610107421875,66.5999984741211,1306.300048828125,0.8329899907112122,42169200.0,2447760000.0,0.11614410924409982,-0.3284545,0.4745454545,103.7756,101.9768,105.9278,3.3,0.8029999545
2018-01-02,12871.3896484375,2695.81005859375,66.56999969482422,1313.699951171875,0.8325300216674805,86049300.0,3397430000.0,0.11614410924409982,-0.3284545,0.4745454545,103.7756,101.9768,105.9278,3.3,0.8029999545
2018-01-03,12978.2099609375,2713.06005859375,67.83999633789062,1316.199951171875,0.8289499878883362,84809300.0,3544030000.0,0.11614410924409982,-0.3284545,0.4745454545,103.7756,101.9768,105.9278,3.3,0.8029999545
2018-01-04,13167.8896484375,2723.989990234375,68.06999969482422,1319.4000244140625,0.832610011100769,101199400.0,3697340000.0,0.11614410924409982,-0.3284545,0.4745454545,103.7756,101.9768,105.9278,3.3,0.8029999545
2018-01-05,13319.6396484375,2743.14990234375,67.62000274658203,1320.300048828125,0.8285800218582153,112555000.0,3239280000.0,0.11614410924409982,-0.3284545,0.4745454545,103.7756,101.9768,105.9278,3.3,0.8029999545
2018-01-08,13367.7802734375,2747.7099609375,67.77999877929688,1318.5999755859375,0.8307399749755859,95005300.0,3246160000.0,0.11614410924409982,-0.3284545,0.4745454545,103.7756,101.9768,105.9278,3.3,0.8029999545
2018-01-09,13385.58984375,2751.2900390625,68.81999969482422,1311.699951171875,0.8353899717330933,94770400.0,3467460000.0,0.11614410924409982,-0.3284545,0.4745454545,103.7756,101.9768,105.9278,3.3,0.8029999545
2018-01-10,13281.33984375,2748.22998046875,69.19999694824219,1317.4000244140625,0.8382700085639954,120334900.0,3579900000.0,0.11614410924409982,-0.3284545,0.4745454545,103.7756,101.9768,105.9278,3.3,0.8029999545
2018-01-11,13202.900390625,2767.56005859375,69.26000213623047,1320.5999755859375,0.8363900184631348,110577300.0,3645690000.0,0.11614410924409982,-0.3284545,0.4745454545,103.7756,101.9768,105.9278,3.3,0.8029999545
2018-01-12,13245.0302734375,2786.239990234375,69.87000274658203,1333.4000244140625,0.8304200172424316,87893300.0,3587220000.0,0.11614410924409982,-0.3284545,0.4745454545,103.7756,101.9768,105.9278,3.3,0.8029999545
2018-01-15,13200.509765625,2786.239990234375,69.87000274658203,1333.4000244140625,0.8201900124549866,58326200.0,3587220000.0,0.11614410924409982,-0.3284545,0.4745454545,103.7756,101.9768,105.9278,3.3,0.8029999545
2018-01-16,13246.330078125,2776.419921875,69.1500015258789,1335.4000244140625,0.8151000142097473,85801600.0,4362880000.0,0.11614410924409982,-0.3284545,0.4745454545,103.7756,101.9768,105.9278,3.3,0.8029999545
2018-01-17,13183.9599609375,2802.56005859375,69.37999725341797,1338.0,0.8149099946022034,88144100.0,3790340000.0,0.11614410924409982,-0.3284545,0.4745454545,103.7756,101.9768,105.9278,3.3,0.8029999545
2018-01-18,13281.4296875,2798.030029296875,69.30999755859375,1326.0,0.8207499980926514,89644100.0,3703300000.0,0.11614410924409982,-0.3284545,0.4745454545,103.7756,101.9768,105.9278,3.3,0.8029999545
2018-01-19,13434.4501953125,2810.300048828125,68.61000061035156,1331.9000244140625,0.8172199726104736,108147200.0,3724230000.0,0.11614410924409982,-0.3284545,0.4745454545,103.7756,101.9768,105.9278,3.3,0.8029999545
2018-01-22,13463.6904296875,2832.969970703125,69.02999877929688,1330.9000244140625,0.8159599900245667,95295700.0,3489480000.0,0.11614410924409982,-0.3284545,0.4745454545,103.7756,101.9768,105.9278,3.3,0.8029999545
2018-01-23,13559.599609375,2839.1298828125,69.95999908447266,1335.699951171875,0.8159099817276001,97239000.0,3541140000.0,0.11614410924409982,-0.3284545,0.4745454545,103.7756,101.9768,105.9278,3.3,0.8029999545
2018-01-24,13414.740234375,2837.5400390625,70.52999877929688,1355.9000244140625,0.8123300075531006,105385100.0,4079270000.0,0.11614410924409982,-0.3284545,0.4745454545,103.7756,101.9768,105.9278,3.3,0.8029999545
2018-01-25,13298.3603515625,2839.25,70.41999816894531,1362.4000244140625,0.8070300221443176,106119200.0,3873100000.0,0.11614410924409982,-0.3284545,0.4745454545,103.7756,101.9768,105.9278,3.3,0.8029999545
2018-01-26,13340.169921875,2872.8701171875,70.5199966430664,1351.5999755859375,0.8069499731063843,75829200.0,3474680000.0,0.11614410924409982,-0.3284545,0.4745454545,103.7756,101.9768,105.9278,3.3,0.8029999545
2018-01-29,13324.48046875,2853.530029296875,69.45999908447266,1351.5999755859375,0.8046299815177917,78822500.0,3587420000.0,0.11614410924409982,-0.3284545,0.4745454545,103.7756,101.9768,105.9278,3.3,0.8029999545
2018-01-30,13197.7099609375,2822.429931640625,69.0199966430664,1335.4000244140625,0.8076800107955933,115152700.0,4012070000.0,0.11614410924409982,-0.3284545,0.4745454545,103.7756,101.9768,105.9278,3.3,0.8029999545
2018-01-31,13189.48046875,2823.81005859375,69.05000305175781,1339.0,0.8058300018310547,111852500.0,4276270000.0,0.11698361326943839,-0.3284545,0.4745454545,103.7756,101.9768,105.9278,3.3,0.8029999545
2018-02-01,13003.900390625,2821.97998046875,69.08000183105469,1344.300048828125,0.8052399754524231,122880100.0,3977380000.0,0.12522714423208003,-0.3285,0.659,103.7756,102.4151,104.1881,3.3,0.9875
2018-02-02,12785.16015625,2762.1298828125,68.58000183105469,1333.699951171875,0.7993599772453308,140869300.0,4340220000.0,0.12673085683183172,-0.3285,0.659,103.7756,102.4151,104.1881,3.3,0.9875
2018-02-05,12687.490234375,2648.93994140625,67.62000274658203,1333.0,0.803409993648529,113937900.0,5310840000.0,0.11932800471674085,-0.3285,0.659,103.7756,102.4151,104.1881,3.3,0.9875
2018-02-06,12392.66015625,2695.139892578125,66.86000061035156,1326.0999755859375,0.8085500001907349,204856800.0,5917350000.0,0.1374745317747244,-0.3285,0.659,103.7756,102.4151,104.1881,3.3,0.9875
2018-02-07,12590.4296875,2681.659912109375,65.51000213623047,1311.5999755859375,0.807669997215271,153471100.0,4646300000.0,0.15254911009505867,-0.3285,0.659,103.7756,102.4151,104.1881,3.3,0.9875
2018-02-08,12260.2900390625,2581.0,64.80999755859375,1316.9000244140625,0.8151199817657471,153991900.0,5333840000.0,0.17214594419376966,-0.3285,0.659,103.7756,102.4151,104.1881,3.3,0.9875
2018-02-09,12107.48046875,2619.550048828125,62.790000915527344,1313.0999755859375,0.8156099915504456,175812900.0,5690110000.0,0.1746633540879009,-0.3285,0.659,103.7756,102.4151,104.1881,3.3,0.9875
2018-02-12,12282.76953125,2656.0,62.59000015258789,1324.199951171875,0.8161399960517883,120024900.0,4069220000.0,0.1846558251384896,-0.3285,0.659,103.7756,102.4151,104.1881,3.3,0.9875
2018-02-13,12196.5,2662.93994140625,62.720001220703125,1328.0999755859375,0.8127599954605103,94601100.0,3503540000.0,0.185051435342339,-0.3285,0.659,103.7756,102.4151,104.1881,3.3,0.9875
2018-02-14,12339.16015625,2698.6298828125,64.36000061035156,1355.5,0.809469997882843,130713000.0,4011940000.0,0.19115805672029765,-0.3285,0.659,103.7756,102.4151,104.1881,3.3,0.9875
2018-02-15,12346.169921875,2731.199951171875,64.33000183105469,1352.0999755859375,0.8021000027656555,111934900.0,3696140000.0,0.19154280696610182,-0.3285,0.659,103.7756,102.4151,104.1881,3.3,0.9875
2018-02-16,12451.9599609375,2732.219970703125,64.83999633789062,1353.199951171875,0.7997699975967407,104230500.0,3646920000.0,0.19239195505866982,-0.3285,0.659,103.7756,102.4151,104.1881,3.3,0.9875
2018-02-19,12385.599609375,2732.219970703125,64.83999633789062,1353.199951171875,0.805679976940155,66917000.0,3646920000.0,0.1850875892257943,-0.3285,0.659,103.7756,102.4151,104.1881,3.3,0.9875
2018-02-20,12487.900390625,2716.260009765625,65.25,1328.800048828125,0.8065400123596191,87127600.0,3646920000.0,0.1887256973603122,-0.3285,0.659,103.7756,102.4151,104.1881,3.3,0.9875
2018-02-21,12470.490234375,2701.330078125,65.41999816894531,1330.0,0.8106799721717834,83382600.0,3789040000.0,0.18494820762228015,-0.3285,0.659,103.7756,102.4151,104.1881,3.3,0.9875
2018-02-22,12461.91015625,2703.9599609375,66.38999938964844,1330.5999755859375,0.8142099976539612,104173000.0,3720620000.0,0.1835749000238757,-0.3285,0.659,103.7756,102.4151,104.1881,3.3,0.9875
2018-02-23,12483.7900390625,2747.300048828125,67.30999755859375,1328.199951171875,0.8112499713897705,97926500.0,3200360000.0,0.1833815347697162,-0.3285,0.659,103.7756,102.4151,104.1881,3.3,0.9875
2018-02-26,12527.0400390625,2779.60009765625,67.5,1330.699951171875,0.8138599991798401,78303000.0,3436590000.0,0.18351886863227476,-0.3285,0.659,103.7756,102.4151,104.1881,3.3,0.9875
2018-02-27,12490.73046875,2744.280029296875,66.62999725341797,1315.5,0.8119800090789795,89864600.0,3752070000.0,0.18340885332749038,-0.3285,0.659,103.7756,102.4151,104.1881,3.3,0.9875
2018-02-28,12435.849609375,2713.830078125,65.77999877929688,1315.5,0.8176400065422058,93391300.0,4244570000.0,0.18197243259643722,-0.3285,0.659,103.7756,102.4151,104.1881,3.3,0.9875
2018-03-01,12190.9404296875,2677.669921875,65.70999908447266,1302.9000244140625,0.8202599883079529,113680600.0,4514490000.0,0.19091666607382318,-0.3279048,0.5295238095,103.7756,103.2239,105.8312,3.3,0.8574286095
2018-03-02,11913.7099609375,2691.25,64.37000274658203,1321.0999755859375,0.8149399757385254,120480800.0,3891250000.0,0.19905554093956865,-0.3279048,0.5295238095,103.7756,103.2239,105.8312,3.3,0.8574286095
2018-03-05,12090.8701171875,2720.93994140625,65.54000091552734,1318.0999755859375,0.8119900226593018,109920600.0,3733640000.0,0.2037260033298231,-0.3279048,0.5295238095,103.7756,103.2239,105.8312,3.3,0.8574286095
2018-03-06,12113.8701171875,2728.1201171875,65.79000091552734,1333.5999755859375,0.8105999827384949,104517000.0,3389030000.0,0.20341930941377137,-0.3279048,0.5295238095,103.7756,103.2239,105.8312,3.3,0.8574286095
2018-03-07,12245.3603515625,2726.800048828125,64.33999633789062,1326.0,0.8053699731826782,92920300.0,3406690000.0,0.19283594393032216,-0.3279048,0.5295238095,103.7756,103.2239,105.8312,3.3,0.8574286095
2018-03-08,12355.5703125,2738.969970703125,63.61000061035156,1319.9000244140625,0.8054999709129333,97759800.0,3206040000.0,0.1867643510674672,-0.3279048,0.5295238095,103.7756,103.2239,105.8312,3.3,0.8574286095
2018-03-09,12346.6796875,2786.570068359375,65.48999786376953,1322.4000244140625,0.8125699758529663,96109700.0,3376870000.0,0.1623800106106258,-0.3279048,0.5295238095,103.7756,103.2239,105.8312,3.3,0.8574286095
2018-03-12,12418.3896484375,2783.02001953125,64.94999694824219,1319.4000244140625,0.8124300241470337,136801400.0,3216960000.0,0.15638932089808102,-0.3279048,0.5295238095,103.7756,103.2239,105.8312,3.3,0.8574286095
2018-03-13,12221.0302734375,2765.31005859375,64.63999938964844,1325.9000244140625,0.8104000091552734,131887900.0,3324290000.0,0.15939169902868586,-0.3279048,0.5295238095,103.7756,103.2239,105.8312,3.3,0.8574286095
2018-03-14,12237.740234375,2749.47998046875,64.88999938964844,1324.4000244140625,0.8069499731063843,104202200.0,3394630000.0,0.15749914915156013,-0.3279048,0.5295238095,103.7756,103.2239,105.8312,3.3,0.8574286095
2018-03-15,12345.5595703125,2747.330078125,65.12000274658203,1316.800048828125,0.8080400228500366,106658200.0,3543710000.0,0.1551460003531902,-0.3279048,0.5295238095,103.7756,103.2239,105.8312,3.3,0.8574286095
2018-03-16,12389.580078125,2752.010009765625,66.20999908447266,1311.300048828125,0.8123999834060669,212840100.0,5429140000.0,0.15561394949384993,-0.3279048,0.5295238095,103.7756,103.2239,105.8312,3.3,0.8574286095
2018-03-19,12217.01953125,2712.919921875,66.05000305175781,1316.800048828125,0.8142799735069275,97309700.0,3327460000.0,0.1598499542702541,-0.3279048,0.5295238095,103.7756,103.2239,105.8312,3.3,0.8574286095
2018-03-20,12307.330078125,2716.93994140625,67.41999816894531,1311.0999755859375,0.8105800151824951,72907500.0,3272590000.0,0.16143311774736416,-0.3279048,0.5295238095,103.7756,103.2239,105.8312,3.3,0.8574286095
2018-03-21,12309.150390625,2711.929931640625,69.47000122070312,1320.699951171875,0.8162000179290771,108917200.0,3434780000.0,0.15846222944694088,-0.3279048,0.5295238095,103.7756,103.2239,105.8312,3.3,0.8574286095
2018-03-22,12100.080078125,2643.68994140625,68.91000366210938,1326.5999755859375,0.8098700046539307,138428600.0,3765460000.0,0.16829739966926488,-0.3279048,0.5295238095,103.7756,103.2239,105.8312,3.3,0.8574286095
2018-03-23,11886.3095703125,2588.260009765625,70.44999694824219,1349.300048828125,0.8113600015640259,145617800.0,3829380000.0,0.17744546567656086,-0.3279048,0.5295238095,103.7756,103.2239,105.8312,3.3,0.8574286095
2018-03-26,11787.259765625,2658.550048828125,70.12000274658203,1354.4000244140625,0.8094300031661987,99857900.0,3538080000.0,0.17805975472832522,-0.3279048,0.5295238095,103.7756,103.2239,105.8312,3.3,0.8574286095
2018-03-27,11970.830078125,2612.6201171875,70.11000061035156,1341.300048828125,0.8027300238609314,98677800.0,3761320000.0,0.1879807566047317,-0.3279048,0.5295238095,103.7756,103.2239,105.8312,3.3,0.8574286095
2018-03-28,11940.7099609375,2605.0,69.52999877929688,1324.199951171875,0.8059399724006653,113396700.0,3875720000.0,0.1879647857150416,-0.3279048,0.5295238095,103.7756,103.2239,105.8312,3.3,0.8574286095
2018-03-29,12096.73046875,2640.8701171875,70.2699966430664,1322.800048828125,0.8123300075531006,111589200.0,3572360000.0,0.19485583285551175,-0.3279048,0.5295238095,103.7756,103.2239,105.8312,3.3,0.8574286095
2018-03-30,12096.73046875,2640.8701171875,70.2699966430664,1322.800048828125,0.8128200173377991,111589200.0,3572360000.0,0.19485583285551175,-0.3279048,0.5295238095,103.7756,103.2239,105.8312,3.3,0.8574286095
2018-04-02,12096.73046875,2581.8798828125,67.63999938964844,1342.0999755859375,0.8120700120925903,111589200.0,3635780000.0,0.19485583285551175,-0.32845,0.48,103.7756,103.2559,105.1546,3.2,0.80845
2018-04-03,12002.4501953125,2614.449951171875,68.12000274658203,1332.800048828125,0.8134899735450745,95226700.0,3395840000.0,0.19485583285551175,-0.32845,0.48,103.7756,103.2559,105.1546,3.2,0.80845
2018-04-04,11957.900390625,2644.68994140625,68.0199966430664,1335.800048828125,0.8144299983978271,107305000.0,3369230000.0,0.19485583285551175,-0.32845,0.48,103.7756,103.2559,105.1546,3.2,0.80845
2018-04-05,12305.1904296875,2662.840087890625,68.33000183105469,1324.300048828125,0.8138800263404846,109092300.0,3230430000.0,0.19485583285551175,-0.32845,0.48,103.7756,103.2559,105.1546,3.2,0.80845
2018-04-06,12241.26953125,2604.469970703125,67.11000061035156,1331.9000244140625,0.8162199854850769,87009100.0,3312390000.0,0.19485583285551175,-0.32845,0.48,103.7756,103.2559,105.1546,3.2,0.80845
2018-04-09,12261.75,2613.159912109375,68.6500015258789,1336.300048828125,0.8148999810218811,77287300.0,3076140000.0,0.19485583285551175,-0.32845,0.48,103.7756,103.2559,105.1546,3.2,0.80845
2018-04-10,12397.3203125,2656.8701171875,71.04000091552734,1342.0,0.8115299940109253,99355700.0,3579130000.0,0.19485583285551175,-0.32845,0.48,103.7756,103.2559,105.1546,3.2,0.80845
2018-04-11,12293.9697265625,2642.18994140625,72.05999755859375,1356.5,0.8088600039482117,98812700.0,3054520000.0,0.19485583285551175,-0.32845,0.48,103.7756,103.2559,105.1546,3.2,0.80845
2018-04-12,12415.009765625,2663.989990234375,72.0199966430664,1338.4000244140625,0.8083000183105469,82053600.0,3045330000.0,0.19485583285551175,-0.32845,0.48,103.7756,103.2559,105.1546,3.2,0.80845
2018-04-13,12442.400390625,2656.300048828125,72.58000183105469,1344.800048828125,0.8110499978065491,76693800.0,2988540000.0,0.19485583285551175,-0.32845,0.48,103.7756,103.2559,105.1546,3.2,0.80845
2018-04-16,12391.41015625,2677.840087890625,71.41999816894531,1347.5,0.8108599781990051,62656800.0,3020740000.0,0.19485583285551175,-0.32845,0.48,103.7756,103.2559,105.1546,3.2,0.80845
2018-04-17,12585.5703125,2706.389892578125,71.58000183105469,1347.199951171875,0.807420015335083,85350700.0,3286190000.0,0.19485583285551175,-0.32845,0.48,103.7756,103.2559,105.1546,3.2,0.80845
2018-04-18,12590.830078125,2708.639892578125,73.4800033569336,1351.199951171875,0.8082000017166138,83029000.0,3412030000.0,0.19485583285551175,-0.32845,0.48,103.7756,103.2559,105.1546,3.2,0.80845
2018-04-19,12567.419921875,2693.1298828125,73.77999877929688,1346.800048828125,0.8078100085258484,70668500.0,3375120000.0,0.19485583285551175,-0.32845,0.48,103.7756,103.2559,105.1546,3.2,0.80845
2018-04-20,12540.5,2670.139892578125,74.05999755859375,1336.699951171875,0.8100100159645081,111680200.0,3428260000.0,0.19485583285551175,-0.32845,0.48,103.7756,103.2559,105.1546,3.2,0.80845
2018-04-23,12572.3896484375,2670.2900390625,74.70999908447266,1322.5,0.814769983291626,78154600.0,3030390000.0,0.19485583285551175,-0.32845,0.48,103.7756,103.2559,105.1546,3.2,0.80845
2018-04-24,12550.8203125,2634.56005859375,73.86000061035156,1331.4000244140625,0.8190699815750122,106073600.0,3716020000.0,0.19485583285551175,-0.32845,0.48,103.7756,103.2559,105.1546,3.2,0.80845
2018-04-25,12422.2998046875,2639.39990234375,74.0,1321.199951171875,0.8169000148773193,108576800.0,3563680000.0,0.19485583285551175,-0.32845,0.48,103.7756,103.2559,105.1546,3.2,0.80845
2018-04-26,12500.4697265625,2666.93994140625,74.73999786376953,1316.300048828125,0.8215799927711487,119856800.0,3690920000.0,0.19485583285551175,-0.32845,0.48,103.7756,103.2559,105.1546,3.2,0.80845
2018-04-27,12580.8701171875,2669.909912109375,74.63999938964844,1320.300048828125,0.8257899880409241,0.0,3234510000.0,0.19485583285551175,-0.32845,0.48,103.7756,103.2559,105.1546,3.2,0.80845
2018-04-30,12612.1103515625,2648.050048828125,75.16999816894531,1316.199951171875,0.8248900175094604,96521000.0,3749510000.0,0.19485583285551175,-0.32845,0.48,103.7756,103.2559,105.1546,3.2,0.80845
2018-05-01,12612.1103515625,2654.800048828125,75.16999816894531,1303.800048828125,0.8277300000190735,96521000.0,3562820000.0,0.19485583285551175,-0.3252273,0.45,103.7756,103.9606,106.701,3.2,0.7752273000000001
2018-05-02,12802.25,2635.669921875,73.36000061035156,1302.5999755859375,0.8339200019836426,110911800.0,4047020000.0,0.19485583285551175,-0.3252273,0.45,103.7756,103.9606,106.701,3.2,0.7752273000000001
2018-05-03,12690.150390625,2629.72998046875,73.62000274658203,1310.699951171875,0.8367499709129333,98817100.0,3867530000.0,0.19485583285551175,-0.3252273,0.45,103.7756,103.9606,106.701,3.2,0.7752273000000001
2018-05-04,12819.599609375,2663.419921875,74.87000274658203,1312.699951171875,0.8340799808502197,99070000.0,3335260000.0,0.19485583285551175,-0.3252273,0.45,103.7756,103.9606,106.701,3.2,0.7752273000000001
2018-05-07,12948.1396484375,2672.6298828125,76.16999816894531,1312.199951171875,0.8364700078964233,64800000.0,3266810000.0,0.19485583285551175,-0.3252273,0.45,103.7756,103.9606,106.701,3.2,0.7752273000000001
2018-05-08,12912.2099609375,2671.919921875,74.8499984741211,1312.0,0.8379600048065186,95587900.0,3745100000.0,0.19485583285551175,-0.3252273,0.45,103.7756,103.9606,106.701,3.2,0.7752273000000001
2018-05-09,12943.0595703125,2697.7900390625,77.20999908447266,1311.300048828125,0.8426100015640259,102677600.0,3913650000.0,0.19485583285551175,-0.3252273,0.45,103.7756,103.9606,106.701,3.2,0.7752273000000001
2018-05-10,13022.8701171875,2723.070068359375,77.47000122070312,1320.800048828125,0.8440799713134766,72155400.0,3380640000.0,0.19485583285551175,-0.3252273,0.45,103.7756,103.9606,106.701,3.2,0.7752273000000001
2018-05-11,13001.240234375,2727.719970703125,77.12000274658203,1319.0,0.8391000032424927,83673800.0,2874850000.0,0.19485583285551175,-0.3252273,0.45,103.7756,103.9606,106.701,3.2,0.7752273000000001
2018-05-14,12977.7099609375,2730.1298828125,78.2300033569336,1316.5,0.8366699814796448,77168000.0,2994360000.0,0.19485583285551175,-0.3252273,0.45,103.7756,103.9606,106.701,3.2,0.7752273000000001
2018-05-15,12970.0400390625,2711.449951171875,78.43000030517578,1288.9000244140625,0.8381400108337402,106592400.0,3291190000.0,0.19485583285551175,-0.3252273,0.45,103.7756,103.9606,106.701,3.2,0.7752273000000001
2018-05-16,12996.330078125,2722.4599609375,79.27999877929688,1290.199951171875,0.8459600210189819,104171700.0,3248480000.0,0.19485583285551175,-0.3252273,0.45,103.7756,103.9606,106.701,3.2,0.7752273000000001
2018-05-17,13114.6103515625,2720.1298828125,79.30000305175781,1288.199951171875,0.8462399840354919,92016400.0,3478150000.0,0.19485583285551175,-0.3252273,0.45,103.7756,103.9606,106.701,3.2,0.7752273000000001
2018-05-18,13077.7197265625,2712.969970703125,78.51000213623047,1290.199951171875,0.8478000164031982,124262900.0,3383270000.0,0.19485583285551175,-0.3252273,0.45,103.7756,103.9606,106.701,3.2,0.7752273000000001
2018-05-21,13077.7197265625,2733.010009765625,79.22000122070312,1290.199951171875,0.8498600125312805,124262900.0,3053480000.0,0.19485583285551175,-0.3252273,0.45,103.7756,103.9606,106.701,3.2,0.7752273000000001
2018-05-22,13169.919921875,2724.43994140625,79.56999969482422,1291.699951171875,0.8479999899864197,109116500.0,3384140000.0,0.19485583285551175,-0.3252273,0.45,103.7756,103.9606,106.701,3.2,0.7752273000000001
2018-05-23,12976.83984375,2733.2900390625,79.80000305175781,1289.300048828125,0.8482800126075745,105439100.0,3333160000.0,0.19485583285551175,-0.3252273,0.45,103.7756,103.9606,106.701,3.2,0.7752273000000001
2018-05-24,12855.08984375,2727.760009765625,78.79000091552734,1303.699951171875,0.8539599776268005,143763000.0,3285750000.0,0.19485583285551175,-0.3252273,0.45,103.7756,103.9606,106.701,3.2,0.7752273000000001
2018-05-25,12938.009765625,2721.330078125,76.44000244140625,1303.300048828125,0.8530499935150146,104044700.0,3015260000.0,0.19485583285551175,-0.3252273,0.45,103.7756,103.9606,106.701,3.2,0.7752273000000001
2018-05-28,12863.4599609375,2721.330078125,76.44000244140625,1303.300048828125,0.8555099964141846,69766800.0,3015260000.0,0.19485583285551175,-0.3252273,0.45,103.7756,103.9606,106.701,3.2,0.7752273000000001
2018-05-29,12666.509765625,2689.860107421875,75.38999938964844,1298.699951171875,0.860069990158081,153964500.0,3743310000.0,0.19485583285551175,-0.3252273,0.45,103.7756,103.9606,106.701,3.2,0.7752273000000001
2018-05-30,12783.759765625,2724.010009765625,77.5,1301.5,0.866599977016449,122609400.0,3566490000.0,0.19485583285551175,-0.3252273,0.45,103.7756,103.9606,106.701,3.2,0.7752273000000001
2018-05-31,12604.8896484375,2705.27001953125,77.58999633789062,1300.0999755859375,0.8571000099182129,184309000.0,4241100000.0,0.19485583285551175,-0.3252273,0.45,103.7756,103.9606,106.701,3.2,0.7752273000000001
2018-06-01,12724.26953125,2734.6201171875,77.58999633789062,1294.800048828125,0.8551999926567078,123414600.0,3694310000.0,0.19485583285551175,-0.3220476,0.3271428571,103.7756,104.0385,106.4111,3.2,0.6491904571
2018-06-04,12770.75,2746.8701171875,75.29000091552734,1293.0999755859375,0.8569999933242798,84511600.0,3410090000.0,0.19485583285551175,-0.3220476,0.3271428571,103.7756,104.0385,106.4111,3.2,0.6491904571
2018-06-05,12787.1298828125,2748.800048828125,75.37999725341797,1297.5,0.8546599745750427,107898300.0,3523550000.0,0.19485583285551175,-0.3220476,0.3271428571,103.7756,104.0385,106.4111,3.2,0.6491904571
2018-06-06,12830.0703125,2772.35009765625,75.36000061035156,1297.0999755859375,0.8527899980545044,106976800.0,3662780000.0,0.19485583285551175,-0.3220476,0.3271428571,103.7756,104.0385,106.4111,3.2,0.6491904571
2018-06-07,12811.0498046875,2770.3701171875,77.31999969482422,1298.699951171875,0.8485000133514404,94068000.0,3742080000.0,0.19485583285551175,-0.3220476,0.3271428571,103.7756,104.0385,106.4111,3.2,0.6491904571
2018-06-08,12766.5498046875,2779.030029296875,76.45999908447266,1298.0999755859375,0.8478000164031982,115025300.0,3138850000.0,0.19485583285551175,-0.3220476,0.3271428571,103.7756,104.0385,106.4111,3.2,0.6491904571
2018-06-11,12842.91015625,2782.0,76.45999908447266,1298.9000244140625,0.848609983921051,108719300.0,3262130000.0,0.19485583285551175,-0.3220476,0.3271428571,103.7756,104.0385,106.4111,3.2,0.6491904571
2018-06-12,12842.2998046875,2786.85009765625,75.87999725341797,1295.0999755859375,0.8493199944496155,100645600.0,3435700000.0,0.19485583285551175,-0.3220476,0.3271428571,103.7756,104.0385,106.4111,3.2,0.6491904571
2018-06-13,12890.580078125,2775.6298828125,76.73999786376953,1296.9000244140625,0.8511899709701538,105696700.0,3820770000.0,0.19485583285551175,-0.3220476,0.3271428571,103.7756,104.0385,106.4111,3.2,0.6491904571
2018-06-14,13107.099609375,2782.489990234375,75.94000244140625,1304.0,0.8468999862670898,136091200.0,3540930000.0,0.19485583285551175,-0.3220476,0.3271428571,103.7756,104.0385,106.4111,3.2,0.6491904571
2018-06-15,13010.5498046875,2779.659912109375,73.44000244140625,1274.5999755859375,0.8645600080490112,257670500.0,5451990000.0,0.19485583285551175,-0.3220476,0.3271428571,103.7756,104.0385,106.4111,3.2,0.6491904571
2018-06-18,12834.1103515625,2773.75,75.33999633789062,1276.199951171875,0.8623700141906738,89102600.0,3316120000.0,0.19485583285551175,-0.3220476,0.3271428571,103.7756,104.0385,106.4111,3.2,0.6491904571
2018-06-19,12677.9697265625,2762.590087890625,75.08000183105469,1275.5999755859375,0.859790027141571,102502200.0,3671160000.0,0.19485583285551175,-0.3220476,0.3271428571,103.7756,104.0385,106.4111,3.2,0.6491904571
2018-06-20,12695.16015625,2767.320068359375,74.73999786376953,1271.199951171875,0.8629199862480164,89617400.0,3332140000.0,0.1456123699880434,-0.3220476,0.3271428571,103.7756,104.0385,106.4111,3.2,0.6491904571
2018-06-21,12511.91015625,2749.760009765625,73.05000305175781,1267.199951171875,0.8636299967765808,111154800.0,3336580000.0,0.14536087004177078,-0.3220476,0.3271428571,103.7756,104.0385,106.4111,3.2,0.6491904571
2018-06-22,12579.7197265625,2754.8798828125,75.55000305175781,1267.4000244140625,0.8616399765014648,83725600.0,5468110000.0,0.14454027109612239,-0.3220476,0.3271428571,103.7756,104.0385,106.4111,3.2,0.6491904571
2018-06-25,12270.330078125,2717.070068359375,74.7300033569336,1265.5999755859375,0.8575299978256226,98566500.0,3663280000.0,0.16320400678493943,-0.3220476,0.3271428571,103.7756,104.0385,106.4111,3.2,0.6491904571
2018-06-26,12234.33984375,2723.06005859375,76.30999755859375,1256.5999755859375,0.8544999957084656,62457100.0,3568900000.0,0.16277852262757428,-0.3220476,0.3271428571,103.7756,104.0385,106.4111,3.2,0.6491904571
2018-06-27,12348.6103515625,2699.6298828125,77.62000274658203,1252.800048828125,0.8583499789237976,127889100.0,3803990000.0,0.1603996166091941,-0.3220476,0.3271428571,103.7756,104.0385,106.4111,3.2,0.6491904571
2018-06-28,12177.23046875,2716.31005859375,77.8499984741211,1247.800048828125,0.8647800087928772,107207500.0,3461100000.0,0.1614850008309826,-0.3220476,0.3271428571,103.7756,104.0385,106.4111,3.2,0.6491904571
2018-06-29,12306.0,2718.3701171875,79.44000244140625,1251.300048828125,0.8648300170898438,114043400.0,3586800000.0,0.1614253253499469,-0.3220476,0.3271428571,103.7756,104.0385,106.4111,3.2,0.6491904571
2018-07-02,12238.169921875,2726.7099609375,77.30000305175781,1239.800048828125,0.8562700152397156,93436600.0,3095040000.0,0.1573642542507569,-0.3207273,0.2745454545,103.7756,104.6044,104.5747,3.2,0.5952727545000001
2018-07-03,12349.1396484375,2713.219970703125,77.76000213623047,1251.5999755859375,0.8589500188827515,93526400.0,1911460000.0,0.1608110573434963,-0.3207273,0.2745454545,103.7756,104.6044,104.5747,3.2,0.5952727545000001
2018-07-04,12317.6103515625,2713.219970703125,77.76000213623047,1251.5999755859375,0.8576899766921997,78417600.0,1911460000.0,0.16050893145038217,-0.3207273,0.2745454545,103.7756,104.6044,104.5747,3.2,0.5952727545000001
2018-07-05,12464.2900390625,2736.610107421875,77.38999938964844,1257.300048828125,0.8574600219726562,114460400.0,2980160000.0,0.16654380189148707,-0.3207273,0.2745454545,103.7756,104.6044,104.5747,3.2,0.5952727545000001
2018-07-06,12496.169921875,2759.820068359375,77.11000061035156,1254.300048828125,0.8550000190734863,0.0,2590250000.0,0.16708248421602062,-0.3207273,0.2745454545,103.7756,104.6044,104.5747,3.2,0.5952727545000001
2018-07-09,12543.8896484375,2784.169921875,78.06999969482422,1258.0999755859375,0.8508999943733215,74724300.0,3070060000.0,0.16770294468902533,-0.3207273,0.2745454545,103.7756,104.6044,104.5747,3.2,0.5952727545000001
2018-07-10,12609.849609375,2793.840087890625,78.86000061035156,1253.800048828125,0.8505600094795227,81853500.0,3080140000.0,0.1673538016206116,-0.3207273,0.2745454545,103.7756,104.6044,104.5747,3.2,0.5952727545000001
2018-07-11,12417.1298828125,2774.02001953125,73.4000015258789,1242.800048828125,0.8527299761772156,84350300.0,2986180000.0,0.1746333214925726,-0.3207273,0.2745454545,103.7756,104.6044,104.5747,3.2,0.5952727545000001
2018-07-12,12492.9697265625,2798.2900390625,74.44999694824219,1245.0,0.8564000129699707,72314800.0,2834230000.0,0.17571796208090995,-0.3207273,0.2745454545,103.7756,104.6044,104.5747,3.2,0.5952727545000001
2018-07-13,12540.73046875,2801.31005859375,75.33000183105469,1239.5999755859375,0.857200026512146,0.0,2619790000.0,0.16412455679827886,-0.3207273,0.2745454545,103.7756,104.6044,104.5747,3.2,0.5952727545000001
2018-07-16,12561.01953125,2798.429931640625,71.83999633789062,1238.0999755859375,0.8562300205230713,97107500.0,2819860000.0,0.1634070354681288,-0.3207273,0.2745454545,103.7756,104.6044,104.5747,3.2,0.5952727545000001
2018-07-17,12661.5400390625,2809.550048828125,72.16000366210938,1225.699951171875,0.8540099859237671,91976300.0,3064920000.0,0.1606053521473171,-0.3207273,0.2745454545,103.7756,104.6044,104.5747,3.2,0.5952727545000001
2018-07-18,12765.9404296875,2815.6201171875,72.9000015258789,1226.300048828125,0.8581299781799316,87635000.0,3111560000.0,0.15761355278722752,-0.3207273,0.2745454545,103.7756,104.6044,104.5747,3.2,0.5952727545000001
2018-07-19,12686.2900390625,2804.489990234375,72.58000183105469,1222.4000244140625,0.8586900234222412,75493900.0,3278360000.0,0.15920689361861778,-0.3207273,0.2745454545,103.7756,104.6044,104.5747,3.2,0.5952727545000001
2018-07-20,12561.419921875,2801.830078125,73.06999969482422,1229.5,0.857990026473999,106490300.0,3243250000.0,0.1546863473724398,-0.3207273,0.2745454545,103.7756,104.6044,104.5747,3.2,0.5952727545000001
2018-07-23,12548.5703125,2806.97998046875,73.05999755859375,1224.0,0.8516499996185303,65205400.0,2928490000.0,0.1535707610786601,-0.3207273,0.2745454545,103.7756,104.6044,104.5747,3.2,0.5952727545000001
2018-07-24,12689.3896484375,2820.39990234375,73.44000244140625,1223.9000244140625,0.8551300168037415,90068800.0,3430410000.0,0.1297907239243357,-0.3207273,0.2745454545,103.7756,104.6044,104.5747,3.2,0.5952727545000001
2018-07-25,12579.330078125,2846.070068359375,73.93000030517578,1231.4000244140625,0.8557599782943726,80817800.0,3584400000.0,0.133796279326748,-0.3207273,0.2745454545,103.7756,104.6044,104.5747,3.2,0.5952727545000001
2018-07-26,12809.23046875,2837.43994140625,74.54000091552734,1225.300048828125,0.8519700169563293,105931000.0,3667290000.0,0.1437250367238476,-0.3207273,0.2745454545,103.7756,104.6044,104.5747,3.2,0.5952727545000001
2018-07-27,12860.400390625,2818.820068359375,74.29000091552734,1222.5999755859375,0.8588899970054626,95634400.0,3434370000.0,0.13204405179881815,-0.3207273,0.2745454545,103.7756,104.6044,104.5747,3.2,0.5952727545000001
2018-07-30,12798.2001953125,2802.60009765625,74.97000122070312,1221.300048828125,0.8575999736785889,70725000.0,3261190000.0,0.13115820225201197,-0.3207273,0.2745454545,103.7756,104.6044,104.5747,3.2,0.5952727545000001
2018-07-31,12805.5,2816.2900390625,74.25,1223.699951171875,0.8541600108146667,106509800.0,3906890000.0,0.12849156025005085,-0.3207273,0.2745454545,103.7756,104.6044,104.5747,3.2,0.5952727545000001
2018-08-01,12737.0498046875,2813.360107421875,74.25,1217.9000244140625,0.855459988117218,93510500.0,3501350000.0,0.12847337279458307,-0.319,0.2908695652,103.7756,104.6653,106.0245,3.2,0.6098695652
2018-08-02,12546.330078125,2827.219970703125,73.44999694824219,1210.5999755859375,0.857200026512146,103271900.0,3501380000.0,0.1400957481269448,-0.319,0.2908695652,103.7756,104.6653,106.0245,3.2,0.6098695652
2018-08-03,12615.759765625,2840.35009765625,73.20999908447266,1214.199951171875,0.8631100058555603,79345300.0,3043690000.0,0.1354559858557495,-0.319,0.2908695652,103.7756,104.6653,106.0245,3.2,0.6098695652
2018-08-06,12598.2099609375,2850.39990234375,73.75,1208.5999755859375,0.8648800253868103,65599400.0,2879020000.0,0.13543127525336812,-0.319,0.2908695652,103.7756,104.6653,106.0245,3.2,0.6098695652
2018-08-07,12648.1904296875,2858.449951171875,74.6500015258789,1209.5999755859375,0.8651999831199646,87114600.0,3185440000.0,0.13547917895882564,-0.319,0.2908695652,103.7756,104.6653,106.0245,3.2,0.6098695652
2018-08-08,12633.5400390625,2857.699951171875,72.27999877929688,1212.5999755859375,0.8618500232696533,89371000.0,2978070000.0,0.1344165183060179,-0.319,0.2908695652,103.7756,104.6653,106.0245,3.2,0.6098695652
2018-08-09,12676.1103515625,2853.580078125,72.06999969482422,1211.9000244140625,0.861270010471344,71701900.0,3066180000.0,0.12247838607625305,-0.319,0.2908695652,103.7756,104.6653,106.0245,3.2,0.6098695652
2018-08-10,12424.349609375,2833.280029296875,72.80999755859375,1211.0999755859375,0.8677600026130676,0.0,3265590000.0,0.14056535988497035,-0.319,0.2908695652,103.7756,104.6653,106.0245,3.2,0.6098695652
2018-08-13,12358.740234375,2821.929931640625,72.61000061035156,1191.300048828125,0.8776000142097473,92773600.0,3173630000.0,0.1407995733079856,-0.319,0.2908695652,103.7756,104.6653,106.0245,3.2,0.6098695652
2018-08-14,12358.8701171875,2839.9599609375,72.45999908447266,1193.0,0.8769999742507935,82021800.0,2986500000.0,0.1405820920025371,-0.319,0.2908695652,103.7756,104.6653,106.0245,3.2,0.6098695652
2018-08-15,12163.009765625,2818.3701171875,70.76000213623047,1177.5,0.8813899755477905,99703000.0,3656680000.0,0.14607504059837087,-0.319,0.2908695652,103.7756,104.6653,106.0245,3.2,0.6098695652
2018-08-16,12237.169921875,2840.68994140625,71.43000030517578,1176.199951171875,0.8815000057220459,81469900.0,3232000000.0,0.14438021336065454,-0.319,0.2908695652,103.7756,104.6653,106.0245,3.2,0.6098695652
2018-08-17,12210.5498046875,2850.1298828125,71.83000183105469,1176.5,0.8794000148773193,86038300.0,3037640000.0,0.14355106853440552,-0.319,0.2908695652,103.7756,104.6653,106.0245,3.2,0.6098695652
2018-08-20,12331.2998046875,2857.050048828125,72.20999908447266,1186.800048828125,0.8743000030517578,59670900.0,2757150000.0,0.14584084406075828,-0.319,0.2908695652,103.7756,104.6653,106.0245,3.2,0.6098695652
2018-08-21,12384.490234375,2862.9599609375,72.62999725341797,1192.5999755859375,0.8702200055122375,68597400.0,3174010000.0,0.1469239479702296,-0.319,0.2908695652,103.7756,104.6653,106.0245,3.2,0.6098695652
2018-08-22,12385.7001953125,2861.820068359375,74.77999877929688,1196.300048828125,0.8637999892234802,77192800.0,2701250000.0,0.14057592950500264,-0.319,0.2908695652,103.7756,104.6653,106.0245,3.2,0.6098695652
2018-08-23,12365.580078125,2856.97998046875,74.7300033569336,1187.0,0.8632000088691711,63669000.0,2724450000.0,0.13789597275023469,-0.319,0.2908695652,103.7756,104.6653,106.0245,3.2,0.6098695652
2018-08-24,12394.51953125,2874.68994140625,75.81999969482422,1206.300048828125,0.8662999868392944,59051400.0,2603010000.0,0.12004266588133884,-0.319,0.2908695652,103.7756,104.6653,106.0245,3.2,0.6098695652
2018-08-27,12538.3095703125,2896.739990234375,76.20999908447266,1209.0,0.8584499955177307,52201900.0,2865070000.0,0.12714222903211564,-0.319,0.2908695652,103.7756,104.6653,106.0245,3.2,0.6098695652
2018-08-28,12527.419921875,2897.52001953125,75.94999694824219,1207.4000244140625,0.85589998960495,72899400.0,2687770000.0,0.1264440235448879,-0.319,0.2908695652,103.7756,104.6653,106.0245,3.2,0.6098695652
2018-08-29,12561.6796875,2914.0400390625,77.13999938964844,1204.5,0.8553400039672852,58192500.0,2805520000.0,0.12700107810873176,-0.319,0.2908695652,103.7756,104.6653,106.0245,3.2,0.6098695652
2018-08-30,12494.240234375,2901.1298828125,77.7699966430664,1197.699951171875,0.8539900183677673,73686200.0,2810450000.0,0.12701141139177824,-0.319,0.2908695652,103.7756,104.6653,106.0245,3.2,0.6098695652
2018-08-31,12364.0595703125,2901.52001953125,77.41999816894531,1200.300048828125,0.8572900295257568,90277000.0,2887220000.0,0.12150682280043223,-0.319,0.2908695652,103.7756,104.6653,106.0245,3.2,0.6098695652
2018-09-03,12346.41015625,2901.52001953125,77.41999816894531,1200.300048828125,0.8619899749755859,50769600.0,2887220000.0,0.11940419207651755,-0.31885,0.3705,103.7756,104.5468,104.768,3.1,0.68935
2018-09-04,12210.2099609375,2896.719970703125,78.16999816894531,1192.699951171875,0.8609200119972229,84476300.0,3087420000.0,0.12436887639757188,-0.31885,0.3705,103.7756,104.5468,104.768,3.1,0.68935
2018-09-05,12040.4599609375,2888.60009765625,77.2699966430664,1194.9000244140625,0.863070011138916,109489900.0,3248780000.0,0.12983022654360113,-0.31885,0.3705,103.7756,104.5468,104.768,3.1,0.68935
2018-09-06,11955.25,2878.050048828125,76.5,1197.9000244140625,0.8594599962234497,87442600.0,3144240000.0,0.13078404566818966,-0.31885,0.3705,103.7756,104.5468,104.768,3.1,0.68935
2018-09-07,11959.6298828125,2871.679931640625,76.83000183105469,1193.5999755859375,0.8605800271034241,101789700.0,2976580000.0,0.12946628027052184,-0.31885,0.3705,103.7756,104.5468,104.768,3.1,0.68935
2018-09-10,11986.33984375,2877.1298828125,77.37000274658203,1193.0,0.8649700284004211,80490500.0,2751100000.0,0.114385370865537,-0.31885,0.3705,103.7756,104.5468,104.768,3.1,0.68935
2018-09-11,11970.26953125,2887.889892578125,79.05999755859375,1195.4000244140625,0.8623700141906738,0.0,2904500000.0,0.11363568669490152,-0.31885,0.3705,103.7756,104.5468,104.768,3.1,0.68935
2018-09-12,12032.2998046875,2888.919921875,79.73999786376953,1204.699951171875,0.8623600006103516,112286500.0,3341280000.0,0.11588888025589004,-0.31885,0.3705,103.7756,104.5468,104.768,3.1,0.68935
2018-09-13,12055.5498046875,2904.179931640625,78.18000030517578,1202.0,0.8598999977111816,97093400.0,3274090000.0,0.10335710079469924,-0.31885,0.3705,103.7756,104.5468,104.768,3.1,0.68935
2018-09-14,12124.330078125,2904.97998046875,78.08999633789062,1195.0,0.8553000092506409,77747100.0,3179410000.0,0.10305505337455122,-0.31885,0.3705,103.7756,104.5468,104.768,3.1,0.68935
2018-09-17,12096.41015625,2888.800048828125,78.05000305175781,1199.699951171875,0.8599200248718262,69270000.0,2967980000.0,0.10308333409984406,-0.31885,0.3705,103.7756,104.5468,104.768,3.1,0.68935
2018-09-18,12157.669921875,2904.31005859375,79.02999877929688,1196.800048828125,0.8569599986076355,84144700.0,3091190000.0,0.09824084389770436,-0.31885,0.3705,103.7756,104.5468,104.768,3.1,0.68935
2018-09-19,12219.01953125,2907.949951171875,79.4000015258789,1202.199951171875,0.8561699986457825,98540100.0,3302460000.0,0.09873944450077295,-0.31885,0.3705,103.7756,104.5468,104.768,3.1,0.68935
2018-09-20,12326.48046875,2930.75,78.69999694824219,1206.199951171875,0.8565599918365479,110135400.0,3406520000.0,0.10399424222163926,-0.31885,0.3705,103.7756,104.5468,104.768,3.1,0.68935
2018-09-21,12430.8798828125,2929.669921875,78.80000305175781,1196.199951171875,0.8491899967193604,400165400.0,5652470000.0,0.10806059063264822,-0.31885,0.3705,103.7756,104.5468,104.768,3.1,0.68935
2018-09-24,12350.8203125,2919.3701171875,81.19999694824219,1199.300048828125,0.8509899973869324,0.0,3392030000.0,0.11020364330721787,-0.31885,0.3705,103.7756,104.5468,104.768,3.1,0.68935
2018-09-25,12374.66015625,2915.56005859375,81.87000274658203,1200.0,0.850849986076355,83206800.0,3330880000.0,0.10200251151395628,-0.31885,0.3705,103.7756,104.5468,104.768,3.1,0.68935
2018-09-26,12385.8896484375,2905.969970703125,81.33999633789062,1194.0,0.8501099944114685,74964500.0,3417540000.0,0.10213030595505271,-0.31885,0.3705,103.7756,104.5468,104.768,3.1,0.68935
2018-09-27,12435.58984375,2914.0,81.72000122070312,1182.300048828125,0.851170003414154,89854700.0,3101360000.0,0.10273773513551891,-0.31885,0.3705,103.7756,104.5468,104.768,3.1,0.68935
2018-09-28,12246.73046875,2913.97998046875,82.72000122070312,1191.5,0.8593000173568726,110639600.0,3461680000.0,0.11369381049311755,-0.31885,0.3705,103.7756,104.5468,104.768,3.1,0.68935
2018-10-01,12339.0302734375,2924.590087890625,84.9800033569336,1187.0999755859375,0.8616700172424316,76918300.0,3375890000.0,0.11180562604240049,-0.3176957,0.3990909091,103.7756,104.6895,104.4781,3.1,0.7167866091
2018-10-02,12287.580078125,2923.429931640625,84.80000305175781,1202.4000244140625,0.8637400269508362,82307700.0,3432620000.0,0.11262482725885656,-0.3176957,0.3990909091,103.7756,104.6895,104.4781,3.1,0.7167866091
2018-10-03,12287.580078125,2925.510009765625,86.29000091552734,1198.300048828125,0.8656700253486633,82307700.0,3625510000.0,0.11262482725885656,-0.3176957,0.3990909091,103.7756,104.6895,104.4781,3.1,0.7167866091
2018-10-04,12244.1396484375,2901.610107421875,84.58000183105469,1197.199951171875,0.8713600039482117,101177000.0,3510370000.0,0.11262482725885656,-0.3176957,0.3990909091,103.7756,104.6895,104.4781,3.1,0.7167866091
2018-10-05,12111.900390625,2885.570068359375,84.16000366210938,1201.199951171875,0.8682000041007996,94036400.0,3340820000.0,0.11262482725885656,-0.3176957,0.3990909091,103.7756,104.6895,104.4781,3.1,0.7167866091
2018-10-08,11947.16015625,2884.429931640625,83.91000366210938,1184.4000244140625,0.8678600192070007,77268800.0,3381820000.0,0.11262482725885656,-0.3176957,0.3990909091,103.7756,104.6895,104.4781,3.1,0.7167866091
2018-10-09,11977.2197265625,2880.340087890625,85.0,1187.199951171875,0.8700100183486938,77186000.0,3531690000.0,0.11262482725885656,-0.3176957,0.3990909091,103.7756,104.6895,104.4781,3.1,0.7167866091
2018-10-10,11712.5,2785.679931640625,83.08999633789062,1189.300048828125,0.8690400123596191,0.0,4554260000.0,0.11262482725885656,-0.3176957,0.3990909091,103.7756,104.6895,104.4781,3.1,0.7167866091
2018-10-11,11539.349609375,2728.3701171875,80.26000213623047,1223.5,0.8670499920845032,142293600.0,4914090000.0,0.11262482725885656,-0.3176957,0.3990909091,103.7756,104.6895,104.4781,3.1,0.7167866091
2018-10-12,11523.8095703125,2767.1298828125,80.43000030517578,1218.0999755859375,0.862779974937439,99171000.0,4024010000.0,0.11262482725885656,-0.3176957,0.3990909091,103.7756,104.6895,104.4781,3.1,0.7167866091
2018-10-15,11614.16015625,2750.7900390625,80.77999877929688,1226.4000244140625,0.8657000064849854,71968200.0,3327160000.0,0.11262482725885656,-0.3176957,0.3990909091,103.7756,104.6895,104.4781,3.1,0.7167866091
2018-10-16,11776.5498046875,2809.919921875,81.41000366210938,1227.300048828125,0.8633000254631042,85693600.0,3460260000.0,0.11262482725885656,-0.3176957,0.3990909091,103.7756,104.6895,104.4781,3.1,0.7167866091
2018-10-17,11715.0302734375,2809.2099609375,80.05000305175781,1223.699951171875,0.8639100193977356,93600200.0,3347090000.0,0.11262482725885656,-0.3176957,0.3990909091,103.7756,104.6895,104.4781,3.1,0.7167866091
2018-10-18,11589.2099609375,2768.780029296875,79.29000091552734,1226.5,0.8694999814033508,97180800.0,3639300000.0,0.11262482725885656,-0.3176957,0.3990909091,103.7756,104.6895,104.4781,3.1,0.7167866091
2018-10-19,11553.830078125,2767.780029296875,79.77999877929688,1225.300048828125,0.8726000189781189,128743800.0,3593940000.0,0.11262482725885656,-0.3176957,0.3990909091,103.7756,104.6895,104.4781,3.1,0.7167866091
2018-10-22,11524.33984375,2755.8798828125,79.83000183105469,1221.199951171875,0.8688499927520752,73772600.0,3331270000.0,0.11262482725885656,-0.3176957,0.3990909091,103.7756,104.6895,104.4781,3.1,0.7167866091
2018-10-23,11274.2802734375,2740.68994140625,76.44000244140625,1233.4000244140625,0.871999979019165,115195200.0,4373710000.0,0.11262482725885656,-0.3176957,0.3990909091,103.7756,104.6895,104.4781,3.1,0.7167866091
2018-10-24,11191.6298828125,2656.10009765625,76.16999816894531,1227.800048828125,0.8715999722480774,117472700.0,4738670000.0,0.11262482725885656,-0.3176957,0.3990909091,103.7756,104.6895,104.4781,3.1,0.7167866091
2018-10-25,11307.1201171875,2705.570068359375,76.88999938964844,1229.0999755859375,0.8772500157356262,0.0,4663930000.0,0.11262482725885656,-0.3176957,0.3990909091,103.7756,104.6895,104.4781,3.1,0.7167866091
2018-10-26,11200.6201171875,2658.68994140625,77.62000274658203,1232.5,0.8788999915122986,138702800.0,4804330000.0,0.11262482725885656,-0.3176957,0.3990909091,103.7756,104.6895,104.4781,3.1,0.7167866091
2018-10-29,11335.48046875,2641.25,77.33999633789062,1224.5,0.8772900104522705,98716300.0,4701260000.0,0.11262482725885656,-0.3176957,0.3990909091,103.7756,104.6895,104.4781,3.1,0.7167866091
2018-10-30,11287.3896484375,2682.6298828125,75.91000366210938,1222.5999755859375,0.8790299892425537,99304800.0,5125600000.0,0.11262482725885656,-0.3176957,0.3990909091,103.7756,104.6895,104.4781,3.1,0.7167866091
2018-10-31,11447.509765625,2711.739990234375,75.47000122070312,1212.300048828125,0.8813400268554688,127284000.0,5133380000.0,0.11262482725885656,-0.3176957,0.3990909091,103.7756,104.6895,104.4781,3.1,0.7167866091
2018-11-01,11468.5400390625,2740.3701171875,75.5,1236.0,0.883650004863739,98851100.0,4730250000.0,0.11262482725885656,-0.3163636,0.3140909091,103.7756,103.5976,102.5451,3.1,0.6304545091
2018-11-02,11518.990234375,2723.06005859375,72.83000183105469,1230.9000244140625,0.8769400119781494,109924000.0,4261230000.0,0.17276381673401264,-0.3163636,0.3140909091,103.7756,103.5976,102.5451,3.1,0.6304545091
2018-11-05,11494.9599609375,2738.31005859375,73.16999816894531,1229.800048828125,0.8773800134658813,69373800.0,3650910000.0,0.17032890029103107,-0.3163636,0.3140909091,103.7756,103.5976,102.5451,3.1,0.6304545091
2018-11-06,11484.33984375,2755.449951171875,72.12999725341797,1223.800048828125,0.8762000203132629,0.0,3543800000.0,0.16544489980641883,-0.3163636,0.3140909091,103.7756,103.5976,102.5451,3.1,0.6304545091
2018-11-07,11579.099609375,2813.889892578125,72.06999969482422,1226.199951171875,0.874239981174469,85986800.0,3929080000.0,0.16850669891089362,-0.3163636,0.3140909091,103.7756,103.5976,102.5451,3.1,0.6304545091
2018-11-08,11527.3203125,2806.830078125,70.6500015258789,1222.9000244140625,0.8745800256729126,80629900.0,3673550000.0,0.15164303580295005,-0.3163636,0.3140909091,103.7756,103.5976,102.5451,3.1,0.6304545091
2018-11-09,11529.16015625,2781.010009765625,70.18000030517578,1206.4000244140625,0.8796300292015076,103701100.0,4029030000.0,0.1427498333441132,-0.3163636,0.3140909091,103.7756,103.5976,102.5451,3.1,0.6304545091
2018-11-12,11325.4404296875,2726.219970703125,70.12000274658203,1201.300048828125,0.8830000162124634,93211100.0,3701570000.0,0.15533002852705993,-0.3163636,0.3140909091,103.7756,103.5976,102.5451,3.1,0.6304545091
2018-11-13,11472.2197265625,2722.179931640625,65.47000122070312,1199.199951171875,0.8902000188827515,100043500.0,4112820000.0,0.15985698748505184,-0.3163636,0.3140909091,103.7756,103.5976,102.5451,3.1,0.6304545091
2018-11-14,11412.5302734375,2701.580078125,66.12000274658203,1207.9000244140625,0.8840799927711487,106400600.0,4449060000.0,0.15149793164173744,-0.3163636,0.3140909091,103.7756,103.5976,102.5451,3.1,0.6304545091
2018-11-15,11353.669921875,2730.199951171875,66.62000274658203,1212.800048828125,0.8840299844741821,96865000.0,4204960000.0,0.15147727260542299,-0.3163636,0.3140909091,103.7756,103.5976,102.5451,3.1,0.6304545091
2018-11-16,11341.0,2736.27001953125,66.76000213623047,1220.800048828125,0.8830100297927856,113018300.0,3996970000.0,0.1476587892699802,-0.3163636,0.3140909091,103.7756,103.5976,102.5451,3.1,0.6304545091
2018-11-19,11244.5400390625,2690.72998046875,66.79000091552734,1223.0999755859375,0.8761199712753296,78718200.0,3806940000.0,0.1498113877685259,-0.3163636,0.3140909091,103.7756,103.5976,102.5451,3.1,0.6304545091
2018-11-20,11066.41015625,2641.889892578125,62.529998779296875,1219.0,0.872979998588562,119967800.0,4370820000.0,0.15811137462255567,-0.3163636,0.3140909091,103.7756,103.5976,102.5451,3.1,0.6304545091
2018-11-21,11244.169921875,2649.929931640625,63.47999954223633,1225.800048828125,0.8793200254440308,92605400.0,3237400000.0,0.1524888734869015,-0.3163636,0.3140909091,103.7756,103.5976,102.5451,3.1,0.6304545091
2018-11-22,11138.490234375,2649.929931640625,63.47999954223633,1225.800048828125,0.8780900239944458,64564400.0,3237400000.0,0.1538889451336251,-0.3163636,0.3140909091,103.7756,103.5976,102.5451,3.1,0.6304545091
2018-11-23,11192.6904296875,2632.56005859375,58.79999923706055,1221.0,0.8769500255584717,63011900.0,1651680000.0,0.15031818581494064,-0.3163636,0.3140909091,103.7756,103.5976,102.5451,3.1,0.6304545091
2018-11-26,11354.7197265625,2673.449951171875,60.47999954223633,1220.199951171875,0.8820400238037109,89434600.0,3523520000.0,0.1550534371148467,-0.3163636,0.3140909091,103.7756,103.5976,102.5451,3.1,0.6304545091
2018-11-27,11309.1103515625,2682.169921875,60.209999084472656,1211.199951171875,0.8823500275611877,75453200.0,3494380000.0,0.1501508211748092,-0.3163636,0.3140909091,103.7756,103.5976,102.5451,3.1,0.6304545091
2018-11-28,11298.8798828125,2743.7900390625,58.7599983215332,1221.4000244140625,0.8850499987602234,72950500.0,3984540000.0,0.1494250876078501,-0.3163636,0.3140909091,103.7756,103.5976,102.5451,3.1,0.6304545091
2018-11-29,11298.23046875,2737.800048828125,59.5099983215332,1224.0999755859375,0.8796200156211853,92388200.0,3599200000.0,0.14036786089297498,-0.3163636,0.3140909091,103.7756,103.5976,102.5451,3.1,0.6304545091
2018-11-30,11257.240234375,2760.169921875,58.709999084472656,1220.199951171875,0.8777499794960022,109013100.0,4668310000.0,0.14045501483792014,-0.3163636,0.3140909091,103.7756,103.5976,102.5451,3.1,0.6304545091
2018-12-03,11465.4599609375,2790.3701171875,61.689998626708984,1233.9000244140625,0.881659984588623,101248500.0,4221580000.0,0.1548434004816665,-0.3118947,0.1870588235,103.7756,104.1211,103.7049,3.1,0.4989535235
2018-12-04,11335.3203125,2700.06005859375,62.08000183105469,1241.0999755859375,0.8806800246238708,83807700.0,4515710000.0,0.1595376311046041,-0.3118947,0.1870588235,103.7756,104.1211,103.7049,3.1,0.4989535235
2018-12-05,11200.240234375,2700.06005859375,62.08000183105469,1241.0999755859375,0.8816099762916565,73386400.0,4515710000.0,0.16427776383613615,-0.3118947,0.1870588235,103.7756,104.1211,103.7049,3.1,0.4989535235
2018-12-06,10810.98046875,2695.949951171875,60.060001373291016,1238.0999755859375,0.8811299800872803,132009900.0,5180430000.0,0.19748972172583523,-0.3118947,0.1870588235,103.7756,104.1211,103.7049,3.1,0.4989535235
2018-12-07,10788.08984375,2633.080078125,61.66999816894531,1246.800048828125,0.8791400194168091,100383400.0,4242240000.0,0.19746545430454854,-0.3118947,0.1870588235,103.7756,104.1211,103.7049,3.1,0.4989535235
2018-12-10,10622.0703125,2637.719970703125,59.970001220703125,1243.699951171875,0.8771200180053711,119543200.0,4162880000.0,0.20155790213030914,-0.3118947,0.1870588235,103.7756,104.1211,103.7049,3.1,0.4989535235
2018-12-11,10780.509765625,2636.780029296875,60.20000076293945,1241.9000244140625,0.8805500268936157,101814600.0,3963440000.0,0.2049206920470884,-0.3118947,0.1870588235,103.7756,104.1211,103.7049,3.1,0.4989535235
2018-12-12,10929.4296875,2651.070068359375,60.150001525878906,1244.4000244140625,0.8831499814987183,103230400.0,4029300000.0,0.20573959341610096,-0.3118947,0.1870588235,103.7756,104.1211,103.7049,3.1,0.4989535235
2018-12-13,10924.7001953125,2650.5400390625,61.45000076293945,1242.699951171875,0.8792399764060974,87998300.0,3978340000.0,0.20553312229570259,-0.3118947,0.1870588235,103.7756,104.1211,103.7049,3.1,0.4989535235
2018-12-14,10865.76953125,2599.949951171875,60.279998779296875,1237.0,0.8799999952316284,81422700.0,4064370000.0,0.20558060914123977,-0.3118947,0.1870588235,103.7756,104.1211,103.7049,3.1,0.4989535235
2018-12-17,10772.2001953125,2545.93994140625,59.61000061035156,1247.4000244140625,0.8844900131225586,85598700.0,4661420000.0,0.20680632158234225,-0.3118947,0.1870588235,103.7756,104.1211,103.7049,3.1,0.4989535235
2018-12-18,10740.8896484375,2546.159912109375,56.2599983215332,1249.199951171875,0.8810700178146362,96287600.0,4519190000.0,0.2056181252380664,-0.3118947,0.1870588235,103.7756,104.1211,103.7049,3.1,0.4989535235
2018-12-19,10766.2099609375,2506.9599609375,57.2400016784668,1252.0999755859375,0.8790900111198425,96506200.0,5152830000.0,0.19987735619842328,-0.3118947,0.1870588235,103.7756,104.1211,103.7049,3.1,0.4989535235
2018-12-20,10611.099609375,2467.419921875,54.349998474121094,1263.5999755859375,0.878000020980835,122450600.0,5619780000.0,0.19445189295772825,-0.3118947,0.1870588235,103.7756,104.1211,103.7049,3.1,0.4989535235
2018-12-21,10633.8203125,2416.6201171875,53.81999969482422,1253.800048828125,0.8728399872779846,216162200.0,7657890000.0,0.19353774521622752,-0.3118947,0.1870588235,103.7756,104.1211,103.7049,3.1,0.4989535235
2018-12-24,10633.8203125,2351.10009765625,50.470001220703125,1267.5,0.879289984703064,216162200.0,2613670000.0,0.19353774521622752,-0.3118947,0.1870588235,103.7756,104.1211,103.7049,3.1,0.4989535235
2018-12-25,10633.8203125,2351.10009765625,50.470001220703125,1267.5,0.8768900036811829,216162200.0,2613670000.0,0.19353774521622752,-0.3118947,0.1870588235,103.7756,104.1211,103.7049,3.1,0.4989535235
2018-12-26,10633.8203125,2467.699951171875,54.470001220703125,1269.199951171875,0.8759999871253967,216162200.0,4249740000.0,0.19353774521622752,-0.3118947,0.1870588235,103.7756,104.1211,103.7049,3.1,0.4989535235
2018-12-27,10381.509765625,2488.830078125,52.15999984741211,1277.300048828125,0.8801800012588501,104152600.0,4139010000.0,0.19353774521622752,-0.3118947,0.1870588235,103.7756,104.1211,103.7049,3.1,0.4989535235
2018-12-28,10558.9599609375,2485.739990234375,52.20000076293945,1279.9000244140625,0.874809980392456,52604300.0,3728440000.0,0.19353774521622752,-0.3118947,0.1870588235,103.7756,104.1211,103.7049,3.1,0.4989535235
2018-12-31,10558.9599609375,2506.85009765625,53.79999923706055,1278.300048828125,0.8741300106048584,52604300.0,3461920000.0,0.19353774521622752,-0.3118947,0.1870588235,103.7756,104.1211,103.7049,3.1,0.4989535235
2019-01-01,10558.9599609375,2506.85009765625,53.79999923706055,1278.300048828125,0.8700900077819824,52604300.0,3461920000.0,0.19353774521622752,-0.308,0.1327272727,105.2759,103.3222,103.4149,3.0,0.4407272727
2019-01-02,10580.1904296875,2510.030029296875,54.90999984741211,1281.0,0.8724700212478638,79626700.0,3733160000.0,0.19353774521622752,-0.308,0.1327272727,105.2759,103.3222,103.4149,3.0,0.4407272727
2019-01-03,10416.66015625,2447.889892578125,55.95000076293945,1291.800048828125,0.8835399746894836,84733800.0,3858830000.0,0.19353774521622752,-0.308,0.1327272727,105.2759,103.3222,103.4149,3.0,0.4407272727
2019-01-04,10767.6904296875,2531.93994140625,57.060001373291016,1282.699951171875,0.8778799772262573,95339500.0,4234140000.0,0.19353774521622752,-0.308,0.1327272727,105.2759,103.3222,103.4149,3.0,0.4407272727
2019-01-07,10747.8095703125,2549.68994140625,57.33000183105469,1286.800048828125,0.8763899803161621,71151400.0,4133120000.0,0.19353774521622752,-0.308,0.1327272727,105.2759,103.3222,103.4149,3.0,0.4407272727
2019-01-08,10803.98046875,2574.409912109375,58.720001220703125,1283.199951171875,0.8711000084877014,93672200.0,4120060000.0,0.19353774521622752,-0.308,0.1327272727,105.2759,103.3222,103.4149,3.0,0.4407272727
2019-01-09,10893.3203125,2584.9599609375,61.439998626708984,1289.300048828125,0.8729000091552734,96071900.0,4088740000.0,0.19353774521622752,-0.308,0.1327272727,105.2759,103.3222,103.4149,3.0,0.4407272727
2019-01-10,10921.58984375,2596.639892578125,61.68000030517578,1284.699951171875,0.8654299974441528,77255600.0,3721300000.0,0.19353774521622752,-0.308,0.1327272727,105.2759,103.3222,103.4149,3.0,0.4407272727
2019-01-11,10887.4599609375,2596.260009765625,60.47999954223633,1287.0999755859375,0.8687999844551086,75537200.0,3447460000.0,0.19353774521622752,-0.308,0.1327272727,105.2759,103.3222,103.4149,3.0,0.4407272727
2019-01-14,10855.91015625,2582.610107421875,58.9900016784668,1289.0999755859375,0.8725900053977966,65945800.0,3689370000.0,0.19353774521622752,-0.308,0.1327272727,105.2759,103.3222,103.4149,3.0,0.4407272727
2019-01-15,10891.7900390625,2610.300048828125,60.63999938964844,1286.199951171875,0.8716199994087219,80197500.0,3601180000.0,0.19353774521622752,-0.308,0.1327272727,105.2759,103.3222,103.4149,3.0,0.4407272727
2019-01-16,10931.240234375,2616.10009765625,61.31999969482422,1291.5999755859375,0.8758999705314636,79810600.0,3882180000.0,0.19353774521622752,-0.308,0.1327272727,105.2759,103.3222,103.4149,3.0,0.4407272727
2019-01-17,10918.6201171875,2635.9599609375,61.18000030517578,1291.0,0.8773400187492371,79327000.0,3802410000.0,0.19353774521622752,-0.308,0.1327272727,105.2759,103.3222,103.4149,3.0,0.4407272727
2019-01-18,11205.5400390625,2670.7099609375,62.70000076293945,1281.300048828125,0.8777599930763245,119133600.0,4009010000.0,0.19353774521622752,-0.308,0.1327272727,105.2759,103.3222,103.4149,3.0,0.4407272727
2019-01-21,11136.2001953125,2670.7099609375,62.70000076293945,1281.300048828125,0.8798499703407288,65955200.0,4009010000.0,0.19353774521622752,-0.308,0.1327272727,105.2759,103.3222,103.4149,3.0,0.4407272727
2019-01-22,11090.1103515625,2632.89990234375,61.5,1282.5,0.8795599937438965,73446100.0,3923950000.0,0.19353774521622752,-0.308,0.1327272727,105.2759,103.3222,103.4149,3.0,0.4407272727
2019-01-23,11071.5400390625,2638.699951171875,61.13999938964844,1283.0999755859375,0.8799700140953064,87752900.0,3358770000.0,0.19353774521622752,-0.308,0.1327272727,105.2759,103.3222,103.4149,3.0,0.4407272727
2019-01-24,11130.1796875,2642.330078125,61.09000015258789,1279.0999755859375,0.8780999779701233,110548100.0,3449230000.0,0.19353774521622752,-0.308,0.1327272727,105.2759,103.3222,103.4149,3.0,0.4407272727
2019-01-25,11281.7900390625,2664.760009765625,61.63999938964844,1297.4000244140625,0.883899986743927,99999800.0,3821000000.0,0.19353774521622752,-0.308,0.1327272727,105.2759,103.3222,103.4149,3.0,0.4407272727
2019-01-28,11210.3095703125,2643.85009765625,59.93000030517578,1302.4000244140625,0.8761900067329407,73121100.0,3630820000.0,0.19353774521622752,-0.308,0.1327272727,105.2759,103.3222,103.4149,3.0,0.4407272727
2019-01-29,11218.830078125,2640.0,61.31999969482422,1308.199951171875,0.8748900294303894,75129000.0,3518070000.0,0.19353774521622752,-0.308,0.1327272727,105.2759,103.3222,103.4149,3.0,0.4407272727
2019-01-30,11181.66015625,2681.050048828125,61.650001525878906,1309.9000244140625,0.8744800090789795,73630500.0,3883270000.0,0.19353774521622752,-0.308,0.1327272727,105.2759,103.3222,103.4149,3.0,0.4407272727
2019-01-31,11173.099609375,2704.10009765625,61.88999938964844,1319.699951171875,0.8705000281333923,111945200.0,4953800000.0,0.17354789771561954,-0.308,0.1327272727,105.2759,103.3222,103.4149,3.0,0.4407272727
2019-02-01,11180.66015625,2706.530029296875,61.869998931884766,1316.9000244140625,0.8733999729156494,101700800.0,3782490000.0,0.16086818328839803,-0.30845,0.0555,105.2759,103.7281,102.8351,3.0,0.36395
2019-02-04,11176.580078125,2724.8701171875,62.5099983215332,1314.300048828125,0.8729599714279175,74165400.0,3369450000.0,0.11753590571153243,-0.30845,0.0555,105.2759,103.7281,102.8351,3.0,0.36395
2019-02-05,11367.98046875,2737.699951171875,61.97999954223633,1314.199951171875,0.8744099736213684,89418800.0,3597620000.0,0.128021079856445,-0.30845,0.0555,105.2759,103.7281,102.8351,3.0,0.36395
2019-02-06,11324.7197265625,2731.610107421875,62.689998626708984,1309.5,0.8764299750328064,75894800.0,3486590000.0,0.12959383584091178,-0.30845,0.0555,105.2759,103.7281,102.8351,3.0,0.36395
2019-02-07,11022.01953125,2706.050048828125,61.630001068115234,1309.4000244140625,0.8798199892044067,108021800.0,4114040000.0,0.16188576396383994,-0.30845,0.0555,105.2759,103.7281,102.8351,3.0,0.36395
2019-02-08,10906.7802734375,2707.8798828125,62.099998474121094,1313.699951171875,0.8819299936294556,102300800.0,3649510000.0,0.16612518490412015,-0.30845,0.0555,105.2759,103.7281,102.8351,3.0,0.36395
2019-02-11,11014.58984375,2709.800048828125,61.5099983215332,1307.0,0.8830599784851074,69553100.0,3395330000.0,0.1691395428750911,-0.30845,0.0555,105.2759,103.7281,102.8351,3.0,0.36395
2019-02-12,11126.080078125,2744.72998046875,62.41999816894531,1309.199951171875,0.8866000175476074,74843600.0,3843020000.0,0.17173370141514346,-0.30845,0.0555,105.2759,103.7281,102.8351,3.0,0.36395
2019-02-13,11167.2197265625,2753.030029296875,63.61000061035156,1310.800048828125,0.8822500109672546,69772400.0,3684910000.0,0.1717989138401331,-0.30845,0.0555,105.2759,103.7281,102.8351,3.0,0.36395
2019-02-14,11089.7900390625,2745.72998046875,64.56999969482422,1309.800048828125,0.8877099752426147,83384200.0,3845390000.0,0.17383847700137842,-0.30845,0.0555,105.2759,103.7281,102.8351,3.0,0.36395
2019-02-15,11299.7998046875,2775.60009765625,66.25,1318.0999755859375,0.8853200078010559,105640900.0,3648680000.0,0.18467054944134498,-0.30845,0.0555,105.2759,103.7281,102.8351,3.0,0.36395
2019-02-18,11299.2001953125,2775.60009765625,66.25,1318.0999755859375,0.8851100206375122,55484300.0,3648680000.0,0.16159940841502043,-0.30845,0.0555,105.2759,103.7281,102.8351,3.0,0.36395
2019-02-19,11309.2099609375,2779.760009765625,66.44999694824219,1340.0999755859375,0.8840199708938599,67147500.0,3535270000.0,0.15978822541646948,-0.30845,0.0555,105.2759,103.7281,102.8351,3.0,0.36395
2019-02-20,11401.9697265625,2784.699951171875,67.08000183105469,1343.300048828125,0.881600022315979,71844800.0,3904830000.0,0.16071500149304527,-0.30845,0.0555,105.2759,103.7281,102.8351,3.0,0.36395
2019-02-21,11423.2802734375,2774.8798828125,67.06999969482422,1323.5,0.8813400268554688,77779400.0,3598260000.0,0.1603374272223702,-0.30845,0.0555,105.2759,103.7281,102.8351,3.0,0.36395
2019-02-22,11457.7001953125,2792.669921875,67.12000274658203,1329.199951171875,0.881600022315979,66893800.0,3429350000.0,0.15985762825497807,-0.30845,0.0555,105.2759,103.7281,102.8351,3.0,0.36395
2019-02-25,11505.3896484375,2796.110107421875,64.76000213623047,1325.9000244140625,0.881659984588623,69949900.0,3860260000.0,0.15401994720397302,-0.30845,0.0555,105.2759,103.7281,102.8351,3.0,0.36395
2019-02-26,11540.7900390625,2793.89990234375,65.20999908447266,1325.0999755859375,0.8797000050544739,74034400.0,3676200000.0,0.15182228105624207,-0.30845,0.0555,105.2759,103.7281,102.8351,3.0,0.36395
2019-02-27,11487.330078125,2792.3798828125,66.38999938964844,1317.699951171875,0.8777199983596802,84265200.0,3771790000.0,0.15326356981999298,-0.30845,0.0555,105.2759,103.7281,102.8351,3.0,0.36395
2019-02-28,11515.6396484375,2784.489990234375,66.02999877929688,1312.800048828125,0.8787199854850769,84129900.0,4445780000.0,0.15243802843653673,-0.30845,0.0555,105.2759,103.7281,102.8351,3.0,0.36395
2019-03-01,11601.6796875,2803.68994140625,65.06999969482422,1296.4000244140625,0.8792399764060974,72715100.0,3994950000.0,0.15359810096739293,-0.3091905,0.010952381,105.2759,104.2089,103.8982,3.0,0.320142881
2019-03-04,11592.66015625,2792.81005859375,65.66999816894531,1284.800048828125,0.8790500164031982,58412600.0,3949730000.0,0.15381915951808287,-0.3091905,0.010952381,105.2759,104.2089,103.8982,3.0,0.320142881
2019-03-05,11620.740234375,2789.64990234375,65.86000061035156,1282.0,0.8820400238037109,63643000.0,3631380000.0,0.1536347460004371,-0.3091905,0.010952381,105.2759,104.2089,103.8982,3.0,0.320142881
2019-03-06,11587.6298828125,2771.449951171875,65.98999786376953,1284.9000244140625,0.8844000101089478,65204400.0,3800180000.0,0.1439751783857488,-0.3091905,0.010952381,105.2759,104.2089,103.8982,3.0,0.320142881
2019-03-07,11517.7998046875,2748.929931640625,66.30000305175781,1283.800048828125,0.8838599920272827,99533100.0,3932150000.0,0.1451007559677518,-0.3091905,0.010952381,105.2759,104.2089,103.8982,3.0,0.320142881
2019-03-08,11457.83984375,2743.070068359375,65.73999786376953,1297.0,0.892989993095398,81946100.0,3424300000.0,0.10796849347042844,-0.3091905,0.010952381,105.2759,104.2089,103.8982,3.0,0.320142881
2019-03-11,11543.48046875,2783.300048828125,66.58000183105469,1288.800048828125,0.89028000831604,71575600.0,3764850000.0,0.09972872191880383,-0.3091905,0.010952381,105.2759,104.2089,103.8982,3.0,0.320142881
2019-03-12,11524.169921875,2791.52001953125,66.66999816894531,1296.300048828125,0.888159990310669,87365300.0,3432340000.0,0.0972790862271902,-0.3091905,0.010952381,105.2759,104.2089,103.8982,3.0,0.320142881
2019-03-13,11572.41015625,2810.919921875,67.55000305175781,1307.5,0.8859400153160095,78369100.0,3782250000.0,0.09325815075400172,-0.3091905,0.010952381,105.2759,104.2089,103.8982,3.0,0.320142881
2019-03-14,11587.4697265625,2808.47998046875,67.2300033569336,1293.4000244140625,0.8825299739837646,87594200.0,3505670000.0,0.09304245447886401,-0.3091905,0.010952381,105.2759,104.2089,103.8982,3.0,0.320142881
2019-03-15,11685.6904296875,2822.47998046875,67.16000366210938,1301.800048828125,0.8842999935150146,187987500.0,5969780000.0,0.09013283171667055,-0.3091905,0.010952381,105.2759,104.2089,103.8982,3.0,0.320142881
2019-03-18,11657.0595703125,2832.93994140625,67.54000091552734,1300.300048828125,0.8834099769592285,91113700.0,3620770000.0,0.06899074494535395,-0.3091905,0.010952381,105.2759,104.2089,103.8982,3.0,0.320142881
2019-03-19,11788.41015625,2832.570068359375,67.61000061035156,1305.0,0.8821300268173218,81542500.0,3650740000.0,0.07652982898500624,-0.3091905,0.010952381,105.2759,104.2089,103.8982,3.0,0.320142881
2019-03-20,11603.8896484375,2824.22998046875,68.5,1300.5,0.8806800246238708,100826500.0,3779160000.0,0.0980639463272568,-0.3091905,0.010952381,105.2759,104.2089,103.8982,3.0,0.320142881
2019-03-21,11549.9599609375,2854.8798828125,67.86000061035156,1306.0999755859375,0.8750500082969666,91619300.0,3612620000.0,0.09666817040435198,-0.3091905,0.010952381,105.2759,104.2089,103.8982,3.0,0.320142881
2019-03-22,11364.169921875,2800.7099609375,67.02999877929688,1311.5999755859375,0.8791199922561646,112187500.0,4253730000.0,0.11248783373582526,-0.3091905,0.010952381,105.2759,104.2089,103.8982,3.0,0.320142881
2019-03-25,11346.650390625,2798.360107421875,67.20999908447266,1321.9000244140625,0.8852800130844116,75056300.0,3406110000.0,0.11194202577381575,-0.3091905,0.010952381,105.2759,104.2089,103.8982,3.0,0.320142881
2019-03-26,11419.48046875,2818.4599609375,67.97000122070312,1314.300048828125,0.8837199807167053,79984300.0,3288570000.0,0.11337460203794231,-0.3091905,0.010952381,105.2759,104.2089,103.8982,3.0,0.320142881
2019-03-27,11419.0400390625,2805.3701171875,67.83000183105469,1309.9000244140625,0.886929988861084,102107000.0,3422400000.0,0.11270585394742871,-0.3091905,0.010952381,105.2759,104.2089,103.8982,3.0,0.320142881
2019-03-28,11428.16015625,2815.43994140625,67.81999969482422,1289.800048828125,0.8887500166893005,89405300.0,3185460000.0,0.11175144722982604,-0.3091905,0.010952381,105.2759,104.2089,103.8982,3.0,0.320142881
2019-03-29,11526.0400390625,2834.39990234375,68.38999938964844,1293.0,0.890470027923584,89325500.0,3752520000.0,0.11553343728996127,-0.3091905,0.010952381,105.2759,104.2089,103.8982,3.0,0.320142881
2019-04-01,11681.990234375,2867.18994140625,69.01000213623047,1288.4000244140625,0.8909599781036377,96979200.0,3560090000.0,0.1221424893296193,-0.31045,-0.0395,105.2759,105.2017,102.4485,2.9,0.27095
2019-04-02,11754.7900390625,2867.239990234375,69.37000274658203,1290.0,0.8924000263214111,77384300.0,3267210000.0,0.12372549267628953,-0.31045,-0.0395,105.2759,105.2017,102.4485,2.9,0.27095
2019-04-03,11954.400390625,2873.39990234375,69.30999755859375,1289.9000244140625,0.892549991607666,93396300.0,3570000000.0,0.1359664658260936,-0.31045,-0.0395,105.2759,105.2017,102.4485,2.9,0.27095
2019-04-04,11988.009765625,2879.389892578125,69.4000015258789,1289.0,0.8891299962997437,77816900.0,3038740000.0,0.13515750899224724,-0.31045,-0.0395,105.2759,105.2017,102.4485,2.9,0.27095
2019-04-05,12009.75,2892.739990234375,70.33999633789062,1290.4000244140625,0.8907999992370605,72712300.0,3155970000.0,0.13224176069180468,-0.31045,-0.0395,105.2759,105.2017,102.4485,2.9,0.27095
2019-04-08,11963.400390625,2895.77001953125,71.0999984741211,1297.0999755859375,0.8913000226020813,63676500.0,3056460000.0,0.13139338775345613,-0.31045,-0.0395,105.2759,105.2017,102.4485,2.9,0.27095
2019-04-09,11850.5703125,2878.199951171875,70.61000061035156,1303.5,0.8883799910545349,65890100.0,3032480000.0,0.13564780436230134,-0.31045,-0.0395,105.2759,105.2017,102.4485,2.9,0.27095
2019-04-10,11905.91015625,2888.2099609375,71.7300033569336,1309.0999755859375,0.8875499963760376,68624100.0,3092230000.0,0.1356841145059775,-0.31045,-0.0395,105.2759,105.2017,102.4485,2.9,0.27095
2019-04-11,11935.2001953125,2888.320068359375,70.83000183105469,1288.5999755859375,0.8867999911308289,78550400.0,2970650000.0,0.13539912687947767,-0.31045,-0.0395,105.2759,105.2017,102.4485,2.9,0.27095
2019-04-12,11999.9296875,2907.409912109375,71.55000305175781,1290.5999755859375,0.8880400061607361,92887200.0,3726050000.0,0.13607202636153032,-0.31045,-0.0395,105.2759,105.2017,102.4485,2.9,0.27095
2019-04-15,12020.2802734375,2905.580078125,71.18000030517578,1286.800048828125,0.8845599889755249,65121600.0,3114530000.0,0.13382730811500576,-0.31045,-0.0395,105.2759,105.2017,102.4485,2.9,0.27095
2019-04-16,12101.3203125,2907.06005859375,71.72000122070312,1272.5999755859375,0.8845700025558472,83377900.0,3403120000.0,0.1343007332251273,-0.31045,-0.0395,105.2759,105.2017,102.4485,2.9,0.27095
2019-04-17,12153.0703125,2900.449951171875,71.62000274658203,1272.199951171875,0.8861299753189087,102282300.0,3648100000.0,0.13022329847383982,-0.31045,-0.0395,105.2759,105.2017,102.4485,2.9,0.27095
2019-04-18,12222.3896484375,2905.030029296875,71.97000122070312,1271.9000244140625,0.8851799964904785,108852300.0,3507100000.0,0.11492907451810032,-0.31045,-0.0395,105.2759,105.2017,102.4485,2.9,0.27095
2019-04-19,12222.3896484375,2905.030029296875,71.97000122070312,1271.9000244140625,0.8899999856948853,108852300.0,3507100000.0,0.11492907451810032,-0.31045,-0.0395,105.2759,105.2017,102.4485,2.9,0.27095
2019-04-22,12222.3896484375,2907.969970703125,74.04000091552734,1273.5,0.8893200159072876,108852300.0,3010130000.0,0.11492907451810032,-0.31045,-0.0395,105.2759,105.2017,102.4485,2.9,0.27095
2019-04-23,12235.509765625,2933.679931640625,74.51000213623047,1269.300048828125,0.8881800174713135,77350700.0,3674480000.0,0.11492907451810032,-0.31045,-0.0395,105.2759,105.2017,102.4485,2.9,0.27095
2019-04-24,12313.16015625,2927.25,74.56999969482422,1275.5,0.8909199833869934,106440300.0,3468480000.0,0.11492907451810032,-0.31045,-0.0395,105.2759,105.2017,102.4485,2.9,0.27095
2019-04-25,12282.599609375,2926.169921875,74.3499984741211,1275.800048828125,0.8965799808502197,96274900.0,3440010000.0,0.11492907451810032,-0.31045,-0.0395,105.2759,105.2017,102.4485,2.9,0.27095
2019-04-26,12315.1796875,2939.8798828125,72.1500015258789,1284.9000244140625,0.8979200124740601,90044700.0,3264390000.0,0.11492907451810032,-0.31045,-0.0395,105.2759,105.2017,102.4485,2.9,0.27095
2019-04-29,12328.01953125,2943.030029296875,72.04000091552734,1278.5999755859375,0.89683997631073,70678500.0,3150390000.0,0.11492907451810032,-0.31045,-0.0395,105.2759,105.2017,102.4485,2.9,0.27095
2019-04-30,12344.080078125,2945.830078125,72.80000305175781,1282.800048828125,0.8940399885177612,82443700.0,3939760000.0,0.11492907451810032,-0.31045,-0.0395,105.2759,105.2017,102.4485,2.9,0.27095
2019-05-01,12344.080078125,2923.72998046875,72.18000030517578,1281.4000244140625,0.8915799856185913,82443700.0,3669330000.0,0.11492907451810032,-0.3118636,-0.1345454545,105.2759,105.1776,102.8351,2.9,0.17731814550000002
2019-05-02,12345.419921875,2917.52001953125,70.75,1269.699951171875,0.8927900195121765,96355900.0,3802290000.0,0.11492907451810032,-0.3118636,-0.1345454545,105.2759,105.1776,102.8351,2.9,0.17731814550000002
2019-05-03,12412.75,2945.639892578125,70.8499984741211,1279.199951171875,0.8949699997901917,79121200.0,3357180000.0,0.11492907451810032,-0.3118636,-0.1345454545,105.2759,105.1776,102.8351,2.9,0.17731814550000002
2019-05-06,12286.8798828125,2932.469970703125,71.23999786376953,1281.699951171875,0.8939899802207947,88426500.0,3203260000.0,0.11492907451810032,-0.3118636,-0.1345454545,105.2759,105.1776,102.8351,2.9,0.17731814550000002
2019-05-07,12092.740234375,2884.050048828125,69.87999725341797,1283.5,0.8927099704742432,109809200.0,3793060000.0,0.11492907451810032,-0.3118636,-0.1345454545,105.2759,105.1776,102.8351,2.9,0.17731814550000002
2019-05-08,12179.9296875,2879.419921875,70.37000274658203,1279.4000244140625,0.8935700058937073,101037000.0,3543110000.0,0.11492907451810032,-0.3118636,-0.1345454545,105.2759,105.1776,102.8351,2.9,0.17731814550000002
2019-05-09,11973.919921875,2870.719970703125,70.38999938964844,1283.5,0.892989993095398,109425400.0,3659050000.0,0.11492907451810032,-0.3118636,-0.1345454545,105.2759,105.1776,102.8351,2.9,0.17731814550000002
2019-05-10,12059.830078125,2881.39990234375,70.62000274658203,1285.699951171875,0.8910999894142151,142098700.0,3566780000.0,0.11492907451810032,-0.3118636,-0.1345454545,105.2759,105.1776,102.8351,2.9,0.17731814550000002
2019-05-13,11876.650390625,2811.8701171875,70.2300033569336,1300.0999755859375,0.889959990978241,110572100.0,3900270000.0,0.11492907451810032,-0.3118636,-0.1345454545,105.2759,105.1776,102.8351,2.9,0.17731814550000002
2019-05-14,11991.6201171875,2834.409912109375,71.23999786376953,1294.699951171875,0.8902699947357178,106200000.0,3354860000.0,0.11492907451810032,-0.3118636,-0.1345454545,105.2759,105.1776,102.8351,2.9,0.17731814550000002
2019-05-15,12099.5703125,2850.9599609375,71.7699966430664,1296.300048828125,0.8924999833106995,125835700.0,3140900000.0,0.11492907451810032,-0.3118636,-0.1345454545,105.2759,105.1776,102.8351,2.9,0.17731814550000002
2019-05-16,12310.3701171875,2876.320068359375,72.62000274658203,1285.0,0.8922799825668335,109001200.0,3338470000.0,0.11492907451810032,-0.3118636,-0.1345454545,105.2759,105.1776,102.8351,2.9,0.17731814550000002
2019-05-17,12238.9404296875,2859.530029296875,72.20999908447266,1274.5,0.8949699997901917,104474100.0,3316040000.0,0.11492907451810032,-0.3118636,-0.1345454545,105.2759,105.1776,102.8351,2.9,0.17731814550000002
2019-05-20,12041.2900390625,2840.22998046875,71.97000122070312,1276.0999755859375,0.8956300020217896,105412700.0,3293750000.0,0.11492907451810032,-0.3118636,-0.1345454545,105.2759,105.1776,102.8351,2.9,0.17731814550000002
2019-05-21,12143.4697265625,2864.360107421875,72.18000030517578,1272.0,0.8953700065612793,90829900.0,3223050000.0,0.11492907451810032,-0.3118636,-0.1345454545,105.2759,105.1776,102.8351,2.9,0.17731814550000002
2019-05-22,12168.740234375,2856.27001953125,70.98999786376953,1273.5999755859375,0.8953700065612793,87115400.0,3194000000.0,0.11492907451810032,-0.3118636,-0.1345454545,105.2759,105.1776,102.8351,2.9,0.17731814550000002
2019-05-23,11952.41015625,2822.239990234375,67.76000213623047,1284.800048828125,0.8964200019836426,118104500.0,3899320000.0,0.11492907451810032,-0.3118636,-0.1345454545,105.2759,105.1776,102.8351,2.9,0.17731814550000002
2019-05-24,12011.0400390625,2826.06005859375,68.69000244140625,1283.0,0.8940899968147278,82359600.0,2889230000.0,0.11492907451810032,-0.3118636,-0.1345454545,105.2759,105.1776,102.8351,2.9,0.17731814550000002
2019-05-27,12071.1796875,2826.06005859375,68.69000244140625,1283.0,0.8920900225639343,43767900.0,2889230000.0,0.11492907451810032,-0.3118636,-0.1345454545,105.2759,105.1776,102.8351,2.9,0.17731814550000002
2019-05-28,12027.0498046875,2802.389892578125,70.11000061035156,1276.5,0.8933500051498413,121297400.0,4146980000.0,0.11492907451810032,-0.3118636,-0.1345454545,105.2759,105.1776,102.8351,2.9,0.17731814550000002
2019-05-29,11837.8095703125,2783.02001953125,69.44999694824219,1280.5999755859375,0.8952000141143799,90848600.0,3701110000.0,0.11492907451810032,-0.3118636,-0.1345454545,105.2759,105.1776,102.8351,2.9,0.17731814550000002
2019-05-30,11902.080078125,2788.860107421875,66.87000274658203,1287.0999755859375,0.8978800177574158,47889500.0,3276030000.0,0.11492907451810032,-0.3118636,-0.1345454545,105.2759,105.1776,102.8351,2.9,0.17731814550000002
2019-05-31,11726.83984375,2752.06005859375,64.48999786376953,1305.800048828125,0.8983799815177917,98490800.0,3982670000.0,0.18116152256797458,-0.3118636,-0.1345454545,105.2759,105.1776,102.8351,2.9,0.17731814550000002
2019-06-03,11792.8095703125,2744.449951171875,61.279998779296875,1322.699951171875,0.8949300050735474,104353700.0,3952360000.0,0.181256047488216,-0.3289,-0.3152631579,105.2759,105.6976,101.5786,2.9,0.013636842100000046
2019-06-04,11971.169921875,2803.27001953125,61.970001220703125,1323.4000244140625,0.8891800045967102,107666100.0,3814130000.0,0.18859788734899405,-0.3289,-0.3152631579,105.2759,105.6976,101.5786,2.9,0.013636842100000046
2019-06-05,11980.8095703125,2826.14990234375,60.630001068115234,1328.300048828125,0.8885700106620789,81806600.0,3570760000.0,0.18098722604289236,-0.3289,-0.3152631579,105.2759,105.6976,101.5786,2.9,0.013636842100000046
2019-06-06,11953.1396484375,2843.489990234375,61.66999816894531,1337.5999755859375,0.8905500173568726,89561100.0,3445140000.0,0.17894939884762434,-0.3289,-0.3152631579,105.2759,105.6976,101.5786,2.9,0.013636842100000046
2019-06-07,12045.3798828125,2873.340087890625,63.290000915527344,1341.199951171875,0.8867999911308289,80549900.0,3244380000.0,0.1712373582860896,-0.3289,-0.3152631579,105.2759,105.6976,101.5786,2.9,0.013636842100000046
2019-06-10,12045.3798828125,2886.72998046875,62.290000915527344,1324.699951171875,0.8833799958229065,80549900.0,3209890000.0,0.1712373582860896,-0.3289,-0.3152631579,105.2759,105.6976,101.5786,2.9,0.013636842100000046
2019-06-11,12155.8095703125,2885.719970703125,62.290000915527344,1326.4000244140625,0.8835399746894836,95140700.0,3551000000.0,0.1712373582860896,-0.3289,-0.3152631579,105.2759,105.6976,101.5786,2.9,0.013636842100000046
2019-06-12,12115.6796875,2879.840087890625,59.970001220703125,1331.9000244140625,0.8826500177383423,69957400.0,3039870000.0,0.1712373582860896,-0.3289,-0.3152631579,105.2759,105.6976,101.5786,2.9,0.013636842100000046
2019-06-13,12169.0498046875,2891.639892578125,61.310001373291016,1339.199951171875,0.8852999806404114,69172100.0,3100640000.0,0.1712373582860896,-0.3289,-0.3152631579,105.2759,105.6976,101.5786,2.9,0.013636842100000046
2019-06-14,12096.400390625,2886.97998046875,62.0099983215332,1340.0999755859375,0.886489987373352,70037500.0,2992810000.0,0.1712373582860896,-0.3289,-0.3152631579,105.2759,105.6976,101.5786,2.9,0.013636842100000046
2019-06-17,12085.8203125,2889.669921875,60.939998626708984,1338.699951171875,0.8914999961853027,84991300.0,2828400000.0,0.1712373582860896,-0.3289,-0.3152631579,105.2759,105.6976,101.5786,2.9,0.013636842100000046
2019-06-18,12331.75,2917.75,62.13999938964844,1346.5999755859375,0.8909000158309937,153990400.0,3441540000.0,0.1712373582860896,-0.3289,-0.3152631579,105.2759,105.6976,101.5786,2.9,0.013636842100000046
2019-06-19,12308.5302734375,2926.4599609375,61.81999969482422,1344.5999755859375,0.8930000066757202,104190600.0,3300220000.0,0.1712373582860896,-0.3289,-0.3152631579,105.2759,105.6976,101.5786,2.9,0.013636842100000046
2019-06-20,12355.3896484375,2954.179931640625,64.44999694824219,1392.9000244140625,0.8898000121116638,95166000.0,3943060000.0,0.1712373582860896,-0.3289,-0.3152631579,105.2759,105.6976,101.5786,2.9,0.013636842100000046
2019-06-21,12339.919921875,2950.4599609375,65.19999694824219,1396.199951171875,0.8852999806404114,210689700.0,5003540000.0,0.1712373582860896,-0.3289,-0.3152631579,105.2759,105.6976,101.5786,2.9,0.013636842100000046
2019-06-24,12274.5703125,2945.35009765625,64.86000061035156,1414.300048828125,0.8783699870109558,89756300.0,3136960000.0,0.1712373582860896,-0.3289,-0.3152631579,105.2759,105.6976,101.5786,2.9,0.013636842100000046
2019-06-25,12228.4404296875,2917.3798828125,65.05000305175781,1414.9000244140625,0.8771700263023376,73907200.0,3579430000.0,0.1712373582860896,-0.3289,-0.3152631579,105.2759,105.6976,101.5786,2.9,0.013636842100000046
2019-06-26,12245.3203125,2913.780029296875,66.48999786376953,1411.5999755859375,0.8795099854469299,87524700.0,3511350000.0,0.1712373582860896,-0.3289,-0.3152631579,105.2759,105.6976,101.5786,2.9,0.013636842100000046
2019-06-27,12271.0302734375,2924.919921875,66.55000305175781,1408.4000244140625,0.8791400194168091,85035600.0,3162500000.0,0.1712373582860896,-0.3289,-0.3152631579,105.2759,105.6976,101.5786,2.9,0.013636842100000046
2019-06-28,12398.7998046875,2941.760009765625,66.55000305175781,1409.699951171875,0.8792799711227417,99449300.0,5422650000.0,0.1712373582860896,-0.3289,-0.3152631579,105.2759,105.6976,101.5786,2.9,0.013636842100000046
2019-07-01,12521.3798828125,2964.330078125,65.05999755859375,1385.5999755859375,0.8798999786376953,93740000.0,3524860000.0,0.1712373582860896,-0.3648696,-0.3882608696,105.2759,106.3025,101.192,2.9,-0.023391269599999986
2019-07-02,12526.7197265625,2973.010009765625,62.400001525878906,1404.5999755859375,0.8859400153160095,68934500.0,3224490000.0,0.1712373582860896,-0.3648696,-0.3882608696,105.2759,106.3025,101.192,2.9,-0.023391269599999986
2019-07-03,12616.240234375,2995.820068359375,63.81999969482422,1417.699951171875,0.8855000138282776,70392700.0,1963570000.0,0.1712373582860896,-0.3648696,-0.3882608696,105.2759,106.3025,101.192,2.9,-0.023391269599999986
2019-07-04,12629.900390625,2995.820068359375,63.81999969482422,1417.699951171875,0.8859000205993652,54651300.0,1963570000.0,0.1712373582860896,-0.3648696,-0.3882608696,105.2759,106.3025,101.192,2.9,-0.023391269599999986
2019-07-05,12568.5302734375,2990.409912109375,64.2300033569336,1396.699951171875,0.8860700130462646,79900200.0,2434680000.0,0.1712373582860896,-0.3648696,-0.3882608696,105.2759,106.3025,101.192,2.9,-0.023391269599999986
2019-07-08,12543.509765625,2975.949951171875,64.11000061035156,1397.0,0.8906800150871277,91084400.0,2922360000.0,0.1712373582860896,-0.3648696,-0.3882608696,105.2759,106.3025,101.192,2.9,-0.023391269599999986
2019-07-09,12436.5498046875,2979.6298828125,64.16000366210938,1397.5,0.8915799856185913,105796900.0,3033330000.0,0.1712373582860896,-0.3648696,-0.3882608696,105.2759,106.3025,101.192,2.9,-0.023391269599999986
2019-07-10,12373.41015625,2993.070068359375,67.01000213623047,1410.0999755859375,0.8921999931335449,80443400.0,3157800000.0,0.10753289574062977,-0.3648696,-0.3882608696,105.2759,106.3025,101.192,2.9,-0.023391269599999986
2019-07-11,12332.1201171875,2999.909912109375,66.5199966430664,1404.300048828125,0.888189971446991,78192200.0,3155710000.0,0.10755040409744304,-0.3648696,-0.3882608696,105.2759,106.3025,101.192,2.9,-0.023391269599999986
2019-07-12,12323.3203125,3013.77001953125,66.72000122070312,1409.9000244140625,0.888700008392334,78381800.0,2984140000.0,0.10688731648410607,-0.3648696,-0.3882608696,105.2759,106.3025,101.192,2.9,-0.023391269599999986
2019-07-15,12387.33984375,3014.300048828125,66.4800033569336,1411.4000244140625,0.88714998960495,70764100.0,2876100000.0,0.10519603219886936,-0.3648696,-0.3882608696,105.2759,106.3025,101.192,2.9,-0.023391269599999986
2019-07-16,12430.9697265625,3004.0400390625,64.3499984741211,1409.199951171875,0.8879600167274475,75136100.0,3297030000.0,0.10523071788109481,-0.3648696,-0.3882608696,105.2759,106.3025,101.192,2.9,-0.023391269599999986
2019-07-17,12341.0302734375,2984.419921875,63.65999984741211,1421.300048828125,0.8918799757957458,72857800.0,3185650000.0,0.0837045398057647,-0.3648696,-0.3882608696,105.2759,106.3025,101.192,2.9,-0.023391269599999986
2019-07-18,12227.849609375,2995.110107421875,61.93000030517578,1426.0999755859375,0.890500009059906,73275500.0,3369820000.0,0.08943537630580076,-0.3648696,-0.3882608696,105.2759,106.3025,101.192,2.9,-0.023391269599999986
2019-07-19,12260.0703125,2976.610107421875,62.470001220703125,1425.0999755859375,0.8879799842834473,77803200.0,3285890000.0,0.08884776673323483,-0.3648696,-0.3882608696,105.2759,106.3025,101.192,2.9,-0.023391269599999986
2019-07-22,12289.400390625,2985.030029296875,63.2599983215332,1425.300048828125,0.8913999795913696,58508700.0,3016200000.0,0.08927940028792444,-0.3648696,-0.3882608696,105.2759,106.3025,101.192,2.9,-0.023391269599999986
2019-07-23,12490.740234375,3005.469970703125,63.83000183105469,1420.0999755859375,0.8923699855804443,94402100.0,3333810000.0,0.10399953004252571,-0.3648696,-0.3882608696,105.2759,106.3025,101.192,2.9,-0.023391269599999986
2019-07-24,12522.8896484375,3019.56005859375,63.18000030517578,1422.800048828125,0.8967599868774414,93206200.0,3433220000.0,0.10276866099464886,-0.3648696,-0.3882608696,105.2759,106.3025,101.192,2.9,-0.023391269599999986
2019-07-25,12362.099609375,3003.669921875,63.38999938964844,1413.9000244140625,0.8974699974060059,115937000.0,3657050000.0,0.11360743563748876,-0.3648696,-0.3882608696,105.2759,106.3025,101.192,2.9,-0.023391269599999986
2019-07-26,12419.900390625,3025.860107421875,63.459999084472656,1418.5,0.8971700072288513,71108800.0,3260170000.0,0.11441875957164171,-0.3648696,-0.3882608696,105.2759,106.3025,101.192,2.9,-0.023391269599999986
2019-07-29,12417.4697265625,3020.969970703125,63.709999084472656,1419.5999755859375,0.8982999920845032,64309600.0,3224490000.0,0.10871398836519548,-0.3648696,-0.3882608696,105.2759,106.3025,101.192,2.9,-0.023391269599999986
2019-07-30,12147.240234375,3013.179931640625,64.72000122070312,1429.699951171875,0.8974199891090393,114710200.0,3632770000.0,0.1266030560809475,-0.3648696,-0.3882608696,105.2759,106.3025,101.192,2.9,-0.023391269599999986
2019-07-31,12189.0400390625,2980.3798828125,65.16999816894531,1426.0999755859375,0.8962200284004211,91199000.0,4626330000.0,0.1275818960611118,-0.3648696,-0.3882608696,105.2759,106.3025,101.192,2.9,-0.023391269599999986
2019-08-01,12253.150390625,2953.56005859375,60.5,1420.9000244140625,0.9031999707221985,87758900.0,4793810000.0,0.12617338615178458,-0.4076818,-0.6490909091,105.2759,106.1573,101.5786,2.9,-0.24140910910000002
2019-08-02,11872.4404296875,2932.050048828125,61.88999938964844,1445.5999755859375,0.9026200175285339,138678400.0,3882810000.0,0.1623170693431744,-0.4076818,-0.6490909091,105.2759,106.1573,101.5786,2.9,-0.24140910910000002
2019-08-05,11658.509765625,2844.739990234375,59.810001373291016,1464.5999755859375,0.9002500176429749,113784300.0,4542850000.0,0.1705224542229941,-0.4076818,-0.6490909091,105.2759,106.1573,101.5786,2.9,-0.24140910910000002
2019-08-06,11567.9599609375,2881.77001953125,58.939998626708984,1472.4000244140625,0.8893799781799316,86220300.0,4156640000.0,0.17104409892653985,-0.4076818,-0.6490909091,105.2759,106.1573,101.5786,2.9,-0.24140910910000002
2019-08-07,11650.150390625,2883.97998046875,56.22999954223633,1507.300048828125,0.892300009727478,108829300.0,4512720000.0,0.17413565865150324,-0.4076818,-0.6490909091,105.2759,106.1573,101.5786,2.9,-0.24140910910000002
2019-08-08,11845.41015625,2938.090087890625,57.380001068115234,1497.699951171875,0.8925099968910217,101153300.0,4118530000.0,0.18689297336994137,-0.4076818,-0.6490909091,105.2759,106.1573,101.5786,2.9,-0.24140910910000002
2019-08-09,11693.7998046875,2918.64990234375,58.529998779296875,1496.5999755859375,0.8938800096511841,107173100.0,3356850000.0,0.19057873938581626,-0.4076818,-0.6490909091,105.2759,106.1573,101.5786,2.9,-0.24140910910000002
2019-08-12,11679.6796875,2882.699951171875,58.56999969482422,1505.300048828125,0.8921800255775452,76120900.0,3328570000.0,0.19052943106082698,-0.4076818,-0.6490909091,105.2759,106.1573,101.5786,2.9,-0.24140910910000002
2019-08-13,11750.1298828125,2926.320068359375,61.29999923706055,1502.199951171875,0.8913999795913696,116609400.0,3857190000.0,0.19097583761959888,-0.4076818,-0.6490909091,105.2759,106.1573,101.5786,2.9,-0.24140910910000002
2019-08-14,11492.66015625,2840.60009765625,59.47999954223633,1515.9000244140625,0.8946899771690369,106028900.0,4325150000.0,0.20102676278011097,-0.4076818,-0.6490909091,105.2759,106.1573,101.5786,2.9,-0.24140910910000002
2019-08-15,11412.669921875,2847.60009765625,58.22999954223633,1519.5999755859375,0.8974000215530396,116680900.0,4041720000.0,0.20096727496004982,-0.4076818,-0.6490909091,105.2759,106.1573,101.5786,2.9,-0.24140910910000002
2019-08-16,11562.740234375,2888.679931640625,58.63999938964844,1512.5,0.8998000025749207,114055600.0,3524080000.0,0.20797922898629345,-0.4076818,-0.6490909091,105.2759,106.1573,101.5786,2.9,-0.24140910910000002
2019-08-19,11715.3701171875,2923.64990234375,59.7400016784668,1500.4000244140625,0.9014000296592712,78455800.0,3221050000.0,0.21443548963117057,-0.4076818,-0.6490909091,105.2759,106.1573,101.5786,2.9,-0.24140910910000002
2019-08-20,11651.1796875,2900.510009765625,60.029998779296875,1504.5999755859375,0.9022700190544128,68833300.0,3067710000.0,0.21410301225452197,-0.4076818,-0.6490909091,105.2759,106.1573,101.5786,2.9,-0.24140910910000002
2019-08-21,11802.849609375,2924.429931640625,60.29999923706055,1504.5999755859375,0.9010800123214722,62803500.0,3016540000.0,0.2106627114779925,-0.4076818,-0.6490909091,105.2759,106.1573,101.5786,2.9,-0.24140910910000002
2019-08-22,11747.0400390625,2922.949951171875,59.91999816894531,1497.300048828125,0.9016500115394592,74446100.0,2893660000.0,0.20991629912319182,-0.4076818,-0.6490909091,105.2759,106.1573,101.5786,2.9,-0.24140910910000002
2019-08-23,11611.509765625,2847.110107421875,59.34000015258789,1526.5999755859375,0.9021999835968018,90301100.0,3942520000.0,0.20919101291902512,-0.4076818,-0.6490909091,105.2759,106.1573,101.5786,2.9,-0.24140910910000002
2019-08-26,11658.0400390625,2878.3798828125,58.70000076293945,1526.300048828125,0.8974199891090393,54752500.0,2859790000.0,0.20889883557573632,-0.4076818,-0.6490909091,105.2759,106.1573,101.5786,2.9,-0.24140910910000002
2019-08-27,11730.01953125,2869.159912109375,59.5099983215332,1541.0,0.900600016117096,82363700.0,3537490000.0,0.21110201477835294,-0.4076818,-0.6490909091,105.2759,106.1573,101.5786,2.9,-0.24140910910000002
2019-08-28,11701.01953125,2887.93994140625,60.4900016784668,1537.800048828125,0.9017099738121033,59962600.0,3102480000.0,0.19931373521704954,-0.4076818,-0.6490909091,105.2759,106.1573,101.5786,2.9,-0.24140910910000002
2019-08-29,11838.8798828125,2924.580078125,61.08000183105469,1526.5,0.9020500183105469,72992700.0,3177150000.0,0.20406482758018993,-0.4076818,-0.6490909091,105.2759,106.1573,101.5786,2.9,-0.24140910910000002
2019-08-30,11939.2802734375,2926.4599609375,60.43000030517578,1519.0999755859375,0.9039999842643738,77686500.0,3009910000.0,0.20566965550139232,-0.4076818,-0.6490909091,105.2759,106.1573,101.5786,2.9,-0.24140910910000002
2019-09-02,11953.7802734375,2926.4599609375,60.43000030517578,1519.0999755859375,0.9097700119018555,46207600.0,3009910000.0,0.1745532253315052,-0.4175714,-0.5947619048,105.2759,106.1705,100.6121,2.9,-0.17719050480000004
2019-09-03,11910.8603515625,2906.27001953125,58.2599983215332,1545.9000244140625,0.9117000102996826,66704200.0,3427830000.0,0.16209893610793968,-0.4175714,-0.5947619048,105.2759,106.1705,100.6121,2.9,-0.17719050480000004
2019-09-04,12025.0400390625,2937.780029296875,60.70000076293945,1550.300048828125,0.9111999869346619,63323800.0,3167900000.0,0.1613235606142547,-0.4175714,-0.5947619048,105.2759,106.1705,100.6121,2.9,-0.17719050480000004
2019-09-05,12126.7802734375,2976.0,60.95000076293945,1515.4000244140625,0.9062100052833557,89831600.0,3902600000.0,0.1619422527465415,-0.4175714,-0.5947619048,105.2759,106.1705,100.6121,2.9,-0.17719050480000004
2019-09-06,12191.73046875,2978.7099609375,61.540000915527344,1506.199951171875,0.9060999751091003,80411000.0,3209340000.0,0.15340405559378636,-0.4175714,-0.5947619048,105.2759,106.1705,100.6121,2.9,-0.17719050480000004
2019-09-09,12226.099609375,2978.429931640625,62.59000015258789,1502.199951171875,0.9073899984359741,74246100.0,4031120000.0,0.14444543256390852,-0.4175714,-0.5947619048,105.2759,106.1705,100.6121,2.9,-0.17719050480000004
2019-09-10,12268.7099609375,2979.389892578125,62.380001068115234,1490.300048828125,0.9051100015640259,107899800.0,4393040000.0,0.14398032774024946,-0.4175714,-0.5947619048,105.2759,106.1705,100.6121,2.9,-0.17719050480000004
2019-09-11,12359.0703125,3000.929931640625,60.810001373291016,1494.4000244140625,0.9049500226974487,90579200.0,3934370000.0,0.14447903852894795,-0.4175714,-0.5947619048,105.2759,106.1705,100.6121,2.9,-0.17719050480000004
2019-09-12,12410.25,3009.570068359375,60.380001068115234,1498.699951171875,0.9079800248146057,111214300.0,3796990000.0,0.11413035742913509,-0.4175714,-0.5947619048,105.2759,106.1705,100.6121,2.9,-0.17719050480000004
2019-09-13,12468.5302734375,3007.389892578125,60.220001220703125,1490.9000244140625,0.9042999744415283,90990500.0,3557010000.0,0.10736892326184948,-0.4175714,-0.5947619048,105.2759,106.1705,100.6121,2.9,-0.17719050480000004
2019-09-16,12380.3095703125,2997.9599609375,69.0199966430664,1503.0999755859375,0.9022499918937683,80505200.0,4285860000.0,0.10907753311137892,-0.4175714,-0.5947619048,105.2759,106.1705,100.6121,2.9,-0.17719050480000004
2019-09-17,12372.6103515625,3005.699951171875,64.55000305175781,1505.0999755859375,0.9085999727249146,77784600.0,3673250000.0,0.10361236425457895,-0.4175714,-0.5947619048,105.2759,106.1705,100.6121,2.9,-0.17719050480000004
2019-09-18,12389.6201171875,3006.72998046875,63.599998474121094,1507.5,0.9029600024223328,70537600.0,3458800000.0,0.09949805283437334,-0.4175714,-0.5947619048,105.2759,106.1705,100.6121,2.9,-0.17719050480000004
2019-09-19,12457.7001953125,3006.7900390625,64.4000015258789,1498.4000244140625,0.906499981880188,81542000.0,3265660000.0,0.09311438612506054,-0.4175714,-0.5947619048,105.2759,106.1705,100.6121,2.9,-0.17719050480000004
2019-09-20,12468.009765625,2992.070068359375,64.27999877929688,1507.300048828125,0.9050999879837036,192994000.0,6103440000.0,0.08953157575006854,-0.4175714,-0.5947619048,105.2759,106.1705,100.6121,2.9,-0.17719050480000004
2019-09-23,12342.330078125,2991.780029296875,64.7699966430664,1523.699951171875,0.9075199961662292,80383600.0,3187250000.0,0.08667666570200316,-0.4175714,-0.5947619048,105.2759,106.1705,100.6121,2.9,-0.17719050480000004
2019-09-24,12307.150390625,2966.60009765625,63.099998474121094,1532.0999755859375,0.9096099734306335,60350800.0,3872800000.0,0.08882642797533871,-0.4175714,-0.5947619048,105.2759,106.1705,100.6121,2.9,-0.17719050480000004
2019-09-25,12234.1796875,2984.8701171875,62.38999938964844,1504.5999755859375,0.9077000021934509,72631600.0,3331200000.0,0.09250619726181916,-0.4175714,-0.5947619048,105.2759,106.1705,100.6121,2.9,-0.17719050480000004
2019-09-26,12288.5400390625,2977.6201171875,62.7400016784668,1507.5,0.9129999876022339,78923300.0,3084910000.0,0.09136768650723175,-0.4175714,-0.5947619048,105.2759,106.1705,100.6121,2.9,-0.17719050480000004
2019-09-27,12380.9404296875,2961.7900390625,61.90999984741211,1499.0999755859375,0.9155200123786926,66140900.0,3246480000.0,0.08690845275179217,-0.4175714,-0.5947619048,105.2759,106.1705,100.6121,2.9,-0.17719050480000004
2019-09-30,12428.080078125,2976.739990234375,60.779998779296875,1465.699951171875,0.9138500094413757,70129900.0,3249130000.0,0.08407999215658352,-0.4175714,-0.5947619048,105.2759,106.1705,100.6121,2.9,-0.17719050480000004
2019-10-01,12263.830078125,2940.25,58.88999938964844,1482.0,0.917460024356842,78839200.0,3560750000.0,0.09913136050612645,-0.4128696,-0.4695454545,105.2759,106.3517,100.0322,2.9,-0.05667585450000001
2019-10-02,11925.25,2887.610107421875,57.689998626708984,1501.0,0.9144999980926514,95636000.0,3914180000.0,0.14025679295464427,-0.4128696,-0.4695454545,105.2759,106.3517,100.0322,2.9,-0.05667585450000001
2019-10-03,11925.25,2910.6298828125,57.709999084472656,1507.0999755859375,0.9121000170707703,95636000.0,3515130000.0,0.14025679295464427,-0.4128696,-0.4695454545,105.2759,106.3517,100.0322,2.9,-0.05667585450000001
2019-10-04,12012.8095703125,2952.010009765625,58.369998931884766,1506.199951171875,0.9111300110816956,88134300.0,3005600000.0,0.14025679295464427,-0.4128696,-0.4695454545,105.2759,106.3517,100.0322,2.9,-0.05667585450000001
2019-10-07,12097.4296875,2938.7900390625,58.349998474121094,1497.699951171875,0.9101999998092651,65614000.0,2959050000.0,0.14025679295464427,-0.4128696,-0.4695454545,105.2759,106.3517,100.0322,2.9,-0.05667585450000001
2019-10-08,11970.2001953125,2893.06005859375,58.2400016784668,1497.199951171875,0.9114000201225281,80877600.0,3370700000.0,0.14025679295464427,-0.4128696,-0.4695454545,105.2759,106.3517,100.0322,2.9,-0.05667585450000001
2019-10-09,12094.259765625,2919.39990234375,58.31999969482422,1506.0999755859375,0.9124000072479248,68812700.0,2735350000.0,0.14025679295464427,-0.4128696,-0.4695454545,105.2759,106.3517,100.0322,2.9,-0.05667585450000001
2019-10-10,12164.2001953125,2938.1298828125,59.099998474121094,1494.800048828125,0.910099983215332,88437900.0,3234400000.0,0.14025679295464427,-0.4128696,-0.4695454545,105.2759,106.3517,100.0322,2.9,-0.05667585450000001
2019-10-11,12511.650390625,2970.27001953125,60.5099983215332,1482.699951171875,0.9081799983978271,100870000.0,3581320000.0,0.14025679295464427,-0.4128696,-0.4695454545,105.2759,106.3517,100.0322,2.9,-0.05667585450000001
2019-10-14,12486.5595703125,2966.14990234375,59.349998474121094,1491.699951171875,0.9066179990768433,59086900.0,2559270000.0,0.14025679295464427,-0.4128696,-0.4695454545,105.2759,106.3517,100.0322,2.9,-0.05667585450000001
2019-10-15,12629.7900390625,2995.679931640625,58.7400016784668,1477.5999755859375,0.9067000150680542,94185500.0,3345090000.0,0.14025679295464427,-0.4128696,-0.4695454545,105.2759,106.3517,100.0322,2.9,-0.05667585450000001
2019-10-16,12670.1103515625,2989.68994140625,59.41999816894531,1488.0,0.9062299728393555,99475900.0,3230320000.0,0.14025679295464427,-0.4128696,-0.4695454545,105.2759,106.3517,100.0322,2.9,-0.05667585450000001
2019-10-17,12654.9501953125,2997.949951171875,59.90999984741211,1492.300048828125,0.9029399752616882,99302200.0,3103470000.0,0.14025679295464427,-0.4128696,-0.4695454545,105.2759,106.3517,100.0322,2.9,-0.05667585450000001
2019-10-18,12633.599609375,2986.199951171875,59.41999816894531,1488.199951171875,0.8986999988555908,88676100.0,3268970000.0,0.14025679295464427,-0.4128696,-0.4695454545,105.2759,106.3517,100.0322,2.9,-0.05667585450000001
2019-10-21,12747.9599609375,3006.719970703125,58.959999084472656,1482.4000244140625,0.896399974822998,80978200.0,3271960000.0,0.14025679295464427,-0.4128696,-0.4695454545,105.2759,106.3517,100.0322,2.9,-0.05667585450000001
2019-10-22,12754.6904296875,2995.989990234375,59.70000076293945,1481.699951171875,0.8967199921607971,79430700.0,3527540000.0,0.14025679295464427,-0.4128696,-0.4695454545,105.2759,106.3517,100.0322,2.9,-0.05667585450000001
2019-10-23,12798.1904296875,3004.52001953125,61.16999816894531,1489.9000244140625,0.8985300064086914,76218700.0,3413600000.0,0.14025679295464427,-0.4128696,-0.4695454545,105.2759,106.3517,100.0322,2.9,-0.05667585450000001
2019-10-24,12872.099609375,3010.2900390625,61.66999816894531,1498.9000244140625,0.8982800245285034,84318900.0,3696510000.0,0.14025679295464427,-0.4128696,-0.4695454545,105.2759,106.3517,100.0322,2.9,-0.05667585450000001
2019-10-25,12894.509765625,3022.550048828125,62.02000045776367,1499.5,0.9005799889564514,59800700.0,3379060000.0,0.14025679295464427,-0.4128696,-0.4695454545,105.2759,106.3517,100.0322,2.9,-0.05667585450000001
2019-10-28,12941.7099609375,3039.419921875,61.56999969482422,1490.0,0.902180016040802,69024100.0,3524970000.0,0.14025679295464427,-0.4128696,-0.4695454545,105.2759,106.3517,100.0322,2.9,-0.05667585450000001
2019-10-29,12939.6201171875,3036.889892578125,61.59000015258789,1487.0,0.9009699821472168,76948300.0,3594430000.0,0.14025679295464427,-0.4128696,-0.4695454545,105.2759,106.3517,100.0322,2.9,-0.05667585450000001
2019-10-30,12910.23046875,3046.77001953125,60.61000061035156,1493.199951171875,0.8996999859809875,100397400.0,3779660000.0,0.14025679295464427,-0.4128696,-0.4695454545,105.2759,106.3517,100.0322,2.9,-0.05667585450000001
2019-10-31,12866.7900390625,3037.56005859375,60.22999954223633,1511.4000244140625,0.8964999914169312,100660900.0,4149310000.0,0.14025679295464427,-0.4128696,-0.4695454545,105.2759,106.3517,100.0322,2.9,-0.05667585450000001
2019-11-01,12961.0498046875,3066.909912109375,61.689998626708984,1508.0,0.8962900042533875,65905400.0,3956290000.0,0.14025679295464427,-0.4012857,-0.3523809524,105.2759,105.2961,100.3222,3.0,0.04890474760000002
2019-11-04,13136.2802734375,3078.27001953125,62.130001068115234,1508.0,0.8955299854278564,84782400.0,4178040000.0,0.12679497803461978,-0.4012857,-0.3523809524,105.2759,105.2961,100.3222,3.0,0.04890474760000002
2019-11-05,13148.5,3074.6201171875,62.959999084472656,1480.800048828125,0.8985900282859802,83190400.0,4490590000.0,0.12689442289912622,-0.4012857,-0.3523809524,105.2759,105.2961,100.3222,3.0,0.04890474760000002
2019-11-06,13179.8896484375,3076.780029296875,61.7400016784668,1490.199951171875,0.902999997138977,80045600.0,4465510000.0,0.11566293599830615,-0.4012857,-0.3523809524,105.2759,105.2961,100.3222,3.0,0.04890474760000002
2019-11-07,13289.4599609375,3085.179931640625,62.290000915527344,1464.199951171875,0.9033100008964539,117100600.0,4151990000.0,0.1145929515785062,-0.4012857,-0.3523809524,105.2759,105.2961,100.3222,3.0,0.04890474760000002
2019-11-08,13228.5595703125,3093.080078125,62.5099983215332,1461.300048828125,0.9074659943580627,95599200.0,3508160000.0,0.11870788841290554,-0.4012857,-0.3523809524,105.2759,105.2961,100.3222,3.0,0.04890474760000002
2019-11-11,13198.3701171875,3087.010009765625,62.18000030517578,1455.5,0.9072399735450745,72597200.0,3041120000.0,0.08023649606456022,-0.4012857,-0.3523809524,105.2759,105.2961,100.3222,3.0,0.04890474760000002
2019-11-12,13283.509765625,3091.840087890625,62.060001373291016,1452.0999755859375,0.9061700105667114,82741400.0,3495560000.0,0.07951828447792542,-0.4012857,-0.3523809524,105.2759,105.2961,100.3222,3.0,0.04890474760000002
2019-11-13,13230.0703125,3094.0400390625,62.369998931884766,1461.699951171875,0.9080700278282166,77193800.0,3513720000.0,0.07669307579484749,-0.4012857,-0.3523809524,105.2759,105.2961,100.3222,3.0,0.04890474760000002
2019-11-14,13180.23046875,3096.6298828125,62.279998779296875,1471.800048828125,0.9079999923706055,81582700.0,3282090000.0,0.07933050102878497,-0.4012857,-0.3523809524,105.2759,105.2961,100.3222,3.0,0.04890474760000002
2019-11-15,13241.75,3120.4599609375,63.29999923706055,1467.300048828125,0.9074000120162964,81039800.0,3359800000.0,0.0790530645359436,-0.4012857,-0.3523809524,105.2759,105.2961,100.3222,3.0,0.04890474760000002
2019-11-18,13207.009765625,3122.030029296875,62.439998626708984,1470.9000244140625,0.9045600295066833,69775200.0,3440140000.0,0.07969307591821002,-0.4012857,-0.3523809524,105.2759,105.2961,100.3222,3.0,0.04890474760000002
2019-11-19,13221.1201171875,3120.179931640625,60.90999984741211,1473.300048828125,0.9031500220298767,68664200.0,3613670000.0,0.07564911809098727,-0.4012857,-0.3523809524,105.2759,105.2961,100.3222,3.0,0.04890474760000002
2019-11-20,13158.1396484375,3108.4599609375,62.400001525878906,1473.300048828125,0.9025269746780396,68735300.0,4041010000.0,0.07887618666110129,-0.4012857,-0.3523809524,105.2759,105.2961,100.3222,3.0,0.04890474760000002
2019-11-21,13137.7001953125,3103.5400390625,63.970001220703125,1463.0999755859375,0.9026200175285339,74515800.0,3744010000.0,0.07923141024946487,-0.4012857,-0.3523809524,105.2759,105.2961,100.3222,3.0,0.04890474760000002
2019-11-22,13163.8798828125,3110.2900390625,63.38999938964844,1463.0999755859375,0.9036800265312195,74716200.0,3235270000.0,0.07758148579835329,-0.4012857,-0.3523809524,105.2759,105.2961,100.3222,3.0,0.04890474760000002
2019-11-25,13246.4501953125,3133.639892578125,63.650001525878906,1456.5999755859375,0.907230019569397,54920200.0,3514310000.0,0.079629556595048,-0.4012857,-0.3523809524,105.2759,105.2961,100.3222,3.0,0.04890474760000002
2019-11-26,13236.419921875,3140.52001953125,64.2699966430664,1459.800048828125,0.9078999757766724,89580100.0,4600450000.0,0.07944635713865385,-0.4012857,-0.3523809524,105.2759,105.2961,100.3222,3.0,0.04890474760000002
2019-11-27,13287.0703125,3153.6298828125,64.05999755859375,1453.4000244140625,0.907230019569397,67304300.0,3035470000.0,0.07985826111839929,-0.4012857,-0.3523809524,105.2759,105.2961,100.3222,3.0,0.04890474760000002
2019-11-28,13245.580078125,3153.6298828125,64.05999755859375,1453.4000244140625,0.9086899757385254,36771000.0,3035470000.0,0.08038724095403259,-0.4012857,-0.3523809524,105.2759,105.2961,100.3222,3.0,0.04890474760000002
2019-11-29,13236.3798828125,3140.97998046875,62.43000030517578,1465.5999755859375,0.9081199765205383,71753700.0,1743420000.0,0.07898236750207109,-0.4012857,-0.3523809524,105.2759,105.2961,100.3222,3.0,0.04890474760000002
2019-12-02,12964.6796875,3113.8701171875,60.91999816894531,1462.300048828125,0.9075199961662292,105692200.0,3285750000.0,0.10658772173236081,-0.3947,-0.2994444444,105.2759,105.8785,98.00258,3.1,0.09525555559999999
2019-12-03,12989.2900390625,3093.199951171875,60.81999969482422,1478.199951171875,0.9025999903678894,87003100.0,3671580000.0,0.09503917733372304,-0.3947,-0.2994444444,105.2759,105.8785,98.00258,3.1,0.09525555559999999
2019-12-04,13140.5703125,3112.760009765625,63.0,1474.0,0.9021000266075134,68441900.0,3702980000.0,0.10393147651604362,-0.3947,-0.2994444444,105.2759,105.8785,98.00258,3.1,0.09525555559999999
2019-12-05,13054.7998046875,3117.429931640625,63.38999938964844,1476.9000244140625,0.9022799730300903,54216400.0,3360480000.0,0.10591138543411005,-0.3947,-0.2994444444,105.2759,105.8785,98.00258,3.1,0.09525555559999999
2019-12-06,13166.580078125,3145.909912109375,64.38999938964844,1459.0999755859375,0.9004600048065186,60141700.0,3483310000.0,0.10617359778725528,-0.3947,-0.2994444444,105.2759,105.8785,98.00258,3.1,0.09525555559999999
2019-12-09,13105.6103515625,3135.9599609375,64.25,1459.300048828125,0.9042500257492065,50345100.0,3400470000.0,0.10619744909602973,-0.3947,-0.2994444444,105.2759,105.8785,98.00258,3.1,0.09525555559999999
2019-12-10,13070.7197265625,3132.52001953125,64.33999633789062,1462.5999755859375,0.903751015663147,80064000.0,3346310000.0,0.10628941474426669,-0.3947,-0.2994444444,105.2759,105.8785,98.00258,3.1,0.09525555559999999
2019-12-11,13146.740234375,3141.6298828125,63.720001220703125,1469.4000244140625,0.9014899730682373,69220500.0,3257650000.0,0.10579245413129221,-0.3947,-0.2994444444,105.2759,105.8785,98.00258,3.1,0.09525555559999999
2019-12-12,13221.6396484375,3168.570068359375,64.19999694824219,1466.699951171875,0.8980000019073486,83998800.0,4003200000.0,0.10703217152668676,-0.3947,-0.2994444444,105.2759,105.8785,98.00258,3.1,0.09525555559999999
2019-12-13,13282.7197265625,3168.800048828125,65.22000122070312,1475.5999755859375,0.8939700126647949,106137100.0,3757650000.0,0.10726412518346537,-0.3947,-0.2994444444,105.2759,105.8785,98.00258,3.1,0.09525555559999999
2019-12-16,13407.66015625,3191.449951171875,65.33999633789062,1475.0,0.8989199995994568,71200800.0,4070200000.0,0.11084116983377927,-0.3947,-0.2994444444,105.2759,105.8785,98.00258,3.1,0.09525555559999999
2019-12-17,13287.830078125,3192.52001953125,66.0999984741211,1474.5999755859375,0.8979099988937378,79260500.0,3842940000.0,0.11523740195702482,-0.3947,-0.2994444444,105.2759,105.8785,98.00258,3.1,0.09525555559999999
2019-12-18,13222.16015625,3191.139892578125,66.16999816894531,1472.5999755859375,0.8967499732971191,71001000.0,4029950000.0,0.11661550092473957,-0.3947,-0.2994444444,105.2759,105.8785,98.00258,3.1,0.09525555559999999
2019-12-19,13211.9599609375,3205.3701171875,66.54000091552734,1478.199951171875,0.8996099829673767,84018200.0,3784360000.0,0.11536125030928732,-0.3947,-0.2994444444,105.2759,105.8785,98.00258,3.1,0.09525555559999999
2019-12-20,13318.900390625,3221.219970703125,66.13999938964844,1474.699951171875,0.8988000154495239,170723200.0,6457480000.0,0.11829655073436794,-0.3947,-0.2994444444,105.2759,105.8785,98.00258,3.1,0.09525555559999999
2019-12-23,13300.98046875,3224.010009765625,66.38999938964844,1482.5,0.9025400280952454,56215400.0,3064530000.0,0.11839462360690352,-0.3947,-0.2994444444,105.2759,105.8785,98.00258,3.1,0.09525555559999999
2019-12-24,13300.98046875,3223.3798828125,67.19999694824219,1499.0999755859375,0.9014000296592712,56215400.0,1296530000.0,0.11839462360690352,-0.3947,-0.2994444444,105.2759,105.8785,98.00258,3.1,0.09525555559999999
2019-12-25,13300.98046875,3223.3798828125,67.19999694824219,1499.0999755859375,0.9017000198364258,56215400.0,1296530000.0,0.11839462360690352,-0.3947,-0.2994444444,105.2759,105.8785,98.00258,3.1,0.09525555559999999
2019-12-26,13300.98046875,3239.909912109375,67.91999816894531,1509.300048828125,0.9012699723243713,56215400.0,2164540000.0,0.11839462360690352,-0.3947,-0.2994444444,105.2759,105.8785,98.00258,3.1,0.09525555559999999
2019-12-27,13337.1103515625,3240.02001953125,68.16000366210938,1513.800048828125,0.9008100032806396,43758600.0,2429150000.0,0.11839462360690352,-0.3947,-0.2994444444,105.2759,105.8785,98.00258,3.1,0.09525555559999999
2019-12-30,13249.009765625,3221.2900390625,68.44000244140625,1514.5,0.8942700028419495,31427400.0,3021720000.0,0.11839462360690352,-0.3947,-0.2994444444,105.2759,105.8785,98.00258,3.1,0.09525555559999999
2019-12-31,13249.009765625,3230.780029296875,66.0,1519.5,0.8926740288734436,31427400.0,2894760000.0,0.11839462360690352,-0.3947,-0.2994444444,105.2759,105.8785,98.00258,3.1,0.09525555559999999
2020-01-01,13249.009765625,3230.780029296875,66.0,1519.5,0.8912000060081482,31427400.0,2894760000.0,0.11839462360690352,-0.3911364,-0.3136363636,105.4284,104.8392,100.9987,3.2,0.07750003639999997
2020-01-02,13385.9296875,3257.85009765625,66.25,1524.5,0.8912000060081482,75341400.0,3459930000.0,0.11839462360690352,-0.3911364,-0.3136363636,105.4284,104.8392,100.9987,3.2,0.07750003639999997
2020-01-03,13219.1396484375,3234.85009765625,68.5999984741211,1549.199951171875,0.8951399922370911,80793400.0,3484700000.0,0.11839462360690352,-0.3911364,-0.3136363636,105.4284,104.8392,100.9987,3.2,0.07750003639999997
2020-01-06,13126.990234375,3246.280029296875,68.91000366210938,1566.199951171875,0.8959000110626221,71778600.0,3702460000.0,0.11839462360690352,-0.3911364,-0.3136363636,105.4284,104.8392,100.9987,3.2,0.07750003639999997
2020-01-07,13226.830078125,3237.179931640625,68.2699966430664,1571.800048828125,0.8930169939994812,78282300.0,3435910000.0,0.11839462360690352,-0.3911364,-0.3136363636,105.4284,104.8392,100.9987,3.2,0.07750003639999997
2020-01-08,13320.1796875,3253.050048828125,65.44000244140625,1557.4000244140625,0.8964800238609314,88178800.0,3726840000.0,0.11839462360690352,-0.3911364,-0.3136363636,105.4284,104.8392,100.9987,3.2,0.07750003639999997
2020-01-09,13495.0595703125,3274.699951171875,65.37000274658203,1551.699951171875,0.8998299837112427,86965600.0,3641230000.0,0.11839462360690352,-0.3911364,-0.3136363636,105.4284,104.8392,100.9987,3.2,0.07750003639999997
2020-01-10,13483.3095703125,3265.35009765625,64.9800033569336,1557.5,0.8999999761581421,77941000.0,3214580000.0,0.11839462360690352,-0.3911364,-0.3136363636,105.4284,104.8392,100.9987,3.2,0.07750003639999997
2020-01-13,13451.51953125,3288.1298828125,64.19999694824219,1548.4000244140625,0.8995500206947327,67208300.0,3459390000.0,0.11839462360690352,-0.3911364,-0.3136363636,105.4284,104.8392,100.9987,3.2,0.07750003639999997
2020-01-14,13456.490234375,3283.14990234375,64.48999786376953,1542.4000244140625,0.8980100154876709,74555400.0,3687620000.0,0.11839462360690352,-0.3911364,-0.3136363636,105.4284,104.8392,100.9987,3.2,0.07750003639999997
2020-01-15,13432.2998046875,3289.2900390625,64.0,1552.0999755859375,0.8984000086784363,72046400.0,3721490000.0,0.11839462360690352,-0.3911364,-0.3136363636,105.4284,104.8392,100.9987,3.2,0.07750003639999997
2020-01-16,13429.4296875,3316.81005859375,64.62000274658203,1549.0,0.8965389728546143,39611800.0,3540580000.0,0.11839462360690352,-0.3911364,-0.3136363636,105.4284,104.8392,100.9987,3.2,0.07750003639999997
2020-01-17,13526.1298828125,3329.6201171875,64.8499984741211,1558.800048828125,0.8977000117301941,86342800.0,3726220000.0,0.11839462360690352,-0.3911364,-0.3136363636,105.4284,104.8392,100.9987,3.2,0.07750003639999997
2020-01-20,13548.9404296875,3329.6201171875,64.8499984741211,1558.800048828125,0.9013400077819824,52882400.0,3726220000.0,0.11839462360690352,-0.3911364,-0.3136363636,105.4284,104.8392,100.9987,3.2,0.07750003639999997
2020-01-21,13555.8701171875,3320.7900390625,64.58999633789062,1556.4000244140625,0.9011499881744385,64630900.0,4104840000.0,0.11839462360690352,-0.3911364,-0.3136363636,105.4284,104.8392,100.9987,3.2,0.07750003639999997
2020-01-22,13515.75,3321.75,63.209999084472656,1555.300048828125,0.9020699858665466,73130700.0,3623780000.0,0.11839462360690352,-0.3911364,-0.3136363636,105.4284,104.8392,100.9987,3.2,0.07750003639999997
2020-01-23,13388.419921875,3325.5400390625,62.040000915527344,1564.5999755859375,0.9011899828910828,90749900.0,3766710000.0,0.11839462360690352,-0.3911364,-0.3136363636,105.4284,104.8392,100.9987,3.2,0.07750003639999997
2020-01-24,13576.6796875,3295.469970703125,60.689998626708984,1571.0999755859375,0.9045500159263611,87986400.0,3708780000.0,0.11839462360690352,-0.3911364,-0.3136363636,105.4284,104.8392,100.9987,3.2,0.07750003639999997
2020-01-27,13204.76953125,3243.6298828125,59.31999969482422,1576.800048828125,0.9070000052452087,101409200.0,3831050000.0,0.11839462360690352,-0.3911364,-0.3136363636,105.4284,104.8392,100.9987,3.2,0.07750003639999997
2020-01-28,13323.6904296875,3276.239990234375,59.5099983215332,1569.199951171875,0.9074599742889404,91825300.0,3531570000.0,0.11839462360690352,-0.3911364,-0.3136363636,105.4284,104.8392,100.9987,3.2,0.07750003639999997
2020-01-29,13345.0,3273.39990234375,59.810001373291016,1569.800048828125,0.907230019569397,67876800.0,3600250000.0,0.11839462360690352,-0.3911364,-0.3136363636,105.4284,104.8392,100.9987,3.2,0.07750003639999997
2020-01-30,13157.1201171875,3283.659912109375,58.290000915527344,1583.5,0.9077000021934509,100706100.0,3790350000.0,0.11839462360690352,-0.3911364,-0.3136363636,105.4284,104.8392,100.9987,3.2,0.07750003639999997
2020-01-31,12981.9697265625,3225.52001953125,58.15999984741211,1582.9000244140625,0.9066900014877319,106903800.0,4529700000.0,0.1592019497404647,-0.3911364,-0.3136363636,105.4284,104.8392,100.9987,3.2,0.07750003639999997
2020-02-03,13045.1904296875,3248.919921875,54.45000076293945,1577.199951171875,0.9017300009727478,81389100.0,3760460000.0,0.15531715793670475,-0.40885,-0.466,105.4284,105.1086,101.5786,3.3,-0.057150000000000034
2020-02-04,13281.740234375,3297.590087890625,53.959999084472656,1550.4000244140625,0.9039199948310852,80887400.0,3996900000.0,0.1662705707395946,-0.40885,-0.466,105.4284,105.1086,101.5786,3.3,-0.057150000000000034
2020-02-05,13478.330078125,3334.68994140625,55.279998779296875,1557.800048828125,0.9052000045776367,108453900.0,4121480000.0,0.17185950311906625,-0.40885,-0.466,105.4284,105.1086,101.5786,3.3,-0.057150000000000034
2020-02-06,13574.8203125,3345.780029296875,54.93000030517578,1565.0999755859375,0.9089000225067139,114567900.0,3887250000.0,0.1719052000881223,-0.40885,-0.466,105.4284,105.1086,101.5786,3.3,-0.057150000000000034
2020-02-07,13513.8095703125,3327.7099609375,54.470001220703125,1568.5999755859375,0.9104999899864197,87036900.0,3733920000.0,0.16695288550566692,-0.40885,-0.466,105.4284,105.1086,101.5786,3.3,-0.057150000000000034
2020-02-10,13494.0302734375,3352.090087890625,53.27000045776367,1574.699951171875,0.9132999777793884,60456500.0,3462730000.0,0.1670098002431554,-0.40885,-0.466,105.4284,105.1086,101.5786,3.3,-0.057150000000000034
2020-02-11,13627.83984375,3357.75,54.0099983215332,1565.5999755859375,0.9162999987602234,104753500.0,3762940000.0,0.1701256484593092,-0.40885,-0.466,105.4284,105.1086,101.5786,3.3,-0.057150000000000034
2020-02-12,13749.7802734375,3379.449951171875,55.790000915527344,1567.4000244140625,0.9157999753952026,86733300.0,3930910000.0,0.17251001949704484,-0.40885,-0.466,105.4284,105.1086,101.5786,3.3,-0.057150000000000034
2020-02-13,13745.4296875,3373.93994140625,56.34000015258789,1575.0999755859375,0.9194599986076355,92087000.0,3500890000.0,0.17227442998973622,-0.40885,-0.466,105.4284,105.1086,101.5786,3.3,-0.057150000000000034
2020-02-14,13744.2099609375,3380.159912109375,57.31999969482422,1582.699951171875,0.921999990940094,66314900.0,3419700000.0,0.1722624732661354,-0.40885,-0.466,105.4284,105.1086,101.5786,3.3,-0.057150000000000034
2020-02-17,13783.8896484375,3380.159912109375,57.31999969482422,1582.699951171875,0.9223600029945374,57400100.0,3419700000.0,0.17100011205798435,-0.40885,-0.466,105.4284,105.1086,101.5786,3.3,-0.057150000000000034
2020-02-18,13681.1904296875,3370.2900390625,57.75,1600.0,0.9225000143051147,82088700.0,3750400000.0,0.17341978314799286,-0.40885,-0.466,105.4284,105.1086,101.5786,3.3,-0.057150000000000034
2020-02-19,13789.0,3386.14990234375,59.119998931884766,1607.5,0.9263200163841248,90192900.0,3614200000.0,0.17528392704329215,-0.40885,-0.466,105.4284,105.1086,101.5786,3.3,-0.057150000000000034
2020-02-20,13664.0,3373.22998046875,59.310001373291016,1616.5999755859375,0.9250609874725342,86435200.0,4019180000.0,0.17821647998315646,-0.40885,-0.466,105.4284,105.1086,101.5786,3.3,-0.057150000000000034
2020-02-21,13579.330078125,3337.75,58.5,1644.5999755859375,0.9269559979438782,108765400.0,3908780000.0,0.17627615920385398,-0.40885,-0.466,105.4284,105.1086,101.5786,3.3,-0.057150000000000034
2020-02-24,13035.240234375,3225.889892578125,56.29999923706055,1672.4000244140625,0.9225900173187256,165148900.0,4851160000.0,0.2192088430296028,-0.40885,-0.466,105.4284,105.1086,101.5786,3.3,-0.057150000000000034
2020-02-25,12790.490234375,3128.2099609375,54.95000076293945,1646.9000244140625,0.9217270016670227,129552500.0,5596760000.0,0.20831579344382023,-0.40885,-0.466,105.4284,105.1086,101.5786,3.3,-0.057150000000000034
2020-02-26,12774.8798828125,3116.389892578125,53.43000030517578,1640.0,0.9189490079879761,163618900.0,5484650000.0,0.20484152560839342,-0.40885,-0.466,105.4284,105.1086,101.5786,3.3,-0.057150000000000034
2020-02-27,12367.4599609375,2978.760009765625,52.18000030517578,1640.0,0.9186199903488159,191240900.0,7064710000.0,0.22901824564027964,-0.40885,-0.466,105.4284,105.1086,101.5786,3.3,-0.057150000000000034
2020-02-28,11890.349609375,2954.219970703125,50.52000045776367,1564.0999755859375,0.9093199968338013,274623700.0,8569570000.0,0.25724172145230667,-0.40885,-0.466,105.4284,105.1086,101.5786,3.3,-0.057150000000000034
2020-03-02,11857.8701171875,3090.22998046875,51.900001525878906,1592.300048828125,0.9048699736595154,207214100.0,6381330000.0,0.2553736039539956,-0.4166364,-0.5413636364,105.4284,105.5965,91.23711,3.4,-0.12472723639999994
2020-03-03,11985.3896484375,3003.3701171875,51.86000061035156,1642.0999755859375,0.8973399996757507,195936600.0,6376510000.0,0.25879109367984426,-0.4166364,-0.5413636364,105.4284,105.5965,91.23711,3.4,-0.12472723639999994
2020-03-04,12127.6904296875,3130.1201171875,51.130001068115234,1641.0999755859375,0.8944000005722046,147845700.0,5073020000.0,0.2529179601710076,-0.4166364,-0.5413636364,105.4284,105.5965,91.23711,3.4,-0.12472723639999994
2020-03-05,11944.7197265625,3023.93994140625,49.9900016784668,1666.4000244140625,0.8977400064468384,148086000.0,5579290000.0,0.24572013799298445,-0.4166364,-0.5413636364,105.4284,105.5965,91.23711,3.4,-0.12472723639999994
2020-03-06,11541.8701171875,2972.3701171875,45.27000045776367,1670.800048828125,0.8909599781036377,195038500.0,6555240000.0,0.25936792494928285,-0.4166364,-0.5413636364,105.4284,105.5965,91.23711,3.4,-0.12472723639999994
2020-03-09,10625.01953125,2746.56005859375,34.36000061035156,1674.5,0.8782699704170227,305324300.0,8441290000.0,0.35897977489650146,-0.4166364,-0.5413636364,105.4284,105.5965,91.23711,3.4,-0.12472723639999994
2020-03-10,10475.490234375,2882.22998046875,37.220001220703125,1659.0999755859375,0.8773499727249146,267400800.0,7642040000.0,0.3573531261313804,-0.4166364,-0.5413636364,105.4284,105.5965,91.23711,3.4,-0.12472723639999994
2020-03-11,10438.6796875,2741.3798828125,35.790000915527344,1641.4000244140625,0.8836650252342224,216708900.0,7431200000.0,0.35005403820869235,-0.4166364,-0.5413636364,105.4284,105.5965,91.23711,3.4,-0.12472723639999994
2020-03-12,9161.1298828125,2480.639892578125,33.220001220703125,1589.300048828125,0.8879799842834473,390477000.0,8850810000.0,0.5088714654758657,-0.4166364,-0.5413636364,105.4284,105.5965,91.23711,3.4,-0.12472723639999994
2020-03-13,9232.080078125,2711.02001953125,33.849998474121094,1515.699951171875,0.8940600156784058,325900900.0,8299070000.0,0.5132738086962046,-0.4166364,-0.5413636364,105.4284,105.5965,91.23711,3.4,-0.12472723639999994
2020-03-16,8742.25,2386.1298828125,30.049999237060547,1485.9000244140625,0.8964300155639648,302202400.0,7805450000.0,0.522381613685711,-0.4166364,-0.5413636364,105.4284,105.5965,91.23711,3.4,-0.12472723639999994
2020-03-17,8939.099609375,2529.18994140625,28.729999542236328,1524.9000244140625,0.895799994468689,220092600.0,8370250000.0,0.5377806366424414,-0.4166364,-0.5413636364,105.4284,105.5965,91.23711,3.4,-0.12472723639999994
2020-03-18,8441.7099609375,2398.10009765625,24.8799991607666,1477.300048828125,0.9078099727630615,207558900.0,8799300000.0,0.5495813627688714,-0.4166364,-0.5413636364,105.4284,105.5965,91.23711,3.4,-0.12472723639999994
2020-03-19,8610.4296875,2409.389892578125,28.469999313354492,1478.5999755859375,0.9122800230979919,205539300.0,7956100000.0,0.5594221891801165,-0.4166364,-0.5413636364,105.4284,105.5965,91.23711,3.4,-0.12472723639999994
2020-03-20,8928.9501953125,2304.919921875,26.979999542236328,1484.0,0.938319981098175,286466000.0,9053950000.0,0.5940544841540127,-0.4166364,-0.5413636364,105.4284,105.5965,91.23711,3.4,-0.12472723639999994
2020-03-23,8741.150390625,2237.39990234375,27.030000686645508,1567.0,0.9350699782371521,197208600.0,7411380000.0,0.5921329172932328,-0.4166364,-0.5413636364,105.4284,105.5965,91.23711,3.4,-0.12472723639999994
2020-03-24,9700.5703125,2447.330078125,27.149999618530273,1660.199951171875,0.9289699792861938,203840700.0,7563150000.0,0.7378842490150898,-0.4166364,-0.5413636364,105.4284,105.5965,91.23711,3.4,-0.12472723639999994
2020-03-25,9874.259765625,2475.56005859375,27.389999389648438,1632.300048828125,0.9257000088691711,204692500.0,8300010000.0,0.7451276646420044,-0.4166364,-0.5413636364,105.4284,105.5965,91.23711,3.4,-0.12472723639999994
2020-03-26,10000.9599609375,2630.070068359375,26.34000015258789,1650.0999755859375,0.9183099865913391,160450300.0,7766990000.0,0.7490744505122748,-0.4166364,-0.5413636364,105.4284,105.5965,91.23711,3.4,-0.12472723639999994
2020-03-27,9632.51953125,2541.469970703125,24.93000030517578,1623.9000244140625,0.9051200151443481,156138300.0,6201670000.0,0.7510473521120986,-0.4166364,-0.5413636364,105.4284,105.5965,91.23711,3.4,-0.12472723639999994
2020-03-30,9815.9697265625,2626.64990234375,22.760000228881836,1622.0,0.8977400064468384,131120200.0,5751120000.0,0.7506713867304253,-0.4166364,-0.5413636364,105.4284,105.5965,91.23711,3.4,-0.12472723639999994
2020-03-31,9935.83984375,2584.590087890625,22.739999771118164,1583.4000244140625,0.9065799713134766,151505700.0,6576210000.0,0.7537726823178797,-0.4166364,-0.5413636364,105.4284,105.5965,91.23711,3.4,-0.12472723639999994
2020-04-01,9544.75,2470.5,24.739999771118164,1578.199951171875,0.9068999886512756,132862200.0,5964000000.0,0.7586295989058639,-0.25405,-0.4495,105.4284,105.9012,71.71392,3.5,-0.19545
2020-04-02,9570.8203125,2526.89990234375,29.940000534057617,1625.699951171875,0.9129400253295898,144225800.0,6464190000.0,0.7560135620955778,-0.25405,-0.4495,105.4284,105.9012,71.71392,3.5,-0.19545
2020-04-03,9525.76953125,2488.64990234375,34.11000061035156,1633.699951171875,0.9218800067901611,116245300.0,6096970000.0,0.7560086643925652,-0.25405,-0.4495,105.4284,105.9012,71.71392,3.5,-0.19545
2020-04-06,10075.169921875,2663.679931640625,33.04999923706055,1677.0,0.9253299832344055,126692200.0,6403840000.0,0.7850345159754293,-0.25405,-0.4495,105.4284,105.9012,71.71392,3.5,-0.19545
2020-04-07,10356.7001953125,2659.409912109375,31.8700008392334,1664.800048828125,0.925599992275238,149513100.0,7050410000.0,0.7442771822572064,-0.25405,-0.4495,105.4284,105.9012,71.71392,3.5,-0.19545
2020-04-08,10332.8896484375,2749.97998046875,32.84000015258789,1665.4000244140625,0.9178400039672852,102430700.0,5875710000.0,0.7426187752404495,-0.25405,-0.4495,105.4284,105.9012,71.71392,3.5,-0.19545
2020-04-09,10564.740234375,2789.820068359375,31.479999542236328,1736.199951171875,0.9204999804496765,134477100.0,7899550000.0,0.7463255980777073,-0.25405,-0.4495,105.4284,105.9012,71.71392,3.5,-0.19545
2020-04-10,10564.740234375,2789.820068359375,31.479999542236328,1736.199951171875,0.9151300191879272,134477100.0,7899550000.0,0.7463255980777073,-0.25405,-0.4495,105.4284,105.9012,71.71392,3.5,-0.19545
2020-04-13,10564.740234375,2761.6298828125,31.739999771118164,1744.800048828125,0.9146900177001953,134477100.0,5319530000.0,0.7463255980777073,-0.25405,-0.4495,105.4284,105.9012,71.71392,3.5,-0.19545
2020-04-14,10696.5595703125,2846.06005859375,29.600000381469727,1756.699951171875,0.9154999852180481,106043700.0,5615730000.0,0.7463255980777073,-0.25405,-0.4495,105.4284,105.9012,71.71392,3.5,-0.19545
2020-04-15,10279.759765625,2783.360107421875,27.690000534057617,1727.199951171875,0.9103000164031982,133088500.0,5208000000.0,0.7463255980777073,-0.25405,-0.4495,105.4284,105.9012,71.71392,3.5,-0.19545
2020-04-16,10301.5400390625,2799.550048828125,27.81999969482422,1720.4000244140625,0.9170020222663879,106131500.0,5228810000.0,0.7463255980777073,-0.25405,-0.4495,105.4284,105.9012,71.71392,3.5,-0.19545
2020-04-17,10625.7802734375,2874.56005859375,28.079999923706055,1689.199951171875,0.9209399819374084,143341400.0,5804810000.0,0.7463255980777073,-0.25405,-0.4495,105.4284,105.9012,71.71392,3.5,-0.19545
2020-04-20,10675.900390625,2823.159912109375,25.56999969482422,1701.5999755859375,0.9202200174331665,103611100.0,5228630000.0,0.7463255980777073,-0.25405,-0.4495,105.4284,105.9012,71.71392,3.5,-0.19545
2020-04-21,10249.849609375,2736.56005859375,19.329999923706055,1678.199951171875,0.9204000234603882,121194400.0,5121010000.0,0.7463255980777073,-0.25405,-0.4495,105.4284,105.9012,71.71392,3.5,-0.19545
2020-04-22,10415.0302734375,2799.31005859375,20.3700008392334,1728.699951171875,0.9211099743843079,92389500.0,5084920000.0,0.7463255980777073,-0.25405,-0.4495,105.4284,105.9012,71.71392,3.5,-0.19545
2020-04-23,10513.7900390625,2797.800048828125,21.329999923706055,1733.300048828125,0.9251000285148621,97907700.0,5773530000.0,0.7463255980777073,-0.25405,-0.4495,105.4284,105.9012,71.71392,3.5,-0.19545
2020-04-24,10336.08984375,2836.739990234375,21.440000534057617,1723.5,0.9279000163078308,120035000.0,5382810000.0,0.7463255980777073,-0.25405,-0.4495,105.4284,105.9012,71.71392,3.5,-0.19545
2020-04-27,10659.990234375,2878.47998046875,19.989999771118164,1711.9000244140625,0.9239000082015991,122476600.0,5203930000.0,0.7463255980777073,-0.25405,-0.4495,105.4284,105.9012,71.71392,3.5,-0.19545
2020-04-28,10795.6298828125,2863.389892578125,20.459999084472656,1710.5,0.923799991607666,146549900.0,5691160000.0,0.7463255980777073,-0.25405,-0.4495,105.4284,105.9012,71.71392,3.5,-0.19545
2020-04-29,11107.740234375,2939.510009765625,22.540000915527344,1703.4000244140625,0.9228000044822693,145350700.0,6645640000.0,0.7463255980777073,-0.25405,-0.4495,105.4284,105.9012,71.71392,3.5,-0.19545
2020-04-30,10861.6396484375,2912.429931640625,25.270000457763672,1684.199951171875,0.9193500280380249,162733400.0,6544980000.0,0.7463255980777073,-0.25405,-0.4495,105.4284,105.9012,71.71392,3.5,-0.19545
2020-05-01,10861.6396484375,2830.7099609375,26.440000534057617,1694.5,0.9136199951171875,162733400.0,4759810000.0,0.7463255980777073,-0.27195,-0.5165,105.4284,106.0207,79.73582,3.7,-0.24454999999999993
2020-05-04,10466.7998046875,2842.739990234375,27.200000762939453,1706.9000244140625,0.9124400019645691,140425100.0,4735930000.0,0.7463255980777073,-0.27195,-0.5165,105.4284,106.0207,79.73582,3.7,-0.24454999999999993
2020-05-05,10729.4599609375,2868.43994140625,30.969999313354492,1704.4000244140625,0.9170699715614319,103766700.0,5140290000.0,0.7463255980777073,-0.27195,-0.5165,105.4284,106.0207,79.73582,3.7,-0.24454999999999993
2020-05-06,10606.2001953125,2848.419921875,29.719999313354492,1684.199951171875,0.9226300120353699,94905700.0,4892570000.0,0.7463255980777073,-0.27195,-0.5165,105.4284,106.0207,79.73582,3.7,-0.24454999999999993
2020-05-07,10759.26953125,2881.18994140625,29.459999084472656,1721.800048828125,0.9260500073432922,102151600.0,5178790000.0,0.7463255980777073,-0.27195,-0.5165,105.4284,106.0207,79.73582,3.7,-0.24454999999999993
2020-05-08,10904.48046875,2929.800048828125,30.969999313354492,1709.9000244140625,0.9227499961853027,81795700.0,4876030000.0,0.7463255980777073,-0.27195,-0.5165,105.4284,106.0207,79.73582,3.7,-0.24454999999999993
2020-05-11,10824.990234375,2930.18994140625,29.6299991607666,1695.300048828125,0.9225500226020813,88080900.0,4819730000.0,0.7463255980777073,-0.27195,-0.5165,105.4284,106.0207,79.73582,3.7,-0.24454999999999993
2020-05-12,10819.5,2870.1201171875,29.979999542236328,1704.4000244140625,0.9251199960708618,88857600.0,5119630000.0,0.7463255980777073,-0.27195,-0.5165,105.4284,106.0207,79.73582,3.7,-0.24454999999999993
2020-05-13,10542.66015625,2820.0,29.190000534057617,1713.9000244140625,0.9219300150871277,108739000.0,6151650000.0,0.7463255980777073,-0.27195,-0.5165,105.4284,106.0207,79.73582,3.7,-0.24454999999999993
2020-05-14,10337.01953125,2852.5,31.1299991607666,1738.0999755859375,0.9239000082015991,133623600.0,5651130000.0,0.7463255980777073,-0.27195,-0.5165,105.4284,106.0207,79.73582,3.7,-0.24454999999999993
2020-05-15,10465.169921875,2863.699951171875,32.5,1753.4000244140625,0.9253299832344055,116082600.0,5507700000.0,0.7463255980777073,-0.27195,-0.5165,105.4284,106.0207,79.73582,3.7,-0.24454999999999993
2020-05-18,11058.8701171875,2953.909912109375,34.810001373291016,1731.800048828125,0.9240999817848206,118984900.0,6373670000.0,0.7463255980777073,-0.27195,-0.5165,105.4284,106.0207,79.73582,3.7,-0.24454999999999993
2020-05-19,11075.2900390625,2922.93994140625,34.650001525878906,1744.199951171875,0.916159987449646,125543400.0,4984330000.0,0.7463255980777073,-0.27195,-0.5165,105.4284,106.0207,79.73582,3.7,-0.24454999999999993
2020-05-20,11223.7099609375,2971.610107421875,35.75,1750.5999755859375,0.9150999784469604,98827200.0,5005380000.0,0.7463255980777073,-0.27195,-0.5165,105.4284,106.0207,79.73582,3.7,-0.24454999999999993
2020-05-21,11065.9296875,2948.510009765625,36.060001373291016,1720.5,0.9104999899864197,73570300.0,4976620000.0,0.7463255980777073,-0.27195,-0.5165,105.4284,106.0207,79.73582,3.7,-0.24454999999999993
2020-05-22,11073.8701171875,2955.449951171875,35.130001068115234,1734.5999755859375,0.9129999876022339,86150600.0,3970860000.0,0.7463255980777073,-0.27195,-0.5165,105.4284,106.0207,79.73582,3.7,-0.24454999999999993
2020-05-25,11391.2802734375,2955.449951171875,35.130001068115234,1734.5999755859375,0.9167749881744385,72133500.0,3970860000.0,0.7463255980777073,-0.27195,-0.5165,105.4284,106.0207,79.73582,3.7,-0.24454999999999993
2020-05-26,11504.650390625,2991.77001953125,36.16999816894531,1704.800048828125,0.9171789884567261,124580900.0,5848500000.0,0.7463255980777073,-0.27195,-0.5165,105.4284,106.0207,79.73582,3.7,-0.24454999999999993
2020-05-27,11657.6904296875,3036.1298828125,34.7400016784668,1710.300048828125,0.9106000065803528,168966900.0,6398000000.0,0.7463255980777073,-0.27195,-0.5165,105.4284,106.0207,79.73582,3.7,-0.24454999999999993
2020-05-28,11781.1298828125,3029.72998046875,35.290000915527344,1713.300048828125,0.9077000021934509,124127000.0,5447020000.0,0.7463255980777073,-0.27195,-0.5165,105.4284,106.0207,79.73582,3.7,-0.24454999999999993
2020-05-29,11586.849609375,3044.31005859375,35.33000183105469,1736.9000244140625,0.9025999903678894,170600400.0,7297550000.0,0.7463255980777073,-0.27195,-0.5165,105.4284,106.0207,79.73582,3.7,-0.24454999999999993
2020-06-01,11586.849609375,3055.72998046875,38.31999969482422,1737.800048828125,0.899399995803833,170600400.0,4684170000.0,0.7463255980777073,-0.376,-0.4342857143,105.4284,106.0267,89.01418,3.8,-0.05828571430000001
2020-06-02,12021.2802734375,3080.820068359375,39.56999969482422,1725.199951171875,0.8988000154495239,143102700.0,5197150000.0,0.7463255980777073,-0.376,-0.4342857143,105.4284,106.0267,89.01418,3.8,-0.05828571430000001
2020-06-03,12487.3603515625,3122.8701171875,39.790000915527344,1697.800048828125,0.8937000036239624,152036900.0,6005560000.0,0.7463255980777073,-0.376,-0.4342857143,105.4284,106.0267,89.01418,3.8,-0.05828571430000001
2020-06-04,12430.5595703125,3112.35009765625,39.9900016784668,1718.9000244140625,0.8899999856948853,138856600.0,6451290000.0,0.7463255980777073,-0.376,-0.4342857143,105.4284,106.0267,89.01418,3.8,-0.05828571430000001
2020-06-05,12847.6796875,3193.929931640625,42.29999923706055,1676.199951171875,0.8820000290870667,168928500.0,8639300000.0,0.7463255980777073,-0.376,-0.4342857143,105.4284,106.0267,89.01418,3.8,-0.05828571430000001
2020-06-08,12819.58984375,3232.389892578125,40.79999923706055,1698.300048828125,0.883430004119873,140371700.0,8498300000.0,0.7463255980777073,-0.376,-0.4342857143,105.4284,106.0267,89.01418,3.8,-0.05828571430000001
2020-06-09,12617.990234375,3207.179931640625,41.18000030517578,1714.699951171875,0.8845199942588806,145984300.0,6410930000.0,0.7463255980777073,-0.376,-0.4342857143,105.4284,106.0267,89.01418,3.8,-0.05828571430000001
2020-06-10,12530.16015625,3190.139892578125,41.72999954223633,1713.300048828125,0.8824399709701538,112489400.0,6598870000.0,0.7463255980777073,-0.376,-0.4342857143,105.4284,106.0267,89.01418,3.8,-0.05828571430000001
2020-06-11,11970.2900390625,3002.10009765625,38.54999923706055,1732.0,0.879859983921051,133278800.0,7037320000.0,0.7463255980777073,-0.376,-0.4342857143,105.4284,106.0267,89.01418,3.8,-0.05828571430000001
2020-06-12,11949.2802734375,3041.31005859375,38.72999954223633,1729.300048828125,0.885890007019043,118016300.0,5845330000.0,0.7463255980777073,-0.376,-0.4342857143,105.4284,106.0267,89.01418,3.8,-0.05828571430000001
2020-06-15,11911.349609375,3066.590087890625,39.720001220703125,1720.300048828125,0.888729989528656,99879200.0,5757480000.0,0.7463255980777073,-0.376,-0.4342857143,105.4284,106.0267,89.01418,3.8,-0.05828571430000001
2020-06-16,12315.66015625,3124.739990234375,40.959999084472656,1729.5999755859375,0.8820099830627441,122780400.0,5845810000.0,0.7463255980777073,-0.376,-0.4342857143,105.4284,106.0267,89.01418,3.8,-0.05828571430000001
2020-06-17,12382.1396484375,3113.489990234375,40.709999084472656,1729.199951171875,0.8876500129699707,102040400.0,4560450000.0,0.7463255980777073,-0.376,-0.4342857143,105.4284,106.0267,89.01418,3.8,-0.05828571430000001
2020-06-18,12281.5302734375,3115.340087890625,41.5099983215332,1724.800048828125,0.8894500136375427,154821700.0,4448690000.0,0.7463255980777073,-0.376,-0.4342857143,105.4284,106.0267,89.01418,3.8,-0.05828571430000001
2020-06-19,12330.759765625,3097.739990234375,42.189998626708984,1745.9000244140625,0.8919810056686401,227975200.0,8346650000.0,0.7463255980777073,-0.376,-0.4342857143,105.4284,106.0267,89.01418,3.8,-0.05828571430000001
2020-06-22,12262.9697265625,3117.860107421875,43.08000183105469,1756.699951171875,0.8946499824523926,91977200.0,4686690000.0,0.7463255980777073,-0.376,-0.4342857143,105.4284,106.0267,89.01418,3.8,-0.05828571430000001
2020-06-23,12523.759765625,3131.2900390625,42.630001068115234,1772.0999755859375,0.8865500092506409,113421700.0,4711850000.0,0.7463255980777073,-0.376,-0.4342857143,105.4284,106.0267,89.01418,3.8,-0.05828571430000001
2020-06-24,12093.9404296875,3050.330078125,40.310001373291016,1765.800048828125,0.8839899897575378,102775200.0,5597680000.0,0.7463255980777073,-0.376,-0.4342857143,105.4284,106.0267,89.01418,3.8,-0.05828571430000001
2020-06-25,12177.8701171875,3083.760009765625,41.04999923706055,1762.0999755859375,0.8888199925422668,128245800.0,4847690000.0,0.7463255980777073,-0.376,-0.4342857143,105.4284,106.0267,89.01418,3.8,-0.05828571430000001
2020-06-26,12089.3896484375,3009.050048828125,41.02000045776367,1772.5,0.8910999894142151,111965200.0,8107850000.0,0.7463255980777073,-0.376,-0.4342857143,105.4284,106.0267,89.01418,3.8,-0.05828571430000001
2020-06-29,12232.1201171875,3053.239990234375,41.709999084472656,1774.800048828125,0.8907999992370605,121308400.0,4473970000.0,0.7463255980777073,-0.376,-0.4342857143,105.4284,106.0267,89.01418,3.8,-0.05828571430000001
2020-06-30,12310.9296875,3100.2900390625,41.150001525878906,1793.0,0.8891100287437439,124633200.0,4705850000.0,0.7463255980777073,-0.376,-0.4342857143,105.4284,106.0267,89.01418,3.8,-0.05828571430000001
2020-07-01,12260.5703125,3115.860107421875,42.029998779296875,1773.199951171875,0.8899999856948853,81131500.0,4449230000.0,0.3205592817259416,-0.4441304,-0.5230434783,105.4284,105.4505,90.94717,3.8,-0.0789130783
2020-07-02,12608.4599609375,3130.010009765625,43.13999938964844,1784.0,0.8887799978256226,103857000.0,4197720000.0,0.30691108704258396,-0.4441304,-0.5230434783,105.4284,105.4505,90.94717,3.8,-0.0789130783
2020-07-03,12528.1796875,3130.010009765625,43.13999938964844,1784.0,0.8898500204086304,54014400.0,4197720000.0,0.3073626480148764,-0.4441304,-0.5230434783,105.4284,105.4505,90.94717,3.8,-0.0789130783
2020-07-06,12733.4501953125,3179.719970703125,43.099998474121094,1788.5,0.8891100287437439,78193500.0,4759160000.0,0.2893587558428809,-0.4441304,-0.5230434783,105.4284,105.4505,90.94717,3.8,-0.0789130783
2020-07-07,12616.7998046875,3145.320068359375,43.08000183105469,1804.199951171875,0.8839499950408936,78792300.0,4571330000.0,0.2909462885999023,-0.4441304,-0.5230434783,105.4284,105.4505,90.94717,3.8,-0.0789130783
2020-07-08,12494.8095703125,3169.93994140625,43.290000915527344,1815.5,0.886900007724762,74362600.0,4937310000.0,0.28771676626858445,-0.4441304,-0.5230434783,105.4284,105.4505,90.94717,3.8,-0.0789130783
2020-07-09,12489.4599609375,3152.050048828125,42.349998474121094,1799.199951171875,0.8819000124931335,76140500.0,4843650000.0,0.2867021828411083,-0.4441304,-0.5230434783,105.4284,105.4505,90.94717,3.8,-0.0789130783
2020-07-10,12633.7099609375,3185.0400390625,43.2400016784668,1798.199951171875,0.8859000205993652,72727400.0,4524190000.0,0.23837866924605644,-0.4441304,-0.5230434783,105.4284,105.4505,90.94717,3.8,-0.0789130783
2020-07-13,12799.9697265625,3155.219970703125,42.720001220703125,1811.0,0.8841699957847595,72522700.0,4902440000.0,0.24047304875666922,-0.4441304,-0.5230434783,105.4284,105.4505,90.94717,3.8,-0.0789130783
2020-07-14,12697.3603515625,3197.52001953125,42.900001525878906,1810.5999755859375,0.8814070224761963,76739200.0,4507140000.0,0.2427128476350106,-0.4441304,-0.5230434783,105.4284,105.4505,90.94717,3.8,-0.0789130783
2020-07-15,12930.98046875,3226.56005859375,43.790000915527344,1811.4000244140625,0.8763700127601624,78620200.0,4686830000.0,0.22304763282486917,-0.4441304,-0.5230434783,105.4284,105.4505,90.94717,3.8,-0.0789130783
2020-07-16,12874.9697265625,3215.570068359375,43.369998931884766,1798.699951171875,0.875872015953064,68007000.0,3972860000.0,0.2239546616517435,-0.4441304,-0.5230434783,105.4284,105.4505,90.94717,3.8,-0.0789130783
2020-07-17,12919.6103515625,3224.72998046875,43.13999938964844,1808.300048828125,0.8777999877929688,75182300.0,4012850000.0,0.22096035433817687,-0.4441304,-0.5230434783,105.4284,105.4505,90.94717,3.8,-0.0789130783
2020-07-20,13046.919921875,3251.840087890625,43.279998779296875,1815.9000244140625,0.8738999962806702,59658600.0,3979340000.0,0.22238404014611982,-0.4441304,-0.5230434783,105.4284,105.4505,90.94717,3.8,-0.0789130783
2020-07-21,13171.830078125,3257.300048828125,44.31999969482422,1842.4000244140625,0.8726999759674072,92171700.0,4556610000.0,0.22143731342666045,-0.4441304,-0.5230434783,105.4284,105.4505,90.94717,3.8,-0.0789130783
2020-07-22,13104.25,3276.02001953125,44.290000915527344,1864.0999755859375,0.8669999837875366,68185200.0,4267160000.0,0.2134946895595567,-0.4441304,-0.5230434783,105.4284,105.4505,90.94717,3.8,-0.0789130783
2020-07-23,13103.3896484375,3235.659912109375,43.310001373291016,1889.0999755859375,0.8644000291824341,64544500.0,4296760000.0,0.1676175401243176,-0.4441304,-0.5230434783,105.4284,105.4505,90.94717,3.8,-0.0789130783
2020-07-24,12838.0595703125,3215.6298828125,43.34000015258789,1897.300048828125,0.8623600006103516,63775500.0,3689410000.0,0.18673029194038984,-0.4441304,-0.5230434783,105.4284,105.4505,90.94717,3.8,-0.0789130783
2020-07-27,12838.66015625,3239.409912109375,43.40999984741211,1931.0,0.8581799864768982,60602800.0,3970310000.0,0.18356213363708598,-0.4441304,-0.5230434783,105.4284,105.4505,90.94717,3.8,-0.0789130783
2020-07-28,12835.2802734375,3218.43994140625,43.220001220703125,1944.699951171875,0.8496699929237366,58126400.0,4053180000.0,0.18095220300647488,-0.4441304,-0.5230434783,105.4284,105.4505,90.94717,3.8,-0.0789130783
2020-07-29,12822.259765625,3258.43994140625,43.75,1953.5,0.8533300161361694,70233500.0,4478200000.0,0.18067390947819176,-0.4441304,-0.5230434783,105.4284,105.4505,90.94717,3.8,-0.0789130783
2020-07-30,12379.650390625,3246.219970703125,42.939998626708984,1942.300048828125,0.8486899733543396,103737800.0,4264920000.0,0.22005604342885185,-0.4441304,-0.5230434783,105.4284,105.4505,90.94717,3.8,-0.0789130783
2020-07-31,12313.3603515625,3271.1201171875,43.29999923706055,1962.800048828125,0.8422999978065491,81406400.0,5007530000.0,0.1960309447551355,-0.4441304,-0.5230434783,105.4284,105.4505,90.94717,3.8,-0.0789130783
2020-08-03,12646.98046875,3294.610107421875,44.150001525878906,1966.0,0.8487300276756287,73270900.0,4438940000.0,0.21767833778294318,-0.4797143,-0.5233333333,105.4284,105.5193,90.85052,3.9,-0.0436190333
2020-08-04,12600.8701171875,3306.510009765625,44.43000030517578,2001.199951171875,0.8500999808311462,65605800.0,4414380000.0,0.21023869188512614,-0.4797143,-0.5233333333,105.4284,105.5193,90.85052,3.9,-0.0436190333
2020-08-05,12660.25,3327.77001953125,45.16999816894531,2031.0999755859375,0.8463500142097473,67957000.0,4535060000.0,0.208451656424242,-0.4797143,-0.5233333333,105.4284,105.5193,90.85052,3.9,-0.0436190333
2020-08-06,12591.6796875,3349.159912109375,45.09000015258789,2051.5,0.8422600030899048,67702900.0,4278930000.0,0.20641352587756398,-0.4797143,-0.5233333333,105.4284,105.5193,90.85052,3.9,-0.0436190333
2020-08-07,12674.8798828125,3351.280029296875,44.400001525878906,2010.0999755859375,0.8420000076293945,57754800.0,4110030000.0,0.20747311410993227,-0.4797143,-0.5233333333,105.4284,105.5193,90.85052,3.9,-0.0436190333
2020-08-10,12687.5302734375,3360.469970703125,44.9900016784668,2024.4000244140625,0.8486999869346619,49572900.0,4327920000.0,0.20376074447431164,-0.4797143,-0.5233333333,105.4284,105.5193,90.85052,3.9,-0.0436190333
2020-08-11,12946.8896484375,3333.68994140625,44.5,1932.5999755859375,0.8519499897956848,77566500.0,4880540000.0,0.21099320463995738,-0.4797143,-0.5233333333,105.4284,105.5193,90.85052,3.9,-0.0436190333
2020-08-12,13058.6298828125,3380.35009765625,45.43000030517578,1934.9000244140625,0.8520399928092957,62437900.0,3772250000.0,0.21027896648218827,-0.4797143,-0.5233333333,105.4284,105.5193,90.85052,3.9,-0.0436190333
2020-08-13,12993.7099609375,3373.429931640625,44.959999084472656,1956.699951171875,0.8479030132293701,60055500.0,3438730000.0,0.2019213513727539,-0.4797143,-0.5233333333,105.4284,105.5193,90.85052,3.9,-0.0436190333
2020-08-14,12901.33984375,3372.85009765625,44.79999923706055,1937.0,0.8462700247764587,54988600.0,3200060000.0,0.20295195717543726,-0.4797143,-0.5233333333,105.4284,105.5193,90.85052,3.9,-0.0436190333
2020-08-17,12920.66015625,3381.989990234375,45.369998931884766,1985.0,0.8436999917030334,44400800.0,3460330000.0,0.20266393079707318,-0.4797143,-0.5233333333,105.4284,105.5193,90.85052,3.9,-0.0436190333
2020-08-18,12881.759765625,3389.780029296875,45.459999084472656,1999.4000244140625,0.8420000076293945,56723900.0,3669550000.0,0.19972639473259826,-0.4797143,-0.5233333333,105.4284,105.5193,90.85052,3.9,-0.0436190333
2020-08-19,12977.330078125,3374.85009765625,45.369998931884766,1958.699951171875,0.8369699716567993,52633400.0,3679480000.0,0.19848838684286532,-0.4797143,-0.5233333333,105.4284,105.5193,90.85052,3.9,-0.0436190333
2020-08-20,12830.0,3385.510009765625,44.900001525878906,1933.800048828125,0.844344973564148,54738500.0,3431040000.0,0.20141351227279758,-0.4797143,-0.5233333333,105.4284,105.5193,90.85052,3.9,-0.0436190333
2020-08-21,12764.7998046875,3397.159912109375,44.349998474121094,1934.5999755859375,0.842199981212616,71999900.0,3505010000.0,0.20189137658112466,-0.4797143,-0.5233333333,105.4284,105.5193,90.85052,3.9,-0.0436190333
2020-08-24,13066.5400390625,3431.280029296875,45.130001068115234,1927.699951171875,0.847599983215332,64175000.0,3743410000.0,0.2068119495259766,-0.4797143,-0.5233333333,105.4284,105.5193,90.85052,3.9,-0.0436190333
2020-08-25,13061.6201171875,3443.6201171875,45.86000061035156,1911.800048828125,0.8478500247001648,55974200.0,3627650000.0,0.20683970061642332,-0.4797143,-0.5233333333,105.4284,105.5193,90.85052,3.9,-0.0436190333
2020-08-26,13190.150390625,3478.72998046875,45.63999938964844,1940.699951171875,0.8449500203132629,46701500.0,3780530000.0,0.2090721731467204,-0.4797143,-0.5233333333,105.4284,105.5193,90.85052,3.9,-0.0436190333
2020-08-27,13096.3603515625,3484.550048828125,45.09000015258789,1921.5999755859375,0.8443999886512756,53031400.0,3955890000.0,0.21101025092829814,-0.4797143,-0.5233333333,105.4284,105.5193,90.85052,3.9,-0.0436190333
2020-08-28,13033.2001953125,3508.010009765625,45.04999923706055,1964.5999755859375,0.8460500240325928,63768900.0,3868510000.0,0.16869668178078542,-0.4797143,-0.5233333333,105.4284,105.5193,90.85052,3.9,-0.0436190333
2020-08-31,12945.3798828125,3500.31005859375,45.279998779296875,1967.5999755859375,0.8390499949455261,59561900.0,4348280000.0,0.16957472624210057,-0.4797143,-0.5233333333,105.4284,105.5193,90.85052,3.9,-0.0436190333
2020-09-01,12974.25,3526.64990234375,45.58000183105469,1968.199951171875,0.8375899791717529,63053900.0,4101490000.0,0.14396775320393276,-0.4913636,-0.5240909091,105.4284,105.6086,93.1701,3.8,-0.03272730909999999
2020-09-02,13243.4296875,3580.840087890625,44.43000030517578,1934.4000244140625,0.838699996471405,80774100.0,4295640000.0,0.1576503821883071,-0.4913636,-0.5240909091,105.4284,105.6086,93.1701,3.8,-0.03272730909999999
2020-09-03,13057.76953125,3455.06005859375,44.06999969482422,1927.5999755859375,0.8440700173377991,81698500.0,4911830000.0,0.1672749688674,-0.4913636,-0.5240909091,105.4284,105.6086,93.1701,3.8,-0.03272730909999999
2020-09-04,12842.66015625,3426.9599609375,42.65999984741211,1923.9000244140625,0.8446099758148193,94282700.0,4438720000.0,0.1771510882739461,-0.4913636,-0.5240909091,105.4284,105.6086,93.1701,3.8,-0.03272730909999999
2020-09-07,13100.2802734375,3426.9599609375,42.65999984741211,1923.9000244140625,0.8449900150299072,54819100.0,4438720000.0,0.1882955512693888,-0.4913636,-0.5240909091,105.4284,105.6086,93.1701,3.8,-0.03272730909999999
2020-09-08,12968.330078125,3331.840087890625,39.779998779296875,1933.0,0.8458999991416931,72302300.0,4694330000.0,0.19262630994828017,-0.4913636,-0.5240909091,105.4284,105.6086,93.1701,3.8,-0.03272730909999999
2020-09-09,13237.2099609375,3398.9599609375,40.790000915527344,1944.699951171875,0.8496000170707703,73655700.0,3932520000.0,0.19299717344046752,-0.4913636,-0.5240909091,105.4284,105.6086,93.1701,3.8,-0.03272730909999999
2020-09-10,13208.8896484375,3339.18994140625,40.060001373291016,1954.199951171875,0.847000002861023,56811700.0,4208630000.0,0.19131960057409592,-0.4913636,-0.5240909091,105.4284,105.6086,93.1701,3.8,-0.03272730909999999
2020-09-11,13202.83984375,3340.969970703125,39.83000183105469,1937.800048828125,0.8457099795341492,57027900.0,3710090000.0,0.19029555888088967,-0.4913636,-0.5240909091,105.4284,105.6086,93.1701,3.8,-0.03272730909999999
2020-09-14,13193.66015625,3383.5400390625,39.61000061035156,1953.0999755859375,0.8443999886512756,49242800.0,3839580000.0,0.1882103585800282,-0.4913636,-0.5240909091,105.4284,105.6086,93.1701,3.8,-0.03272730909999999
2020-09-15,13217.669921875,3401.199951171875,40.529998779296875,1956.300048828125,0.8424599766731262,60478800.0,4057190000.0,0.18822151099334739,-0.4913636,-0.5240909091,105.4284,105.6086,93.1701,3.8,-0.03272730909999999
2020-09-16,13255.3701171875,3385.489990234375,42.220001220703125,1960.199951171875,0.8442800045013428,62417900.0,4718900000.0,0.18768374894771986,-0.4913636,-0.5240909091,105.4284,105.6086,93.1701,3.8,-0.03272730909999999
2020-09-17,13208.1201171875,3357.010009765625,43.29999923706055,1940.0,0.8472099900245667,55914900.0,4379840000.0,0.1871223770732348,-0.4913636,-0.5240909091,105.4284,105.6086,93.1701,3.8,-0.03272730909999999
2020-09-18,13116.25,3319.469970703125,43.150001525878906,1952.0999755859375,0.8440099954605103,185861100.0,7076400000.0,0.18408812847456255,-0.4913636,-0.5240909091,105.4284,105.6086,93.1701,3.8,-0.03272730909999999
2020-09-21,12542.4404296875,3281.06005859375,41.439998626708984,1901.199951171875,0.8442000150680542,119641700.0,4836070000.0,0.2405563291028575,-0.4913636,-0.5240909091,105.4284,105.6086,93.1701,3.8,-0.03272730909999999
2020-09-22,12594.3896484375,3315.570068359375,41.720001220703125,1898.5999755859375,0.8497620224952698,69459600.0,3974510000.0,0.22462857556288682,-0.4913636,-0.5240909091,105.4284,105.6086,93.1701,3.8,-0.03272730909999999
2020-09-23,12642.9697265625,3236.919921875,41.77000045776367,1859.9000244140625,0.8540899753570557,60244800.0,4378650000.0,0.22540956306839666,-0.4913636,-0.5240909091,105.4284,105.6086,93.1701,3.8,-0.03272730909999999
2020-09-24,12606.5703125,3246.590087890625,41.939998626708984,1868.300048828125,0.8577399849891663,61272100.0,4601920000.0,0.22165514466809452,-0.4913636,-0.5240909091,105.4284,105.6086,93.1701,3.8,-0.03272730909999999
2020-09-25,12469.2001953125,3298.4599609375,41.91999816894531,1857.699951171875,0.856660008430481,66129900.0,3803330000.0,0.22312554714854238,-0.4913636,-0.5240909091,105.4284,105.6086,93.1701,3.8,-0.03272730909999999
2020-09-28,12870.8701171875,3351.60009765625,42.43000030517578,1872.800048828125,0.8594499826431274,72431000.0,3950910000.0,0.25265273708164704,-0.4913636,-0.5240909091,105.4284,105.6086,93.1701,3.8,-0.03272730909999999
2020-09-29,12825.8203125,3335.469970703125,41.029998779296875,1894.300048828125,0.856249988079071,49842200.0,3661590000.0,0.25188924751298036,-0.4913636,-0.5240909091,105.4284,105.6086,93.1701,3.8,-0.03272730909999999
2020-09-30,12760.73046875,3363.0,40.95000076293945,1887.5,0.851639986038208,70303900.0,4738640000.0,0.2522278187542134,-0.4913636,-0.5240909091,105.4284,105.6086,93.1701,3.8,-0.03272730909999999
2020-10-01,12730.76953125,3380.800048828125,40.93000030517578,1908.4000244140625,0.8528000116348267,87114100.0,4076340000.0,0.23990669994094618,-0.5091364,-0.6072727273,105.4284,105.8061,96.74613,3.8,-0.09813632729999999
2020-10-02,12689.0400390625,3348.419921875,39.27000045776367,1900.199951171875,0.8514299988746643,67297700.0,3975180000.0,0.2358471168631011,-0.5091364,-0.6072727273,105.4284,105.8061,96.74613,3.8,-0.09813632729999999
2020-10-05,12828.3095703125,3408.60009765625,41.290000915527344,1912.5,0.8532099723815918,56734400.0,3692720000.0,0.23268003937936335,-0.5091364,-0.6072727273,105.4284,105.8061,96.74613,3.8,-0.09813632729999999
2020-10-06,12906.01953125,3360.969970703125,42.650001525878906,1901.0999755859375,0.8479999899864197,60566500.0,4453390000.0,0.22233335334533225,-0.5091364,-0.6072727273,105.4284,105.8061,96.74613,3.8,-0.09813632729999999
2020-10-07,12928.5703125,3419.43994140625,41.9900016784668,1883.5999755859375,0.8519600033760071,65533900.0,3814750000.0,0.21975503913990477,-0.5091364,-0.6072727273,105.4284,105.8061,96.74613,3.8,-0.09813632729999999
2020-10-08,13042.2099609375,3446.830078125,43.34000015258789,1888.5999755859375,0.8497999906539917,64013400.0,3867640000.0,0.20915864843098173,-0.5091364,-0.6072727273,105.4284,105.8061,96.74613,3.8,-0.09813632729999999
2020-10-09,13051.23046875,3477.139892578125,42.849998474121094,1919.5,0.8498340249061584,58947700.0,3944090000.0,0.2091299402251697,-0.5091364,-0.6072727273,105.4284,105.8061,96.74613,3.8,-0.09813632729999999
2020-10-12,13138.41015625,3534.219970703125,41.720001220703125,1922.5,0.8462499976158142,48906400.0,3435760000.0,0.21059947685776426,-0.5091364,-0.6072727273,105.4284,105.8061,96.74613,3.8,-0.09813632729999999
2020-10-13,13018.990234375,3511.929931640625,42.45000076293945,1888.5,0.8463000059127808,52838000.0,3611100000.0,0.2128693874489499,-0.5091364,-0.6072727273,105.4284,105.8061,96.74613,3.8,-0.09813632729999999
2020-10-14,13028.0595703125,3488.669921875,43.31999969482422,1901.300048828125,0.8516299724578857,52929600.0,3858510000.0,0.21274749419989142,-0.5091364,-0.6072727273,105.4284,105.8061,96.74613,3.8,-0.09813632729999999
2020-10-15,12703.75,3483.340087890625,43.15999984741211,1903.199951171875,0.8514999747276306,78930900.0,3724550000.0,0.2282200471020211,-0.5091364,-0.6072727273,105.4284,105.8061,96.74613,3.8,-0.09813632729999999
2020-10-16,12908.990234375,3483.81005859375,42.93000030517578,1900.800048828125,0.8541799783706665,76567800.0,4688030000.0,0.2365062449314097,-0.5091364,-0.6072727273,105.4284,105.8061,96.74613,3.8,-0.09813632729999999
2020-10-19,12854.66015625,3426.919921875,42.619998931884766,1906.4000244140625,0.8535699844360352,48577300.0,4091080000.0,0.23582273341436696,-0.5091364,-0.6072727273,105.4284,105.8061,96.74613,3.8,-0.09813632729999999
2020-10-20,12736.9501953125,3443.1201171875,43.15999984741211,1910.4000244140625,0.8496999740600586,61466800.0,3917850000.0,0.18049760032378104,-0.5091364,-0.6072727273,105.4284,105.8061,96.74613,3.8,-0.09813632729999999
2020-10-21,12557.6396484375,3435.56005859375,41.72999954223633,1924.5999755859375,0.8453199863433838,62615800.0,4103960000.0,0.18715225252110407,-0.5091364,-0.6072727273,105.4284,105.8061,96.74613,3.8,-0.09813632729999999
2020-10-22,12543.0595703125,3453.489990234375,42.459999084472656,1901.0999755859375,0.8435999751091003,59735400.0,4172060000.0,0.1866309396621507,-0.5091364,-0.6072727273,105.4284,105.8061,96.74613,3.8,-0.09813632729999999
2020-10-23,12645.75,3465.389892578125,41.77000045776367,1902.0,0.8463799953460693,55669200.0,3651600000.0,0.18863935464432427,-0.5091364,-0.6072727273,105.4284,105.8061,96.74613,3.8,-0.09813632729999999
2020-10-26,12177.1796875,3400.969970703125,40.459999084472656,1902.699951171875,0.8439900279045105,81595500.0,4002210000.0,0.22609541589923607,-0.5091364,-0.6072727273,105.4284,105.8061,96.74613,3.8,-0.09813632729999999
2020-10-27,12063.5703125,3390.679931640625,41.20000076293945,1908.800048828125,0.846780002117157,87405600.0,3962400000.0,0.19242285502565057,-0.5091364,-0.6072727273,105.4284,105.8061,96.74613,3.8,-0.09813632729999999
2020-10-28,11560.509765625,3271.030029296875,39.119998931884766,1876.199951171875,0.8485999703407288,137190500.0,5139970000.0,0.23454380500997846,-0.5091364,-0.6072727273,105.4284,105.8061,96.74613,3.8,-0.09813632729999999
2020-10-29,11598.0703125,3310.110107421875,37.650001525878906,1865.5999755859375,0.8511599898338318,104958400.0,4911860000.0,0.23620010059823046,-0.5091364,-0.6072727273,105.4284,105.8061,96.74613,3.8,-0.09813632729999999
2020-10-30,11556.48046875,3269.9599609375,37.459999084472656,1877.4000244140625,0.8562600016593933,85600400.0,4843930000.0,0.23610139280274525,-0.5091364,-0.6072727273,105.4284,105.8061,96.74613,3.8,-0.09813632729999999
2020-11-02,11788.2802734375,3310.239990234375,38.970001220703125,1890.4000244140625,0.8589500188827515,78370800.0,4314690000.0,0.250981750522394,-0.5208571,-0.6147619048,105.4284,105.5837,97.90593,3.8,-0.09390480480000007
2020-11-03,12088.98046875,3369.159912109375,39.709999084472656,1908.5,0.8589000105857849,86771500.0,4241380000.0,0.2660516564091407,-0.5208571,-0.6147619048,105.4284,105.5837,97.90593,3.8,-0.09390480480000007
2020-11-04,12324.2197265625,3443.43994140625,41.22999954223633,1894.5999755859375,0.8501799702644348,105442100.0,4790400000.0,0.2754849469347033,-0.5208571,-0.6147619048,105.4284,105.5837,97.90593,3.8,-0.09390480480000007
2020-11-05,12568.08984375,3510.449951171875,40.93000030517578,1945.300048828125,0.8523200154304504,87078000.0,4858150000.0,0.28552322382155665,-0.5208571,-0.6147619048,105.4284,105.5837,97.90593,3.8,-0.09390480480000007
2020-11-06,12480.01953125,3509.43994140625,39.45000076293945,1950.300048828125,0.8461999893188477,80481100.0,4842460000.0,0.283804866403652,-0.5208571,-0.6147619048,105.4284,105.5837,97.90593,3.8,-0.09390480480000007
2020-11-09,13095.9697265625,3550.5,42.400001525878906,1853.199951171875,0.8408300280570984,189268100.0,8570510000.0,0.33495191597954876,-0.5208571,-0.6147619048,105.4284,105.5837,97.90593,3.8,-0.09390480480000007
2020-11-10,13163.1103515625,3545.530029296875,43.61000061035156,1875.4000244140625,0.8454999923706055,142547600.0,6037470000.0,0.3346266287034958,-0.5208571,-0.6147619048,105.4284,105.5837,97.90593,3.8,-0.09390480480000007
2020-11-11,13216.1796875,3572.659912109375,43.79999923706055,1860.699951171875,0.8461099863052368,95527800.0,4635560000.0,0.3330706027132294,-0.5208571,-0.6147619048,105.4284,105.5837,97.90593,3.8,-0.09390480480000007
2020-11-12,13052.9501953125,3537.010009765625,43.529998779296875,1872.5999755859375,0.8488749861717224,82374800.0,4909660000.0,0.33623525961569556,-0.5208571,-0.6147619048,105.4284,105.5837,97.90593,3.8,-0.09390480480000007
2020-11-13,13076.7197265625,3585.14990234375,42.779998779296875,1885.699951171875,0.8472139835357666,79173300.0,4719580000.0,0.3235042264831167,-0.5208571,-0.6147619048,105.4284,105.5837,97.90593,3.8,-0.09390480480000007
2020-11-16,13138.6103515625,3626.909912109375,43.81999969482422,1887.300048828125,0.844219982624054,85190200.0,5295510000.0,0.3194119490180352,-0.5208571,-0.6147619048,105.4284,105.5837,97.90593,3.8,-0.09390480480000007
2020-11-17,13133.4697265625,3609.530029296875,43.75,1884.5,0.843209981918335,68587800.0,4812180000.0,0.3188960034658213,-0.5208571,-0.6147619048,105.4284,105.5837,97.90593,3.8,-0.09390480480000007
2020-11-18,13201.8896484375,3567.7900390625,44.34000015258789,1873.5,0.8429099917411804,67639800.0,5284810000.0,0.3168858329303089,-0.5208571,-0.6147619048,105.4284,105.5837,97.90593,3.8,-0.09390480480000007
2020-11-19,13086.16015625,3581.8701171875,44.20000076293945,1861.0999755859375,0.8440499901771545,68038800.0,4363370000.0,0.31403285700426553,-0.5208571,-0.6147619048,105.4284,105.5837,97.90593,3.8,-0.09390480480000007
2020-11-20,13137.25,3557.5400390625,44.959999084472656,1872.5999755859375,0.842710018157959,70127200.0,4236370000.0,0.3138497992382793,-0.5208571,-0.6147619048,105.4284,105.5837,97.90593,3.8,-0.09390480480000007
2020-11-23,13126.9697265625,3577.590087890625,46.060001373291016,1837.800048828125,0.842710018157959,68582800.0,5057550000.0,0.3133008165145245,-0.5208571,-0.6147619048,105.4284,105.5837,97.90593,3.8,-0.09390480480000007
2020-11-24,13292.4404296875,3635.409912109375,47.86000061035156,1804.800048828125,0.8443999886512756,82733000.0,6280290000.0,0.2809285859627203,-0.5208571,-0.6147619048,105.4284,105.5837,97.90593,3.8,-0.09390480480000007
2020-11-25,13289.7998046875,3629.64990234375,48.61000061035156,1805.699951171875,0.8403000235557556,76832800.0,4910440000.0,0.2770888120571785,-0.5208571,-0.6147619048,105.4284,105.5837,97.90593,3.8,-0.09390480480000007
2020-11-26,13286.5703125,3629.64990234375,48.61000061035156,1805.699951171875,0.8389260172843933,42951900.0,4910440000.0,0.22103997420392207,-0.5208571,-0.6147619048,105.4284,105.5837,97.90593,3.8,-0.09390480480000007
2020-11-27,13335.6796875,3638.35009765625,48.18000030517578,1781.9000244140625,0.8392080068588257,63823200.0,2778390000.0,0.22095642921356554,-0.5208571,-0.6147619048,105.4284,105.5837,97.90593,3.8,-0.09390480480000007
2020-11-30,13291.16015625,3621.6298828125,47.59000015258789,1775.699951171875,0.835319995880127,107366400.0,6308410000.0,0.22081199075231245,-0.5208571,-0.6147619048,105.4284,105.5837,97.90593,3.8,-0.09390480480000007
2020-12-01,13382.2998046875,3662.449951171875,47.41999816894531,1814.0999755859375,0.8376500010490417,66675500.0,5418480000.0,0.2154749109300902,-0.5380909,-0.6185,105.4284,105.6611,97.80928,3.8,-0.08040910000000001
2020-12-02,13313.240234375,3669.010009765625,48.25,1825.699951171875,0.8281999826431274,63822100.0,5041250000.0,0.20676134802389448,-0.5380909,-0.6185,105.4284,105.6611,97.80928,3.8,-0.08040910000000001
2020-12-03,13252.8603515625,3666.719970703125,48.709999084472656,1836.800048828125,0.8254500031471252,64310300.0,5065340000.0,0.20180367583186673,-0.5380909,-0.6185,105.4284,105.6611,97.80928,3.8,-0.08040910000000001
2020-12-04,13298.9599609375,3699.1201171875,49.25,1835.9000244140625,0.8233399987220764,64074800.0,5099620000.0,0.19297440788661624,-0.5380909,-0.6185,105.4284,105.6611,97.80928,3.8,-0.08040910000000001
2020-12-07,13271.0,3691.9599609375,48.790000915527344,1861.800048828125,0.8249899744987488,54320100.0,4804500000.0,0.1905781051457309,-0.5380909,-0.6185,105.4284,105.6611,97.80928,3.8,-0.08040910000000001
2020-12-08,13278.490234375,3702.25,48.84000015258789,1870.800048828125,0.8255500197410583,54198400.0,4584390000.0,0.08881938987971474,-0.5380909,-0.6185,105.4284,105.6611,97.80928,3.8,-0.08040910000000001
2020-12-09,13340.259765625,3672.820068359375,48.86000061035156,1834.5999755859375,0.8256999850273132,77308800.0,5232800000.0,0.08853415922473577,-0.5380909,-0.6185,105.4284,105.6611,97.80928,3.8,-0.08040910000000001
2020-12-10,13295.73046875,3668.10009765625,50.25,1833.5999755859375,0.8278999924659729,68806500.0,4658480000.0,0.08866965490168997,-0.5380909,-0.6185,105.4284,105.6611,97.80928,3.8,-0.08040910000000001
2020-12-11,13114.2998046875,3663.4599609375,49.970001220703125,1839.800048828125,0.8234320282936096,82142300.0,4375470000.0,0.09107862599216261,-0.5380909,-0.6185,105.4284,105.6611,97.80928,3.8,-0.08040910000000001
2020-12-14,13223.16015625,3647.489990234375,50.290000915527344,1828.699951171875,0.8241710066795349,63016100.0,4623850000.0,0.09517096567846967,-0.5380909,-0.6185,105.4284,105.6611,97.80928,3.8,-0.08040910000000001
2020-12-15,13362.8701171875,3694.6201171875,50.7599983215332,1852.300048828125,0.8231199979782104,67265000.0,4387080000.0,0.10040380123334892,-0.5380909,-0.6185,105.4284,105.6611,97.80928,3.8,-0.08040910000000001
2020-12-16,13565.98046875,3701.169921875,51.08000183105469,1856.0999755859375,0.8227540254592896,77798600.0,4067040000.0,0.11189210966692366,-0.5380909,-0.6185,105.4284,105.6611,97.80928,3.8,-0.08040910000000001
2020-12-17,13667.25,3722.47998046875,51.5,1887.199951171875,0.8197000026702881,77206700.0,4192810000.0,0.11308347005024111,-0.5380909,-0.6185,105.4284,105.6611,97.80928,3.8,-0.08040910000000001
2020-12-18,13630.509765625,3709.409912109375,52.2599983215332,1885.699951171875,0.8154799938201904,156772100.0,7097100000.0,0.10785147552750518,-0.5380909,-0.6185,105.4284,105.6611,97.80928,3.8,-0.08040910000000001
2020-12-21,13246.2998046875,3694.919921875,50.90999984741211,1879.199951171875,0.818589985370636,98290900.0,4748580000.0,0.14973932956723318,-0.5380909,-0.6185,105.4284,105.6611,97.80928,3.8,-0.08040910000000001
2020-12-22,13418.1103515625,3687.260009765625,50.08000183105469,1866.5999755859375,0.8172000050544739,54622400.0,4053310000.0,0.15578560533450908,-0.5380909,-0.6185,105.4284,105.6611,97.80928,3.8,-0.08040910000000001
2020-12-23,13587.23046875,3690.010009765625,51.20000076293945,1874.699951171875,0.8205699920654297,48731200.0,3779160000.0,0.15578418056557414,-0.5380909,-0.6185,105.4284,105.6611,97.80928,3.8,-0.08040910000000001
2020-12-24,13587.23046875,3703.06005859375,51.290000915527344,1879.9000244140625,0.8202499747276306,48731200.0,1883780000.0,0.15578418056557414,-0.5380909,-0.6185,105.4284,105.6611,97.80928,3.8,-0.08040910000000001
2020-12-25,13587.23046875,3703.06005859375,51.290000915527344,1879.9000244140625,0.8206999897956848,48731200.0,1883780000.0,0.15578418056557414,-0.5380909,-0.6185,105.4284,105.6611,97.80928,3.8,-0.08040910000000001
2020-12-28,13790.2900390625,3735.360107421875,50.86000061035156,1877.199951171875,0.8193299770355225,49250200.0,3535460000.0,0.15578418056557414,-0.5380909,-0.6185,105.4284,105.6611,97.80928,3.8,-0.08040910000000001
2020-12-29,13761.3798828125,3727.0400390625,51.09000015258789,1879.699951171875,0.8180999755859375,43160200.0,3393290000.0,0.15578418056557414,-0.5380909,-0.6185,105.4284,105.6611,97.80928,3.8,-0.08040910000000001
2020-12-30,13718.7802734375,3732.0400390625,51.34000015258789,1891.0,0.8161299824714661,28318700.0,3154850000.0,0.15578418056557414,-0.5380909,-0.6185,105.4284,105.6611,97.80928,3.8,-0.08040910000000001
2020-12-31,13718.7802734375,3756.070068359375,51.79999923706055,1893.0999755859375,0.8130149841308594,28318700.0,3179040000.0,0.15578418056557414,-0.5380909,-0.6185,105.4284,105.6611,97.80928,3.8,-0.08040910000000001
2021-01-01,13718.7802734375,3756.070068359375,51.79999923706055,1893.0999755859375,0.8209999799728394,28318700.0,3179040000.0,0.15578418056557414,-0.54715,-0.5835,108.6615,106.2766,98.38918,3.9,-0.03634999999999999
2021-01-04,13726.740234375,3700.64990234375,51.09000015258789,1944.699951171875,0.8162800073623657,70206700.0,5015000000.0,0.15578418056557414,-0.54715,-0.5835,108.6615,106.2766,98.38918,3.9,-0.03634999999999999
2021-01-05,13651.2197265625,3726.860107421875,53.599998474121094,1952.699951171875,0.8162199854850769,68899100.0,4591020000.0,0.15578418056557414,-0.54715,-0.5835,108.6615,106.2766,98.38918,3.9,-0.03634999999999999
2021-01-06,13891.9697265625,3748.139892578125,54.29999923706055,1906.9000244140625,0.8129900097846985,92498800.0,6064110000.0,0.15578418056557414,-0.54715,-0.5835,108.6615,106.2766,98.38918,3.9,-0.03634999999999999
2021-01-07,13968.240234375,3803.7900390625,54.380001068115234,1912.300048828125,0.8102999925613403,86104200.0,5099160000.0,0.15578418056557414,-0.54715,-0.5835,108.6615,106.2766,98.38918,3.9,-0.03634999999999999
2021-01-08,14049.5302734375,3824.679931640625,55.9900016784668,1834.0999755859375,0.8148999810218811,79821100.0,4773040000.0,0.15578418056557414,-0.54715,-0.5835,108.6615,106.2766,98.38918,3.9,-0.03634999999999999
2021-01-11,13936.66015625,3799.610107421875,55.65999984741211,1849.5999755859375,0.8205999732017517,67154800.0,4465430000.0,0.15578418056557414,-0.54715,-0.5835,108.6615,106.2766,98.38918,3.9,-0.03634999999999999
2021-01-12,13925.0595703125,3801.18994140625,56.58000183105469,1842.9000244140625,0.8223209977149963,75789600.0,4994950000.0,0.15578418056557414,-0.54715,-0.5835,108.6615,106.2766,98.38918,3.9,-0.03634999999999999
2021-01-13,13939.7099609375,3809.840087890625,56.060001373291016,1853.5999755859375,0.8190749883651733,70600100.0,4602510000.0,0.15578418056557414,-0.54715,-0.5835,108.6615,106.2766,98.38918,3.9,-0.03634999999999999
2021-01-14,13988.7001953125,3795.5400390625,56.41999816894531,1850.300048828125,0.8222000002861023,75537900.0,5198480000.0,0.15578418056557414,-0.54715,-0.5835,108.6615,106.2766,98.38918,3.9,-0.03634999999999999
2021-01-15,13787.73046875,3768.25,55.099998474121094,1829.300048828125,0.8229600191116333,96853800.0,5369820000.0,0.15578418056557414,-0.54715,-0.5835,108.6615,106.2766,98.38918,3.9,-0.03634999999999999
2021-01-18,13848.349609375,3768.25,55.099998474121094,1829.300048828125,0.8286299705505371,49830600.0,5369820000.0,0.15578418056557414,-0.54715,-0.5835,108.6615,106.2766,98.38918,3.9,-0.03634999999999999
2021-01-19,13815.0595703125,3798.909912109375,55.900001525878906,1839.5,0.828000009059906,64904200.0,5014440000.0,0.15578418056557414,-0.54715,-0.5835,108.6615,106.2766,98.38918,3.9,-0.03634999999999999
2021-01-20,13921.3701171875,3851.85009765625,56.08000183105469,1865.9000244140625,0.8238000273704529,65212300.0,4566190000.0,0.15578418056557414,-0.54715,-0.5835,108.6615,106.2766,98.38918,3.9,-0.03634999999999999
2021-01-21,13906.669921875,3853.070068359375,56.099998474121094,1865.300048828125,0.8253800272941589,63248900.0,4501760000.0,0.15578418056557414,-0.54715,-0.5835,108.6615,106.2766,98.38918,3.9,-0.03634999999999999
2021-01-22,13873.9697265625,3841.469970703125,55.40999984741211,1855.699951171875,0.8219429850578308,74565500.0,5110890000.0,0.15578418056557414,-0.54715,-0.5835,108.6615,106.2766,98.38918,3.9,-0.03634999999999999
2021-01-25,13643.9501953125,3855.360107421875,55.880001068115234,1854.9000244140625,0.8217300176620483,77572000.0,7000840000.0,0.15578418056557414,-0.54715,-0.5835,108.6615,106.2766,98.38918,3.9,-0.03634999999999999
2021-01-26,13870.990234375,3849.6201171875,55.90999984741211,1850.699951171875,0.8233000040054321,79514500.0,6137500000.0,0.15578418056557414,-0.54715,-0.5835,108.6615,106.2766,98.38918,3.9,-0.03634999999999999
2021-01-27,13620.4599609375,3750.77001953125,55.810001373291016,1844.9000244140625,0.8221660256385803,105224500.0,9976520000.0,0.15578418056557414,-0.54715,-0.5835,108.6615,106.2766,98.38918,3.9,-0.03634999999999999
2021-01-28,13665.9296875,3787.3798828125,55.529998779296875,1837.9000244140625,0.8260999917984009,90778400.0,6992770000.0,0.15578418056557414,-0.54715,-0.5835,108.6615,106.2766,98.38918,3.9,-0.03634999999999999
2021-01-29,13432.8701171875,3714.239990234375,55.880001068115234,1847.300048828125,0.8250799775123596,103416500.0,6643370000.0,0.15578418056557414,-0.54715,-0.5835,108.6615,106.2766,98.38918,3.9,-0.03634999999999999
2021-02-01,13622.01953125,3773.860107421875,56.349998474121094,1860.800048828125,0.8248199820518494,65321300.0,5436230000.0,0.15578418056557414,-0.5411,-0.4455,108.6615,106.7695,96.64948,3.9,0.09560000000000002
2021-02-02,13835.16015625,3826.31005859375,57.459999084472656,1830.5,0.8285899758338928,78714700.0,5514090000.0,0.17391518369651243,-0.5411,-0.4455,108.6615,106.7695,96.64948,3.9,0.09560000000000002
2021-02-03,13933.6298828125,3830.169921875,58.459999084472656,1832.199951171875,0.8306300044059753,82152900.0,4864870000.0,0.1739841520387134,-0.5411,-0.4455,108.6615,106.7695,96.64948,3.9,0.09560000000000002
2021-02-04,14060.2900390625,3871.739990234375,58.84000015258789,1788.9000244140625,0.8303999900817871,83865200.0,4879240000.0,0.16604635572522067,-0.5411,-0.4455,108.6615,106.7695,96.64948,3.9,0.09560000000000002
2021-02-05,14056.7197265625,3886.830078125,59.34000015258789,1810.9000244140625,0.8356500267982483,76254800.0,4879470000.0,0.16511573680895927,-0.5411,-0.4455,108.6615,106.7695,96.64948,3.9,0.09560000000000002
2021-02-08,14059.91015625,3915.590087890625,60.560001373291016,1831.9000244140625,0.8299599885940552,61532900.0,4648360000.0,0.16391464374927645,-0.5411,-0.4455,108.6615,106.7695,96.64948,3.9,0.09560000000000002
2021-02-09,14011.7998046875,3911.22998046875,61.09000015258789,1835.300048828125,0.8296279907226562,58414500.0,4568320000.0,0.16180100498608052,-0.5411,-0.4455,108.6615,106.7695,96.64948,3.9,0.09560000000000002
2021-02-10,13932.9697265625,3909.8798828125,61.470001220703125,1840.5999755859375,0.8250830173492432,67411900.0,4837070000.0,0.1630729339278927,-0.5411,-0.4455,108.6615,106.7695,96.64948,3.9,0.09560000000000002
2021-02-11,14040.91015625,3916.3798828125,61.13999938964844,1824.9000244140625,0.824999988079071,53851500.0,4590960000.0,0.16521231613522364,-0.5411,-0.4455,108.6615,106.7695,96.64948,3.9,0.09560000000000002
2021-02-12,14049.8896484375,3934.830078125,62.43000030517578,1821.5999755859375,0.8242999911308289,57699700.0,4135060000.0,0.1648283400538554,-0.5411,-0.4455,108.6615,106.7695,96.64948,3.9,0.09560000000000002
2021-02-15,14109.48046875,3934.830078125,62.43000030517578,1821.5999755859375,0.824940025806427,49898700.0,4135060000.0,0.15641316827485446,-0.5411,-0.4455,108.6615,106.7695,96.64948,3.9,0.09560000000000002
2021-02-16,14064.599609375,3932.590087890625,63.349998474121094,1797.199951171875,0.8242530226707458,58655000.0,5058990000.0,0.15663101249073053,-0.5411,-0.4455,108.6615,106.7695,96.64948,3.9,0.09560000000000002
2021-02-17,13909.26953125,3931.330078125,64.33999633789062,1771.0999755859375,0.826960027217865,81266800.0,4730650000.0,0.16162712841089458,-0.5411,-0.4455,108.6615,106.7695,96.64948,3.9,0.09560000000000002
2021-02-18,13886.9296875,3913.969970703125,63.93000030517578,1773.4000244140625,0.8300129771232605,67920700.0,4793650000.0,0.15951565912377416,-0.5411,-0.4455,108.6615,106.7695,96.64948,3.9,0.09560000000000002
2021-02-19,13993.23046875,3906.7099609375,62.90999984741211,1775.800048828125,0.8270000219345093,72974000.0,4845320000.0,0.1616764930436361,-0.5411,-0.4455,108.6615,106.7695,96.64948,3.9,0.09560000000000002
2021-02-22,13950.0400390625,3876.5,65.23999786376953,1806.699951171875,0.82464998960495,66035300.0,5917100000.0,0.16185093165899173,-0.5411,-0.4455,108.6615,106.7695,96.64948,3.9,0.09560000000000002
2021-02-23,13864.8095703125,3881.3701171875,65.37000274658203,1804.4000244140625,0.8219090104103088,88194700.0,6296610000.0,0.1518391982514626,-0.5411,-0.4455,108.6615,106.7695,96.64948,3.9,0.09560000000000002
2021-02-24,13976.0,3925.429931640625,67.04000091552734,1796.4000244140625,0.8228999972343445,68922400.0,6012790000.0,0.14320477241030918,-0.5411,-0.4455,108.6615,106.7695,96.64948,3.9,0.09560000000000002
2021-02-25,13879.330078125,3829.340087890625,66.87999725341797,1774.4000244140625,0.8216000199317932,95431900.0,6547470000.0,0.1296680266078966,-0.5411,-0.4455,108.6615,106.7695,96.64948,3.9,0.09560000000000002
2021-02-26,13786.2900390625,3811.14990234375,66.12999725341797,1728.0999755859375,0.8223400115966797,104069400.0,6526070000.0,0.13196247800903996,-0.5411,-0.4455,108.6615,106.7695,96.64948,3.9,0.09560000000000002
2021-03-01,14012.8203125,3901.820068359375,63.689998626708984,1722.5,0.8271600008010864,69566200.0,5114820000.0,0.1268798455265746,-0.539087,-0.3647826087,108.6615,107.167,98.19588,3.9,0.17430439129999997
2021-03-02,14039.7998046875,3870.2900390625,62.70000076293945,1733.0999755859375,0.829800009727478,63307700.0,5536010000.0,0.11909961650719592,-0.539087,-0.3647826087,108.6615,107.167,98.19588,3.9,0.17430439129999997
2021-03-03,14080.0302734375,3819.719970703125,64.06999969482422,1715.300048828125,0.8274400234222412,84766900.0,6173660000.0,0.10759958843841251,-0.539087,-0.3647826087,108.6615,107.167,98.19588,3.9,0.17430439129999997
2021-03-04,14056.33984375,3768.469970703125,66.73999786376953,1700.199951171875,0.8298299908638,84620900.0,7195400000.0,0.10544566110326914,-0.539087,-0.3647826087,108.6615,107.167,98.19588,3.9,0.17430439129999997
2021-03-05,13920.6904296875,3841.93994140625,69.36000061035156,1698.0,0.8355799913406372,89791900.0,6851070000.0,0.10605401850931871,-0.539087,-0.3647826087,108.6615,107.167,98.19588,3.9,0.17430439129999997
2021-03-08,14380.91015625,3821.35009765625,68.23999786376953,1677.699951171875,0.8385300040245056,109071900.0,5871710000.0,0.15726790361794385,-0.539087,-0.3647826087,108.6615,107.167,98.19588,3.9,0.17430439129999997
2021-03-09,14437.9404296875,3875.43994140625,67.5199966430664,1716.5999755859375,0.8437600135803223,107881800.0,5513560000.0,0.15752971320606382,-0.539087,-0.3647826087,108.6615,107.167,98.19588,3.9,0.17430439129999997
2021-03-10,14540.25,3898.81005859375,67.9000015258789,1721.5,0.8404840230941772,95715700.0,5847380000.0,0.15775765906466627,-0.539087,-0.3647826087,108.6615,107.167,98.19588,3.9,0.17430439129999997
2021-03-11,14569.3896484375,3939.340087890625,69.62999725341797,1722.300048828125,0.8385000228881836,74066400.0,5312880000.0,0.15542244699477337,-0.539087,-0.3647826087,108.6615,107.167,98.19588,3.9,0.17430439129999997
2021-03-12,14502.3896484375,3943.340087890625,69.22000122070312,1719.5,0.8342999815940857,69100900.0,4476280000.0,0.1557285378424832,-0.539087,-0.3647826087,108.6615,107.167,98.19588,3.9,0.17430439129999997
2021-03-15,14461.419921875,3968.93994140625,68.87999725341797,1728.9000244140625,0.8368200063705444,62766600.0,4900100000.0,0.15645473473036992,-0.539087,-0.3647826087,108.6615,107.167,98.19588,3.9,0.17430439129999997
2021-03-16,14557.580078125,3962.7099609375,68.38999938964844,1730.5999755859375,0.8385199904441833,714300.0,4613080000.0,0.15722210974031772,-0.539087,-0.3647826087,108.6615,107.167,98.19588,3.9,0.17430439129999997
2021-03-17,14596.6103515625,3974.1201171875,68.0,1726.800048828125,0.8402199745178223,759600.0,4561660000.0,0.15631488439583452,-0.539087,-0.3647826087,108.6615,107.167,98.19588,3.9,0.17430439129999997
2021-03-18,14775.51953125,3915.4599609375,63.279998779296875,1732.199951171875,0.8345299959182739,104691200.0,5118590000.0,0.152966635514045,-0.539087,-0.3647826087,108.6615,107.167,98.19588,3.9,0.17430439129999997
2021-03-19,14621.0,3913.10009765625,64.52999877929688,1741.4000244140625,0.8390499949455261,207441200.0,7757420000.0,0.15921588937358028,-0.539087,-0.3647826087,108.6615,107.167,98.19588,3.9,0.17430439129999997
2021-03-22,14657.2099609375,3940.590087890625,64.62000274658203,1737.800048828125,0.8415300250053406,66130200.0,4316260000.0,0.158111509544187,-0.539087,-0.3647826087,108.6615,107.167,98.19588,3.9,0.17430439129999997
2021-03-23,14662.01953125,3910.52001953125,60.790000915527344,1724.699951171875,0.8380100131034851,73296400.0,4669010000.0,0.1570967405114887,-0.539087,-0.3647826087,108.6615,107.167,98.19588,3.9,0.17430439129999997
2021-03-24,14610.3896484375,3889.139892578125,64.41000366210938,1732.9000244140625,0.8445799946784973,65084000.0,4783020000.0,0.1555746204539122,-0.539087,-0.3647826087,108.6615,107.167,98.19588,3.9,0.17430439129999997
2021-03-25,14621.3603515625,3909.52001953125,61.95000076293945,1724.9000244140625,0.8465200066566467,80104500.0,4948340000.0,0.15438340171553755,-0.539087,-0.3647826087,108.6615,107.167,98.19588,3.9,0.17430439129999997
2021-03-26,14748.9404296875,3974.5400390625,64.56999969482422,1732.199951171875,0.8491399884223938,67169800.0,5483160000.0,0.15224356423808574,-0.539087,-0.3647826087,108.6615,107.167,98.19588,3.9,0.17430439129999997
2021-03-29,14817.7197265625,3971.090087890625,64.9800033569336,1712.0999755859375,0.8483200073242188,71106000.0,4628180000.0,0.14820883991443137,-0.539087,-0.3647826087,108.6615,107.167,98.19588,3.9,0.17430439129999997
2021-03-30,15008.6103515625,3958.550048828125,64.13999938964844,1683.9000244140625,0.8495450019836426,71173400.0,4121510000.0,0.1447719728262945,-0.539087,-0.3647826087,108.6615,107.167,98.19588,3.9,0.17430439129999997
2021-03-31,15008.33984375,3972.889892578125,63.540000915527344,1713.800048828125,0.8529800176620483,76061700.0,4578050000.0,0.14516277420227866,-0.539087,-0.3647826087,108.6615,107.167,98.19588,3.9,0.17430439129999997
2021-04-01,15107.169921875,4019.8701171875,64.86000061035156,1726.5,0.8525999784469604,67886600.0,4162130000.0,0.1456190942848111,-0.53815,-0.325,108.6615,107.3509,98.19588,3.8,0.21315
2021-04-02,15107.169921875,4019.8701171875,64.86000061035156,1726.5,0.8489000201225281,67886600.0,4162130000.0,0.1456190942848111,-0.53815,-0.325,108.6615,107.3509,98.19588,3.8,0.21315
2021-04-05,15107.169921875,4077.909912109375,62.150001525878906,1727.0,0.8497499823570251,67886600.0,4005030000.0,0.1456190942848111,-0.53815,-0.325,108.6615,107.3509,98.19588,3.8,0.21315
2021-04-06,15212.6796875,4073.93994140625,62.7400016784668,1741.5,0.8460999727249146,79478900.0,4081270000.0,0.1456190942848111,-0.53815,-0.325,108.6615,107.3509,98.19588,3.8,0.21315
2021-04-07,15176.3603515625,4079.949951171875,63.15999984741211,1740.0999755859375,0.8421599864959717,59116700.0,4120810000.0,0.1456190942848111,-0.53815,-0.325,108.6615,107.3509,98.19588,3.8,0.21315
2021-04-08,15202.6796875,4097.169921875,63.20000076293945,1756.800048828125,0.842199981212616,68862100.0,3907100000.0,0.1456190942848111,-0.53815,-0.325,108.6615,107.3509,98.19588,3.8,0.21315
2021-04-09,15234.16015625,4128.7998046875,62.95000076293945,1743.300048828125,0.8392300009727478,56870100.0,3640390000.0,0.1456190942848111,-0.53815,-0.325,108.6615,107.3509,98.19588,3.8,0.21315
2021-04-12,15215.0,4127.990234375,63.279998779296875,1731.199951171875,0.8403000235557556,53646400.0,3588900000.0,0.1456190942848111,-0.53815,-0.325,108.6615,107.3509,98.19588,3.8,0.21315
2021-04-13,15234.3603515625,4141.58984375,63.66999816894531,1746.199951171875,0.8392999768257141,62443500.0,3734720000.0,0.1456190942848111,-0.53815,-0.325,108.6615,107.3509,98.19588,3.8,0.21315
2021-04-14,15209.150390625,4124.66015625,66.58000183105469,1734.9000244140625,0.8365300297737122,66666600.0,3985350000.0,0.1456190942848111,-0.53815,-0.325,108.6615,107.3509,98.19588,3.8,0.21315
2021-04-15,15255.330078125,4170.419921875,66.94000244140625,1765.4000244140625,0.8342999815940857,61834300.0,4033420000.0,0.1456190942848111,-0.53815,-0.325,108.6615,107.3509,98.19588,3.8,0.21315
2021-04-16,15459.75,4185.47021484375,66.7699966430664,1779.0,0.8353000283241272,82758000.0,4163820000.0,0.1456190942848111,-0.53815,-0.325,108.6615,107.3509,98.19588,3.8,0.21315
2021-04-19,15368.3896484375,4163.259765625,67.05000305175781,1769.4000244140625,0.8354600071907043,61839400.0,3810290000.0,0.1456190942848111,-0.53815,-0.325,108.6615,107.3509,98.19588,3.8,0.21315
2021-04-20,15129.509765625,4134.93994140625,66.56999969482422,1777.300048828125,0.8302000164985657,76224500.0,4342650000.0,0.1456190942848111,-0.53815,-0.325,108.6615,107.3509,98.19588,3.8,0.21315
2021-04-21,15195.9697265625,4173.419921875,65.31999969482422,1792.300048828125,0.831089973449707,67077500.0,3887250000.0,0.1456190942848111,-0.53815,-0.325,108.6615,107.3509,98.19588,3.8,0.21315
2021-04-22,15320.51953125,4134.97998046875,65.4000015258789,1781.199951171875,0.8307200074195862,59628300.0,4245140000.0,0.1456190942848111,-0.53815,-0.325,108.6615,107.3509,98.19588,3.8,0.21315
2021-04-23,15279.6201171875,4180.169921875,66.11000061035156,1777.0,0.8323100209236145,57798000.0,3569880000.0,0.1456190942848111,-0.53815,-0.325,108.6615,107.3509,98.19588,3.8,0.21315
2021-04-26,15296.33984375,4187.6201171875,65.6500015258789,1779.199951171875,0.8271399736404419,49117600.0,3748320000.0,0.1456190942848111,-0.53815,-0.325,108.6615,107.3509,98.19588,3.8,0.21315
2021-04-27,15249.26953125,4186.72021484375,66.41999816894531,1778.0,0.8277000188827515,54513000.0,3710700000.0,0.1456190942848111,-0.53815,-0.325,108.6615,107.3509,98.19588,3.8,0.21315
2021-04-28,15292.1796875,4183.18017578125,67.2699966430664,1773.199951171875,0.8271089792251587,79607600.0,3787360000.0,0.1456190942848111,-0.53815,-0.325,108.6615,107.3509,98.19588,3.8,0.21315
2021-04-29,15154.2001953125,4211.47021484375,68.55999755859375,1768.0999755859375,0.8240000009536743,80110800.0,4298680000.0,0.1456190942848111,-0.53815,-0.325,108.6615,107.3509,98.19588,3.8,0.21315
2021-04-30,15135.91015625,4181.169921875,67.25,1767.300048828125,0.8245999813079834,75194700.0,4300880000.0,0.1456190942848111,-0.53815,-0.325,108.6615,107.3509,98.19588,3.8,0.21315
2021-05-03,15236.4697265625,4192.66015625,67.55999755859375,1791.4000244140625,0.8314099907875061,48822800.0,4070220000.0,0.1456190942848111,-0.5400952,-0.2235,108.6615,107.6513,96.64948,3.7,0.31659519999999997
2021-05-04,14856.48046875,4164.66015625,68.87999725341797,1775.800048828125,0.8291000127792358,89422100.0,4452460000.0,0.1456190942848111,-0.5400952,-0.2235,108.6615,107.6513,96.64948,3.7,0.31659519999999997
2021-05-05,15170.7802734375,4167.58984375,68.95999908447266,1784.0999755859375,0.83228999376297,81587200.0,4230920000.0,0.150297685225192,-0.5400952,-0.2235,108.6615,107.6513,96.64948,3.7,0.31659519999999997
2021-05-06,15196.740234375,4201.6201171875,68.08999633789062,1815.5,0.8327800035476685,77036200.0,4511000000.0,0.15017834090501977,-0.5400952,-0.2235,108.6615,107.6513,96.64948,3.7,0.31659519999999997
2021-05-07,15399.650390625,4232.60009765625,68.27999877929688,1831.0999755859375,0.8285999894142151,74562700.0,4016080000.0,0.1570024720674357,-0.5400952,-0.2235,108.6615,107.6513,96.64948,3.7,0.31659519999999997
2021-05-10,15400.41015625,4188.43017578125,68.31999969482422,1837.5,0.821619987487793,65162200.0,4560700000.0,0.15692973623528053,-0.5400952,-0.2235,108.6615,107.6513,96.64948,3.7,0.31659519999999997
2021-05-11,15119.75,4152.10009765625,68.55000305175781,1835.9000244140625,0.8236600160598755,80129000.0,4870710000.0,0.16988233924548318,-0.5400952,-0.2235,108.6615,107.6513,96.64948,3.7,0.31659519999999997
2021-05-12,15150.2197265625,4063.0400390625,69.31999969482422,1822.5999755859375,0.8234180212020874,79302600.0,4733070000.0,0.1699853526698593,-0.5400952,-0.2235,108.6615,107.6513,96.64948,3.7,0.31659519999999997
2021-05-13,15199.6796875,4112.5,67.05000305175781,1823.800048828125,0.8279169797897339,64374900.0,4779540000.0,0.17031202262129674,-0.5400952,-0.2235,108.6615,107.6513,96.64948,3.7,0.31659519999999997
2021-05-14,15416.6396484375,4173.85009765625,68.70999908447266,1837.9000244140625,0.828000009059906,69232200.0,4008880000.0,0.17712787593285056,-0.5400952,-0.2235,108.6615,107.6513,96.64948,3.7,0.31659519999999997
2021-05-17,15396.6201171875,4163.2900390625,69.45999908447266,1867.5,0.8230199813842773,67787000.0,4125050000.0,0.1709124859425994,-0.5400952,-0.2235,108.6615,107.6513,96.64948,3.7,0.31659519999999997
2021-05-18,15386.580078125,4127.830078125,68.70999908447266,1867.800048828125,0.8225799798965454,65843300.0,4398150000.0,0.1696416802731071,-0.5400952,-0.2235,108.6615,107.6513,96.64948,3.7,0.31659519999999997
2021-05-19,15113.5595703125,4115.68017578125,66.66000366210938,1881.300048828125,0.8180630207061768,75858000.0,4247450000.0,0.17234987419204795,-0.5400952,-0.2235,108.6615,107.6513,96.64948,3.7,0.31659519999999997
2021-05-20,15370.259765625,4159.1201171875,65.11000061035156,1881.800048828125,0.8215000033378601,65602300.0,3978880000.0,0.1816566793996892,-0.5400952,-0.2235,108.6615,107.6513,96.64948,3.7,0.31659519999999997
2021-05-21,15437.509765625,4155.85986328125,66.44000244140625,1876.699951171875,0.8179699778556824,70065600.0,3995250000.0,0.18012072215299604,-0.5400952,-0.2235,108.6615,107.6513,96.64948,3.7,0.31659519999999997
2021-05-24,15437.509765625,4197.0498046875,68.45999908447266,1884.5999755859375,0.8208000063896179,70065600.0,3684800000.0,0.18012072215299604,-0.5400952,-0.2235,108.6615,107.6513,96.64948,3.7,0.31659519999999997
2021-05-25,15465.08984375,4188.1298828125,68.6500015258789,1898.0999755859375,0.8186900019645691,92981200.0,4182250000.0,0.18012072215299604,-0.5400952,-0.2235,108.6615,107.6513,96.64948,3.7,0.31659519999999997
2021-05-26,15450.7197265625,4195.990234375,68.87000274658203,1901.300048828125,0.8163869976997375,58668800.0,4420890000.0,0.18012072215299604,-0.5400952,-0.2235,108.6615,107.6513,96.64948,3.7,0.31659519999999997
2021-05-27,15406.73046875,4200.8798828125,69.45999908447266,1895.699951171875,0.820169985294342,119417800.0,6406310000.0,0.18012072215299604,-0.5400952,-0.2235,108.6615,107.6513,96.64948,3.7,0.31659519999999997
2021-05-28,15519.98046875,4204.10986328125,69.62999725341797,1902.5,0.8201299905776978,56862000.0,4649250000.0,0.18012072215299604,-0.5400952,-0.2235,108.6615,107.6513,96.64948,3.7,0.31659519999999997
2021-05-31,15421.1298828125,4204.10986328125,69.62999725341797,1902.5,0.8203399777412415,36495900.0,4649250000.0,0.18012072215299604,-0.5400952,-0.2235,108.6615,107.6513,96.64948,3.7,0.31659519999999997
2021-06-01,15567.3603515625,4202.0400390625,70.25,1902.9000244140625,0.8174700140953064,56073600.0,5074670000.0,0.18012072215299604,-0.5429091,-0.2886363636,108.6615,108.0286,95.1031,3.6,0.25427273640000003
2021-06-02,15602.7099609375,4208.1201171875,71.3499984741211,1907.5,0.8184800148010254,51678400.0,5833670000.0,0.18012072215299604,-0.5429091,-0.2886363636,108.6615,108.0286,95.1031,3.6,0.25427273640000003
2021-06-03,15632.669921875,4192.85009765625,71.30999755859375,1871.199951171875,0.8190100193023682,45339500.0,5587970000.0,0.18012072215299604,-0.5429091,-0.2886363636,108.6615,108.0286,95.1031,3.6,0.25427273640000003
2021-06-04,15692.900390625,4229.89013671875,71.88999938964844,1889.800048828125,0.8241980075836182,44669100.0,4139790000.0,0.18012072215299604,-0.5429091,-0.2886363636,108.6615,108.0286,95.1031,3.6,0.25427273640000003
2021-06-07,15677.150390625,4226.52001953125,71.48999786376953,1896.800048828125,0.8217999935150146,46954400.0,4476920000.0,0.18012072215299604,-0.5429091,-0.2886363636,108.6615,108.0286,95.1031,3.6,0.25427273640000003
2021-06-08,15640.599609375,4227.259765625,72.22000122070312,1892.199951171875,0.8201000094413757,54921800.0,4659620000.0,0.18012072215299604,-0.5429091,-0.2886363636,108.6615,108.0286,95.1031,3.6,0.25427273640000003
2021-06-09,15581.1396484375,4219.5498046875,72.22000122070312,1893.199951171875,0.8215000033378601,50364800.0,4713260000.0,0.18012072215299604,-0.5429091,-0.2886363636,108.6615,108.0286,95.1031,3.6,0.25427273640000003
2021-06-10,15571.2197265625,4239.18017578125,72.5199966430664,1894.199951171875,0.8208829760551453,56997400.0,4408210000.0,0.18012072215299604,-0.5429091,-0.2886363636,108.6615,108.0286,95.1031,3.6,0.25427273640000003
2021-06-11,15693.26953125,4247.43994140625,72.69000244140625,1877.4000244140625,0.8215199708938599,57088600.0,3815010000.0,0.18012072215299604,-0.5429091,-0.2886363636,108.6615,108.0286,95.1031,3.6,0.25427273640000003
2021-06-14,15673.6396484375,4255.14990234375,72.86000061035156,1864.0,0.8257499933242798,46556300.0,4151200000.0,0.18012072215299604,-0.5429091,-0.2886363636,108.6615,108.0286,95.1031,3.6,0.25427273640000003
2021-06-15,15729.51953125,4246.58984375,73.98999786376953,1854.5,0.8249300122261047,45999200.0,4048940000.0,0.18012072215299604,-0.5429091,-0.2886363636,108.6615,108.0286,95.1031,3.6,0.25427273640000003
2021-06-16,15710.5703125,4223.7001953125,74.38999938964844,1859.5,0.8245999813079834,58585900.0,4538350000.0,0.18012072215299604,-0.5429091,-0.2886363636,108.6615,108.0286,95.1031,3.6,0.25427273640000003
2021-06-17,15727.669921875,4221.85986328125,73.08000183105469,1773.800048828125,0.8336399793624878,62355100.0,5312680000.0,0.18012072215299604,-0.5429091,-0.2886363636,108.6615,108.0286,95.1031,3.6,0.25427273640000003
2021-06-18,15448.0400390625,4166.4501953125,73.51000213623047,1767.9000244140625,0.839389979839325,126347100.0,6817010000.0,0.18012072215299604,-0.5429091,-0.2886363636,108.6615,108.0286,95.1031,3.6,0.25427273640000003
2021-06-21,15603.240234375,4224.7900390625,74.9000015258789,1781.800048828125,0.842199981212616,61783600.0,4128950000.0,0.18012072215299604,-0.5429091,-0.2886363636,108.6615,108.0286,95.1031,3.6,0.25427273640000003
2021-06-22,15636.330078125,4246.43994140625,74.80999755859375,1776.300048828125,0.8394500017166138,53060800.0,3828390000.0,0.18012072215299604,-0.5429091,-0.2886363636,108.6615,108.0286,95.1031,3.6,0.25427273640000003
2021-06-23,15456.3896484375,4241.83984375,75.19000244140625,1782.300048828125,0.8377500176429749,50468000.0,3730350000.0,0.10474736879178974,-0.5429091,-0.2886363636,108.6615,108.0286,95.1031,3.6,0.25427273640000003
2021-06-24,15589.23046875,4266.490234375,75.55999755859375,1775.5999755859375,0.8379999995231628,52474600.0,3816660000.0,0.10880654907597362,-0.5429091,-0.2886363636,108.6615,108.0286,95.1031,3.6,0.25427273640000003
2021-06-25,15607.9697265625,4280.7001953125,76.18000030517578,1776.5999755859375,0.8381999731063843,46613700.0,7341450000.0,0.10816393457105736,-0.5429091,-0.2886363636,108.6615,108.0286,95.1031,3.6,0.25427273640000003
2021-06-28,15554.1796875,4290.60986328125,74.68000030517578,1779.5999755859375,0.837369978427887,43947600.0,4147890000.0,0.10617231078141945,-0.5429091,-0.2886363636,108.6615,108.0286,95.1031,3.6,0.25427273640000003
2021-06-29,15690.58984375,4291.7998046875,74.76000213623047,1762.800048828125,0.8382999897003174,50284300.0,3707150000.0,0.10744696747521677,-0.5429091,-0.2886363636,108.6615,108.0286,95.1031,3.6,0.25427273640000003
2021-06-30,15531.0400390625,4297.5,75.12999725341797,1770.800048828125,0.8402000069618225,63950700.0,4266040000.0,0.10909862905272348,-0.5429091,-0.2886363636,108.6615,108.0286,95.1031,3.6,0.25427273640000003
2021-07-01,15603.8095703125,4319.93994140625,75.83999633789062,1775.9000244140625,0.8434000015258789,49570300.0,3788230000.0,0.11007291940446094,-0.5448182,-0.4513636364,108.6615,108.4772,96.64948,3.5,0.09345456360000004
2021-07-02,15650.08984375,4352.33984375,76.16999816894531,1782.5999755859375,0.8441500067710876,43114700.0,3225840000.0,0.11035887499086051,-0.5448182,-0.4513636364,108.6615,108.4772,96.64948,3.5,0.09345456360000004
2021-07-05,15661.9697265625,4352.33984375,76.16999816894531,1782.5999755859375,0.8434399962425232,29752900.0,3225840000.0,0.10954220055431349,-0.5448182,-0.4513636364,108.6615,108.4772,96.64948,3.5,0.09345456360000004
2021-07-06,15511.3798828125,4343.5400390625,74.52999877929688,1793.5,0.8428999781608582,53759400.0,4309570000.0,0.11441900365562215,-0.5448182,-0.4513636364,108.6615,108.4772,96.64948,3.5,0.09345456360000004
2021-07-07,15692.7099609375,4358.1298828125,73.43000030517578,1801.5,0.8457000255584717,59732200.0,4037380000.0,0.12164377445864641,-0.5448182,-0.4513636364,108.6615,108.4772,96.64948,3.5,0.09345456360000004
2021-07-08,15420.6396484375,4320.81982421875,74.12000274658203,1799.5999755859375,0.847931981086731,78813200.0,4347500000.0,0.13548482022176098,-0.5448182,-0.4513636364,108.6615,108.4772,96.64948,3.5,0.09345456360000004
2021-07-09,15687.9296875,4369.5498046875,75.55000305175781,1810.0,0.8440240025520325,60460900.0,3531120000.0,0.148829775121029,-0.5448182,-0.4513636364,108.6615,108.4772,96.64948,3.5,0.09345456360000004
2021-07-12,15790.509765625,4384.6298828125,75.16000366210938,1805.5,0.8422499895095825,47460900.0,3384460000.0,0.1480774339948523,-0.5448182,-0.4513636364,108.6615,108.4772,96.64948,3.5,0.09345456360000004
2021-07-13,15789.6396484375,4369.2099609375,76.48999786376953,1809.4000244140625,0.8428000211715698,50047700.0,3695430000.0,0.14797390454667805,-0.5448182,-0.4513636364,108.6615,108.4772,96.64948,3.5,0.09345456360000004
2021-07-14,15788.98046875,4374.2998046875,74.76000213623047,1824.300048828125,0.8492299914360046,41145400.0,4006370000.0,0.14752636365538882,-0.5448182,-0.4513636364,108.6615,108.4772,96.64948,3.5,0.09345456360000004
2021-07-15,15629.66015625,4360.02978515625,73.47000122070312,1828.4000244140625,0.8450700044631958,62684900.0,3905230000.0,0.15175890960550623,-0.5448182,-0.4513636364,108.6615,108.4772,96.64948,3.5,0.09345456360000004
2021-07-16,15540.3095703125,4327.16015625,73.58999633789062,1814.5,0.8466100096702576,60314700.0,3985700000.0,0.15285664377505048,-0.5448182,-0.4513636364,108.6615,108.4772,96.64948,3.5,0.09345456360000004
2021-07-19,15133.2001953125,4258.490234375,68.62000274658203,1808.699951171875,0.8464530110359192,85990500.0,5157660000.0,0.16695860096431367,-0.5448182,-0.4513636364,108.6615,108.4772,96.64948,3.5,0.09345456360000004
2021-07-20,15216.26953125,4323.06005859375,69.3499984741211,1810.9000244140625,0.8478999733924866,60029200.0,4438270000.0,0.16390278496314012,-0.5448182,-0.4513636364,108.6615,108.4772,96.64948,3.5,0.09345456360000004
2021-07-21,15422.5,4358.68994140625,72.2300033569336,1802.9000244140625,0.8485999703407288,65073800.0,3810280000.0,0.17138604525838116,-0.5448182,-0.4513636364,108.6615,108.4772,96.64948,3.5,0.09345456360000004
2021-07-22,15514.5400390625,4367.47998046875,73.79000091552734,1805.0,0.8479800224304199,50331400.0,3358300000.0,0.16803032069872895,-0.5448182,-0.4513636364,108.6615,108.4772,96.64948,3.5,0.09345456360000004
2021-07-23,15669.2900390625,4411.7900390625,74.0999984741211,1801.4000244140625,0.8494200110435486,54897600.0,4540070000.0,0.16896103664018575,-0.5448182,-0.4513636364,108.6615,108.4772,96.64948,3.5,0.09345456360000004
2021-07-26,15618.98046875,4422.2998046875,74.5,1798.699951171875,0.849370002746582,38643700.0,4275630000.0,0.1693546180241406,-0.5448182,-0.4513636364,108.6615,108.4772,96.64948,3.5,0.09345456360000004
2021-07-27,15519.1298828125,4401.4599609375,74.4800033569336,1799.5,0.8468999862670898,44081200.0,4241950000.0,0.17043360391969944,-0.5448182,-0.4513636364,108.6615,108.4772,96.64948,3.5,0.09345456360000004
2021-07-28,15570.3603515625,4400.64013671875,74.73999786376953,1799.5,0.84579998254776,56569500.0,4215290000.0,0.16790076301662488,-0.5448182,-0.4513636364,108.6615,108.4772,96.64948,3.5,0.09345456360000004
2021-07-29,15640.4697265625,4419.14990234375,76.05000305175781,1831.199951171875,0.8441699743270874,51559500.0,4044600000.0,0.1647111852411378,-0.5448182,-0.4513636364,108.6615,108.4772,96.64948,3.5,0.09345456360000004
2021-07-30,15544.3896484375,4395.259765625,76.33000183105469,1812.5999755859375,0.8408309817314148,61343800.0,3956740000.0,0.16541948189188835,-0.5448182,-0.4513636364,108.6615,108.4772,96.64948,3.5,0.09345456360000004
2021-08-02,15568.73046875,4387.16015625,72.88999938964844,1818.0999755859375,0.8426700234413147,53799800.0,3724090000.0,0.1651602441384439,-0.5475909,-0.5386363636,108.6615,108.5436,91.81701,3.4,0.00895453639999999
2021-08-03,15555.080078125,4423.14990234375,72.41000366210938,1810.0999755859375,0.8421300053596497,50024700.0,3965190000.0,0.16513821570642576,-0.5475909,-0.5386363636,108.6615,108.5436,91.81701,3.4,0.00895453639999999
2021-08-04,15692.1298828125,4402.66015625,70.37999725341797,1810.5,0.8424999713897705,54854200.0,4260760000.0,0.16433971029580774,-0.5475909,-0.5386363636,108.6615,108.5436,91.81701,3.4,0.00895453639999999
2021-08-05,15744.669921875,4429.10009765625,71.29000091552734,1805.0999755859375,0.8447800278663635,61559300.0,3769410000.0,0.15972450451070108,-0.5475909,-0.5386363636,108.6615,108.5436,91.81701,3.4,0.00895453639999999
2021-08-06,15761.4501953125,4436.52001953125,70.69999694824219,1760.0,0.8449000120162964,52191600.0,3451870000.0,0.1464246588801412,-0.5475909,-0.5386363636,108.6615,108.5436,91.81701,3.4,0.00895453639999999
2021-08-09,15745.41015625,4432.35009765625,69.04000091552734,1723.4000244140625,0.8511000275611877,41278000.0,3449280000.0,0.13403757943377934,-0.5475909,-0.5386363636,108.6615,108.5436,91.81701,3.4,0.00895453639999999
2021-08-10,15770.7099609375,4436.75,70.62999725341797,1728.800048828125,0.8518999814987183,37936600.0,3886610000.0,0.13217860458016997,-0.5475909,-0.5386363636,108.6615,108.5436,91.81701,3.4,0.00895453639999999
2021-08-11,15826.08984375,4442.41015625,71.44000244140625,1750.4000244140625,0.8529999852180481,46983300.0,3532560000.0,0.1327451131996865,-0.5475909,-0.5386363636,108.6615,108.5436,91.81701,3.4,0.00895453639999999
2021-08-12,15937.509765625,4460.830078125,71.30999755859375,1749.0,0.8516510128974915,53018500.0,3375310000.0,0.13487064210454944,-0.5475909,-0.5386363636,108.6615,108.5436,91.81701,3.4,0.00895453639999999
2021-08-13,15977.4404296875,4468.0,70.58999633789062,1775.199951171875,0.8520600199699402,39905200.0,3016470000.0,0.12937736536261976,-0.5475909,-0.5386363636,108.6615,108.5436,91.81701,3.4,0.00895453639999999
2021-08-16,15925.73046875,4479.7099609375,69.51000213623047,1786.9000244140625,0.8478400111198425,44305900.0,3370640000.0,0.12801359476894006,-0.5475909,-0.5386363636,108.6615,108.5436,91.81701,3.4,0.00895453639999999
2021-08-17,15921.9501953125,4448.080078125,69.02999877929688,1785.0,0.8489000201225281,46077200.0,3836960000.0,0.08094840241197138,-0.5475909,-0.5386363636,108.6615,108.5436,91.81701,3.4,0.00895453639999999
2021-08-18,15965.9697265625,4400.27001953125,68.2300033569336,1781.5999755859375,0.8539900183677673,45355100.0,3755590000.0,0.08019976842524788,-0.5475909,-0.5386363636,108.6615,108.5436,91.81701,3.4,0.00895453639999999
2021-08-19,15765.8095703125,4405.7998046875,66.44999694824219,1780.199951171875,0.8544600009918213,64752400.0,4398410000.0,0.08488123315029117,-0.5475909,-0.5386363636,108.6615,108.5436,91.81701,3.4,0.00895453639999999
2021-08-20,15808.0400390625,4441.669921875,65.18000030517578,1781.0,0.8564140200614929,49982700.0,3652610000.0,0.08323492456257466,-0.5475909,-0.5386363636,108.6615,108.5436,91.81701,3.4,0.00895453639999999
2021-08-23,15852.7900390625,4479.52978515625,68.75,1803.199951171875,0.8548799753189087,39880400.0,3576530000.0,0.07686290846147567,-0.5475909,-0.5386363636,108.6615,108.5436,91.81701,3.4,0.00895453639999999
2021-08-24,15905.849609375,4486.22998046875,71.05000305175781,1805.5999755859375,0.8514599800109863,42750500.0,3979220000.0,0.07615689309710692,-0.5475909,-0.5386363636,108.6615,108.5436,91.81701,3.4,0.00895453639999999
2021-08-25,15860.66015625,4496.18994140625,72.25,1788.199951171875,0.8508399724960327,35537700.0,3444700000.0,0.07280428644346279,-0.5475909,-0.5386363636,108.6615,108.5436,91.81701,3.4,0.00895453639999999
2021-08-26,15793.6201171875,4470.0,71.06999969482422,1792.199951171875,0.8493000268936157,39681200.0,3263980000.0,0.07451790538814936,-0.5475909,-0.5386363636,108.6615,108.5436,91.81701,3.4,0.00895453639999999
2021-08-27,15851.75,4509.3701171875,72.69999694824219,1816.5999755859375,0.850600004196167,32126500.0,3331200000.0,0.07404059010199276,-0.5475909,-0.5386363636,108.6615,108.5436,91.81701,3.4,0.00895453639999999
2021-08-30,15887.3095703125,4528.7900390625,73.41000366210938,1809.0,0.8475289940834045,27220800.0,3168660000.0,0.0699318182705308,-0.5475909,-0.5386363636,108.6615,108.5436,91.81701,3.4,0.00895453639999999
2021-08-31,15835.08984375,4522.68017578125,72.98999786376953,1815.0,0.8476799726486206,75099900.0,4290710000.0,0.0714830652746951,-0.5475909,-0.5386363636,108.6615,108.5436,91.81701,3.4,0.00895453639999999
2021-09-01,15824.2900390625,4524.08984375,71.58999633789062,1813.0999755859375,0.8467199802398682,53324100.0,4057340000.0,0.0714280520847573,-0.5450455,-0.3627272727,108.6615,108.8821,92.10696,3.4,0.18231822729999997
2021-09-02,15840.58984375,4536.9501953125,73.02999877929688,1808.699951171875,0.8445299863815308,37299100.0,3735990000.0,0.06529226801529624,-0.5450455,-0.3627272727,108.6615,108.8821,92.10696,3.4,0.18231822729999997
2021-09-03,15781.2001953125,4535.43017578125,72.61000061035156,1830.9000244140625,0.8420000076293945,40901200.0,3217530000.0,0.06595741585639155,-0.5450455,-0.3627272727,108.6615,108.8821,92.10696,3.4,0.18231822729999997
2021-09-06,15932.1201171875,4535.43017578125,72.61000061035156,1830.9000244140625,0.8413299918174744,31915300.0,3217530000.0,0.0736185667050677,-0.5450455,-0.3627272727,108.6615,108.8821,92.10696,3.4,0.18231822729999997
2021-09-07,15843.08984375,4520.02978515625,71.69000244140625,1795.9000244140625,0.8421000242233276,45060200.0,3822960000.0,0.07647113573324936,-0.5450455,-0.3627272727,108.6615,108.8821,92.10696,3.4,0.18231822729999997
2021-09-08,15610.2802734375,4514.06982421875,72.5999984741211,1790.699951171875,0.8443400263786316,62575800.0,3750880000.0,0.09220726243026199,-0.5450455,-0.3627272727,108.6615,108.8821,92.10696,3.4,0.18231822729999997
2021-09-09,15623.150390625,4493.27978515625,71.44999694824219,1797.4000244140625,0.8460879921913147,54613000.0,3735390000.0,0.09120948372333298,-0.5450455,-0.3627272727,108.6615,108.8821,92.10696,3.4,0.18231822729999997
2021-09-10,15609.8095703125,4458.580078125,72.91999816894531,1789.5999755859375,0.8456000089645386,55580900.0,3623180000.0,0.08687554317353101,-0.5450455,-0.3627272727,108.6615,108.8821,92.10696,3.4,0.18231822729999997
2021-09-13,15701.419921875,4468.72998046875,73.51000213623047,1792.0,0.8465999960899353,50515500.0,3914220000.0,0.0893199289949494,-0.5450455,-0.3627272727,108.6615,108.8821,92.10696,3.4,0.18231822729999997
2021-09-14,15722.990234375,4443.0498046875,73.5999984741211,1804.699951171875,0.8465999960899353,51343400.0,3670460000.0,0.08917235271662895,-0.5450455,-0.3627272727,108.6615,108.8821,92.10696,3.4,0.18231822729999997
2021-09-15,15616.0,4480.7001953125,75.45999908447266,1792.4000244140625,0.847100019454956,58969400.0,4032020000.0,0.09170664263857828,-0.5450455,-0.3627272727,108.6615,108.8821,92.10696,3.4,0.18231822729999997
2021-09-16,15651.75,4473.75,75.66999816894531,1754.5999755859375,0.8460239768028259,54362800.0,3984560000.0,0.09148129459967332,-0.5450455,-0.3627272727,108.6615,108.8821,92.10696,3.4,0.18231822729999997
2021-09-17,15490.169921875,4432.990234375,75.33999633789062,1749.4000244140625,0.8497999906539917,158392800.0,7289530000.0,0.08820587810856467,-0.5450455,-0.3627272727,108.6615,108.8821,92.10696,3.4,0.18231822729999997
2021-09-20,15132.0595703125,4357.72998046875,73.91999816894531,1761.800048828125,0.8525199890136719,96690100.0,4898070000.0,0.11614074446025563,-0.5450455,-0.3627272727,108.6615,108.8821,92.10696,3.4,0.18231822729999997
2021-09-21,15348.5302734375,4354.18994140625,74.36000061035156,1776.0,0.8525000214576721,61546200.0,3920920000.0,0.1283781467676168,-0.5450455,-0.3627272727,108.6615,108.8821,92.10696,3.4,0.18231822729999997
2021-09-22,15506.740234375,4395.64013671875,76.19000244140625,1776.699951171875,0.8530300259590149,54135200.0,3939170000.0,0.13384247271739838,-0.5450455,-0.3627272727,108.6615,108.8821,92.10696,3.4,0.18231822729999997
2021-09-23,15643.9697265625,4448.97998046875,77.25,1747.699951171875,0.8555999994277954,54651300.0,3916350000.0,0.13806940355717226,-0.5450455,-0.3627272727,108.6615,108.8821,92.10696,3.4,0.18231822729999997
2021-09-24,15531.75,4455.47998046875,78.08999633789062,1749.699951171875,0.8517699837684631,49967000.0,3384290000.0,0.13941040421024475,-0.5450455,-0.3627272727,108.6615,108.8821,92.10696,3.4,0.18231822729999997
2021-09-27,15573.8798828125,4443.10986328125,79.52999877929688,1750.0,0.8530200123786926,59034800.0,4058650000.0,0.13906185645383976,-0.5450455,-0.3627272727,108.6615,108.8821,92.10696,3.4,0.18231822729999997
2021-09-28,15248.5595703125,4352.6298828125,79.08999633789062,1735.800048828125,0.8549349904060364,75174800.0,4416550000.0,0.1548624153520603,-0.5450455,-0.3627272727,108.6615,108.8821,92.10696,3.4,0.18231822729999997
2021-09-29,15365.26953125,4359.4599609375,78.63999938964844,1721.5,0.8557000160217285,56303700.0,3712660000.0,0.15823466001959854,-0.5450455,-0.3627272727,108.6615,108.8821,92.10696,3.4,0.18231822729999997
2021-09-30,15260.6904296875,4307.5400390625,78.5199966430664,1755.300048828125,0.8619499802589417,74664500.0,4448140000.0,0.15931004084028239,-0.5450455,-0.3627272727,108.6615,108.8821,92.10696,3.4,0.18231822729999997
2021-10-01,15156.4404296875,4357.0400390625,79.27999877929688,1757.0,0.8639699816703796,66029600.0,4010370000.0,0.1599530090337718,-0.5498095,-0.2042857143,108.6615,109.1357,95.58634,3.4,0.3455237857
2021-10-04,15036.5498046875,4300.4599609375,81.26000213623047,1766.199951171875,0.8615300059318542,52650700.0,4307870000.0,0.16115439705694934,-0.5498095,-0.2042857143,108.6615,109.1357,95.58634,3.4,0.3455237857
2021-10-05,15194.490234375,4345.72021484375,82.55999755859375,1759.5999755859375,0.8607000112533569,60532800.0,3902890000.0,0.16205347268394915,-0.5498095,-0.2042857143,108.6615,109.1357,95.58634,3.4,0.3455237857
2021-10-06,14973.330078125,4363.5498046875,81.08000183105469,1760.5,0.8623600006103516,96189400.0,4009630000.0,0.1673043757104196,-0.5498095,-0.2042857143,108.6615,109.1357,95.58634,3.4,0.3455237857
2021-10-07,15250.8603515625,4399.759765625,81.94999694824219,1757.9000244140625,0.8654000163078308,76332700.0,3843740000.0,0.1764655599406034,-0.5498095,-0.2042857143,108.6615,109.1357,95.58634,3.4,0.3455237857
2021-10-08,15206.1298828125,4391.33984375,82.38999938964844,1756.300048828125,0.8650699853897095,59531300.0,3280160000.0,0.17644280808542567,-0.5498095,-0.2042857143,108.6615,109.1357,95.58634,3.4,0.3455237857
2021-10-11,15199.1396484375,4361.18994140625,83.6500015258789,1754.5999755859375,0.8646000027656555,75309100.0,3281970000.0,0.1764586376572998,-0.5498095,-0.2042857143,108.6615,109.1357,95.58634,3.4,0.3455237857
2021-10-12,15146.8701171875,4350.64990234375,83.41999816894531,1758.300048828125,0.8655200004577637,60955500.0,3558450000.0,0.17469103600614647,-0.5498095,-0.2042857143,108.6615,109.1357,95.58634,3.4,0.3455237857
2021-10-13,15249.3798828125,4363.7998046875,83.18000030517578,1793.699951171875,0.8669999837875366,69662700.0,3620070000.0,0.17685449165414677,-0.5498095,-0.2042857143,108.6615,109.1357,95.58634,3.4,0.3455237857
2021-10-14,15462.7197265625,4438.259765625,84.0,1796.699951171875,0.8621000051498413,60002700.0,3598280000.0,0.1833911948875868,-0.5498095,-0.2042857143,108.6615,109.1357,95.58634,3.4,0.3455237857
2021-10-15,15587.3603515625,4471.3701171875,84.86000061035156,1767.199951171875,0.8626999855041504,73666300.0,3819380000.0,0.18553713479259665,-0.5498095,-0.2042857143,108.6615,109.1357,95.58634,3.4,0.3455237857
2021-10-18,15474.4697265625,4486.4599609375,84.33000183105469,1764.800048828125,0.8622900247573853,49463100.0,3662010000.0,0.18370244695900878,-0.5498095,-0.2042857143,108.6615,109.1357,95.58634,3.4,0.3455237857
2021-10-19,15515.830078125,4519.6298828125,85.08000183105469,1769.699951171875,0.8610399961471558,49579400.0,3459130000.0,0.16337999063809852,-0.5498095,-0.2042857143,108.6615,109.1357,95.58634,3.4,0.3455237857
2021-10-20,15522.919921875,4536.18994140625,85.81999969482422,1784.0999755859375,0.8597000241279602,54739200.0,3670760000.0,0.15632056342925996,-0.5498095,-0.2042857143,108.6615,109.1357,95.58634,3.4,0.3455237857
2021-10-21,15472.5595703125,4549.77978515625,84.61000061035156,1781.199951171875,0.8579999804496765,54649400.0,3822330000.0,0.15270671621729834,-0.5498095,-0.2042857143,108.6615,109.1357,95.58634,3.4,0.3455237857
2021-10-22,15542.98046875,4544.89990234375,85.52999877929688,1795.5,0.8601899743080139,49948500.0,3758220000.0,0.1502526767400603,-0.5498095,-0.2042857143,108.6615,109.1357,95.58634,3.4,0.3455237857
2021-10-25,15599.23046875,4566.47998046875,85.98999786376953,1806.0,0.8590999841690063,51296300.0,3899400000.0,0.14864352805919862,-0.5498095,-0.2042857143,108.6615,109.1357,95.58634,3.4,0.3455237857
2021-10-26,15757.0595703125,4574.7900390625,86.4000015258789,1792.699951171875,0.8611999750137329,56055900.0,3879740000.0,0.15235750096245185,-0.5498095,-0.2042857143,108.6615,109.1357,95.58634,3.4,0.3455237857
2021-10-27,15705.8095703125,4551.68017578125,84.58000183105469,1797.9000244140625,0.8622000217437744,73429300.0,4226050000.0,0.13188816613846066,-0.5498095,-0.2042857143,108.6615,109.1357,95.58634,3.4,0.3455237857
2021-10-28,15696.330078125,4596.419921875,84.31999969482422,1801.5999755859375,0.862060010433197,78877800.0,4132950000.0,0.13007627987495923,-0.5498095,-0.2042857143,108.6615,109.1357,95.58634,3.4,0.3455237857
2021-10-29,15688.76953125,4605.3798828125,84.37999725341797,1783.0,0.85589998960495,80569400.0,4510200000.0,0.12707527458470957,-0.5498095,-0.2042857143,108.6615,109.1357,95.58634,3.4,0.3455237857
2021-11-01,15806.2900390625,4613.669921875,84.70999908447266,1795.0999755859375,0.8652999997138977,49160900.0,3971540000.0,0.12512913824277105,-0.5673636,-0.3136363636,108.6615,109.0545,96.16624,3.4,0.25372723639999994
2021-11-02,15954.4501953125,4630.64990234375,84.72000122070312,1788.699951171875,0.8621000051498413,60596100.0,3975250000.0,0.12211581171552578,-0.5673636,-0.3136363636,108.6615,109.0545,96.16624,3.4,0.25372723639999994
2021-11-03,15959.98046875,4660.56982421875,81.98999786376953,1763.5999755859375,0.8636000156402588,74344600.0,4319660000.0,0.11913090780371256,-0.5673636,-0.3136363636,108.6615,109.0545,96.16624,3.4,0.25372723639999994
2021-11-04,16029.650390625,4680.06005859375,80.54000091552734,1793.0,0.8608999848365784,76262400.0,4462300000.0,0.10206890989233625,-0.5673636,-0.3136363636,108.6615,109.0545,96.16624,3.4,0.25372723639999994
2021-11-05,16054.3603515625,4697.52978515625,82.73999786376953,1816.4000244140625,0.8654000163078308,75298200.0,4467180000.0,0.08571365840350335,-0.5673636,-0.3136363636,108.6615,109.0545,96.16624,3.4,0.25372723639999994
2021-11-08,16046.51953125,4701.7001953125,83.43000030517578,1827.4000244140625,0.8643900156021118,48903600.0,4269710000.0,0.08417960025526137,-0.5673636,-0.3136363636,108.6615,109.0545,96.16624,3.4,0.25372723639999994
2021-11-09,16040.4697265625,4685.25,84.77999877929688,1830.199951171875,0.8626999855041504,61428000.0,4117080000.0,0.08414248270376423,-0.5673636,-0.3136363636,108.6615,109.0545,96.16624,3.4,0.25372723639999994
2021-11-10,16067.830078125,4646.7099609375,82.63999938964844,1847.5999755859375,0.8623999953269958,62124400.0,4503720000.0,0.08134466715861204,-0.5673636,-0.3136363636,108.6615,109.0545,96.16624,3.4,0.25372723639999994
2021-11-11,16083.1103515625,4649.27001953125,82.87000274658203,1863.199951171875,0.8706300258636475,56626200.0,3926870000.0,0.08028293851106215,-0.5673636,-0.3136363636,108.6615,109.0545,96.16624,3.4,0.25372723639999994
2021-11-12,16094.0703125,4682.85009765625,82.16999816894531,1867.9000244140625,0.8733000159263611,60302900.0,3728600000.0,0.06880475482789328,-0.5673636,-0.3136363636,108.6615,109.0545,96.16624,3.4,0.25372723639999994
2021-11-15,16148.6396484375,4682.7998046875,82.05000305175781,1866.0999755859375,0.8740000128746033,53296600.0,3488410000.0,0.06536597599009115,-0.5673636,-0.3136363636,108.6615,109.0545,96.16624,3.4,0.25372723639999994
2021-11-16,16247.8603515625,4700.89990234375,82.43000030517578,1853.5999755859375,0.8797799944877625,56783300.0,3972640000.0,0.05838219437510274,-0.5673636,-0.3136363636,108.6615,109.0545,96.16624,3.4,0.25372723639999994
2021-11-17,16251.1298828125,4688.669921875,80.27999877929688,1869.699951171875,0.8833000063896179,54131500.0,3969070000.0,0.058826234852807656,-0.5673636,-0.3136363636,108.6615,109.0545,96.16624,3.4,0.25372723639999994
2021-11-18,16221.73046875,4704.5400390625,81.23999786376953,1861.0,0.8833000063896179,57887500.0,4226410000.0,0.060186921652306685,-0.5673636,-0.3136363636,108.6615,109.0545,96.16624,3.4,0.25372723639999994
2021-11-19,16159.9697265625,4697.9599609375,78.88999938964844,1851.199951171875,0.8796300292015076,105496400.0,4253180000.0,0.06084553209525666,-0.5673636,-0.3136363636,108.6615,109.0545,96.16624,3.4,0.25372723639999994
2021-11-22,16115.6904296875,4682.93994140625,79.69999694824219,1806.0,0.8868600130081177,65473700.0,4441100000.0,0.062336907546984885,-0.5673636,-0.3136363636,108.6615,109.0545,96.16624,3.4,0.25372723639999994
2021-11-23,15937.0,4690.7001953125,82.30999755859375,1783.5,0.8895099759101868,91000000.0,4277590000.0,0.07603965552934343,-0.5673636,-0.3136363636,108.6615,109.0545,96.16624,3.4,0.25372723639999994
2021-11-24,15878.3896484375,4701.4599609375,82.25,1784.0999755859375,0.8892899751663208,87886600.0,3418430000.0,0.07005007397702379,-0.5673636,-0.3136363636,108.6615,109.0545,96.16624,3.4,0.25372723639999994
2021-11-25,15917.98046875,4701.4599609375,82.25,1784.0999755859375,0.8926200270652771,57275800.0,3418430000.0,0.06912309508601008,-0.5673636,-0.3136363636,108.6615,109.0545,96.16624,3.4,0.25372723639999994
2021-11-26,15257.0400390625,4594.6201171875,72.72000122070312,1785.300048828125,0.8920900225639343,133308100.0,3517700000.0,0.16174119479780044,-0.5673636,-0.3136363636,108.6615,109.0545,96.16624,3.4,0.25372723639999994
2021-11-29,15280.8603515625,4655.27001953125,73.44000244140625,1782.300048828125,0.8854900002479553,95660000.0,4336410000.0,0.16202604704370796,-0.5673636,-0.3136363636,108.6615,109.0545,96.16624,3.4,0.25372723639999994
2021-11-30,15100.1298828125,4567.0,70.56999969482422,1773.5999755859375,0.8854699730873108,152644300.0,6625990000.0,0.16278340847276984,-0.5673636,-0.3136363636,108.6615,109.0545,96.16624,3.4,0.25372723639999994
2021-12-01,15472.669921875,4513.0400390625,68.87000274658203,1781.5999755859375,0.8825899958610535,86134400.0,5366730000.0,0.18368077738978597,-0.5819565,-0.3842857143,108.6615,109.3683,97.22938,3.3,0.19767078569999996
2021-12-02,15263.1103515625,4577.10009765625,69.66999816894531,1760.699951171875,0.883430004119873,93605500.0,5077180000.0,0.18826720231506358,-0.5819565,-0.3842857143,108.6615,109.3683,97.22938,3.3,0.19767078569999996
2021-12-03,15169.98046875,4538.43017578125,69.87999725341797,1782.0,0.8844699859619141,80653400.0,5240070000.0,0.18725792970723096,-0.5819565,-0.3842857143,108.6615,109.3683,97.22938,3.3,0.19767078569999996
2021-12-06,15380.7900390625,4591.669921875,73.08000183105469,1777.5,0.8845800161361694,74842900.0,4770800000.0,0.19537781085127048,-0.5819565,-0.3842857143,108.6615,109.3683,97.22938,3.3,0.19767078569999996
2021-12-07,15813.9404296875,4686.75,75.44000244140625,1782.5999755859375,0.8859999775886536,86195400.0,4492400000.0,0.22156094891127479,-0.5819565,-0.3842857143,108.6615,109.3683,97.22938,3.3,0.19767078569999996
2021-12-08,15687.08984375,4701.2099609375,75.81999969482422,1783.4000244140625,0.8867999911308289,72088200.0,4234600000.0,0.22304085948960434,-0.5819565,-0.3842857143,108.6615,109.3683,97.22938,3.3,0.19767078569999996
2021-12-09,15639.259765625,4667.4501953125,74.41999816894531,1774.5999755859375,0.8813999891281128,60664300.0,3903840000.0,0.2229314468402508,-0.5819565,-0.3842857143,108.6615,109.3683,97.22938,3.3,0.19767078569999996
2021-12-10,15623.3095703125,4712.02001953125,75.1500015258789,1782.9000244140625,0.8854799866676331,58755300.0,3870110000.0,0.22279722558099316,-0.5819565,-0.3842857143,108.6615,109.3683,97.22938,3.3,0.19767078569999996
2021-12-13,15621.7197265625,4668.97021484375,74.38999938964844,1786.300048828125,0.8840299844741821,56995000.0,4397230000.0,0.22272659018944513,-0.5819565,-0.3842857143,108.6615,109.3683,97.22938,3.3,0.19767078569999996
2021-12-14,15453.5595703125,4634.08984375,73.69999694824219,1770.4000244140625,0.8860999941825867,62436700.0,4485430000.0,0.22434362742221955,-0.5819565,-0.3842857143,108.6615,109.3683,97.22938,3.3,0.19767078569999996
2021-12-15,15476.349609375,4709.85009765625,73.87999725341797,1762.5999755859375,0.8880000114440918,54560500.0,4910130000.0,0.2227862052501085,-0.5819565,-0.3842857143,108.6615,109.3683,97.22938,3.3,0.19767078569999996
2021-12-16,15636.400390625,4668.669921875,75.0199966430664,1796.5999755859375,0.8856800198554993,87304300.0,4829500000.0,0.22690583151452787,-0.5819565,-0.3842857143,108.6615,109.3683,97.22938,3.3,0.19767078569999996
2021-12-17,15531.6904296875,4620.64013671875,73.5199966430664,1803.800048828125,0.8822900056838989,140842600.0,7987090000.0,0.22755616828461778,-0.5819565,-0.3842857143,108.6615,109.3683,97.22938,3.3,0.19767078569999996
2021-12-20,15239.669921875,4568.02001953125,71.5199966430664,1793.699951171875,0.8894000053405762,69118800.0,4635700000.0,0.23489183357664206,-0.5819565,-0.3842857143,108.6615,109.3683,97.22938,3.3,0.19767078569999996
2021-12-21,15447.4404296875,4649.22998046875,73.9800033569336,1787.9000244140625,0.8867200016975403,53329700.0,4072430000.0,0.24159466583745948,-0.5819565,-0.3842857143,108.6615,109.3683,97.22938,3.3,0.19767078569999996
2021-12-22,15593.4697265625,4696.56005859375,75.29000091552734,1801.5999755859375,0.8859300017356873,42996600.0,3319610000.0,0.24223383507602425,-0.5819565,-0.3842857143,108.6615,109.3683,97.22938,3.3,0.19767078569999996
2021-12-23,15756.3095703125,4725.7900390625,76.8499984741211,1811.199951171875,0.8827000260353088,43253900.0,2913040000.0,0.2451339148211524,-0.5819565,-0.3842857143,108.6615,109.3683,97.22938,3.3,0.19767078569999996
2021-12-24,15756.3095703125,4725.7900390625,76.8499984741211,1811.199951171875,0.8828200101852417,43253900.0,2913040000.0,0.2451339148211524,-0.5819565,-0.3842857143,108.6615,109.3683,97.22938,3.3,0.19767078569999996
2021-12-27,15835.25,4791.18994140625,78.5999984741211,1808.0999755859375,0.8830599784851074,28899600.0,2770290000.0,0.2451339148211524,-0.5819565,-0.3842857143,108.6615,109.3683,97.22938,3.3,0.19767078569999996
2021-12-28,15963.7001953125,4786.35009765625,78.94000244140625,1810.199951171875,0.882610023021698,34021000.0,2707920000.0,0.2451339148211524,-0.5819565,-0.3842857143,108.6615,109.3683,97.22938,3.3,0.19767078569999996
2021-12-29,15852.25,4793.06005859375,79.2300033569336,1805.0999755859375,0.8838000297546387,34973900.0,2963310000.0,0.2451339148211524,-0.5819565,-0.3842857143,108.6615,109.3683,97.22938,3.3,0.19767078569999996
2021-12-30,15884.8603515625,4778.72998046875,79.31999969482422,1812.699951171875,0.8802700042724609,32456600.0,3124950000.0,0.2451339148211524,-0.5819565,-0.3842857143,108.6615,109.3683,97.22938,3.3,0.19767078569999996
2021-12-31,15884.8603515625,4766.18017578125,77.77999877929688,1827.5,0.8830000162124634,32456600.0,2677820000.0,0.2451339148211524,-0.5819565,-0.3842857143,108.6615,109.3683,97.22938,3.3,0.19767078569999996
2022-01-03,16020.73046875,4796.56005859375,78.9800033569336,1799.4000244140625,0.8792399764060974,56865800.0,3831020000.0,0.2451339148211524,-0.5601429,-0.1147619048,116.1294,109.1354,97.03608,3.3,0.4453809952
2022-01-04,16152.6103515625,4793.5400390625,80.0,1814.0,0.8847799897193909,75187400.0,4683170000.0,0.2451339148211524,-0.5601429,-0.1147619048,116.1294,109.1354,97.03608,3.3,0.4453809952
2022-01-05,16271.75,4700.580078125,80.80000305175781,1824.5999755859375,0.8862400054931641,68244500.0,4887960000.0,0.2451339148211524,-0.5601429,-0.1147619048,116.1294,109.1354,97.03608,3.3,0.4453809952
2022-01-06,16052.0302734375,4696.0498046875,81.98999786376953,1788.699951171875,0.883899986743927,75756700.0,4295280000.0,0.2451339148211524,-0.5601429,-0.1147619048,116.1294,109.1354,97.03608,3.3,0.4453809952
2022-01-07,15947.740234375,4677.02978515625,81.75,1797.0,0.885200023651123,74469300.0,4181510000.0,0.2451339148211524,-0.5601429,-0.1147619048,116.1294,109.1354,97.03608,3.3,0.4453809952
2022-01-10,15768.26953125,4670.2900390625,80.87000274658203,1798.4000244140625,0.8807500004768372,82834300.0,4511810000.0,0.2451339148211524,-0.5601429,-0.1147619048,116.1294,109.1354,97.03608,3.3,0.4453809952
2022-01-11,15941.8095703125,4713.06982421875,83.72000122070312,1818.5999755859375,0.8825799822807312,74622100.0,4101590000.0,0.2451339148211524,-0.5601429,-0.1147619048,116.1294,109.1354,97.03608,3.3,0.4453809952
2022-01-12,16010.3203125,4726.35009765625,84.66999816894531,1827.199951171875,0.8797799944877625,69357000.0,4048220000.0,0.2451339148211524,-0.5601429,-0.1147619048,116.1294,109.1354,97.03608,3.3,0.4453809952
2022-01-13,16031.58984375,4659.02978515625,84.47000122070312,1821.199951171875,0.8740000128746033,72976100.0,4251730000.0,0.2451339148211524,-0.5601429,-0.1147619048,116.1294,109.1354,97.03608,3.3,0.4453809952
2022-01-14,15883.240234375,4662.85009765625,86.05999755859375,1816.5,0.8728200197219849,80457700.0,4338490000.0,0.2451339148211524,-0.5601429,-0.1147619048,116.1294,109.1354,97.03608,3.3,0.4453809952
2022-01-17,15933.7197265625,4662.85009765625,86.05999755859375,1816.5,0.8763700127601624,46576400.0,4338490000.0,0.2451339148211524,-0.5601429,-0.1147619048,116.1294,109.1354,97.03608,3.3,0.4453809952
2022-01-18,15772.5595703125,4577.10986328125,87.51000213623047,1812.300048828125,0.8763800263404846,70557600.0,4748700000.0,0.2451339148211524,-0.5601429,-0.1147619048,116.1294,109.1354,97.03608,3.3,0.4453809952
2022-01-19,15809.7197265625,4532.759765625,88.44000244140625,1843.0999755859375,0.88264000415802,74923900.0,4465740000.0,0.2451339148211524,-0.5601429,-0.1147619048,116.1294,109.1354,97.03608,3.3,0.4453809952
2022-01-20,15912.330078125,4482.72998046875,88.37999725341797,1842.5,0.8815699815750122,62979800.0,4640870000.0,0.2451339148211524,-0.5601429,-0.1147619048,116.1294,109.1354,97.03608,3.3,0.4453809952
2022-01-21,15603.8798828125,4397.93994140625,87.88999938964844,1831.800048828125,0.8838800191879272,105899500.0,5589100000.0,0.2451339148211524,-0.5601429,-0.1147619048,116.1294,109.1354,97.03608,3.3,0.4453809952
2022-01-24,15011.1298828125,4410.1298828125,86.2699966430664,1841.699951171875,0.8817200064659119,115815500.0,6928110000.0,0.2451339148211524,-0.5601429,-0.1147619048,116.1294,109.1354,97.03608,3.3,0.4453809952
2022-01-25,15123.8701171875,4356.4501953125,88.19999694824219,1852.699951171875,0.8830699920654297,86066500.0,5145050000.0,0.2451339148211524,-0.5601429,-0.1147619048,116.1294,109.1354,97.03608,3.3,0.4453809952
2022-01-26,15459.3896484375,4349.93017578125,89.95999908447266,1829.9000244140625,0.8845999836921692,82970700.0,5570640000.0,0.2451339148211524,-0.5601429,-0.1147619048,116.1294,109.1354,97.03608,3.3,0.4453809952
2022-01-27,15524.26953125,4326.509765625,89.33999633789062,1793.300048828125,0.8894000053405762,105993600.0,5214200000.0,0.2451339148211524,-0.5601429,-0.1147619048,116.1294,109.1354,97.03608,3.3,0.4453809952
2022-01-28,15318.9501953125,4431.85009765625,90.02999877929688,1784.9000244140625,0.8970999717712402,91381200.0,5031090000.0,0.2451339148211524,-0.5601429,-0.1147619048,116.1294,109.1354,97.03608,3.3,0.4453809952
2022-01-31,15471.2001953125,4515.5498046875,91.20999908447266,1795.0,0.8966699838638306,88305600.0,5098610000.0,0.2451339148211524,-0.5601429,-0.1147619048,116.1294,109.1354,97.03608,3.3,0.4453809952
2022-02-01,15619.3896484375,4546.5400390625,89.16000366210938,1800.300048828125,0.890500009059906,74929400.0,4816830000.0,0.21251804084502146,-0.5315,0.15,116.1294,109.6488,97.61598,3.2,0.6815
2022-02-02,15613.76953125,4589.3798828125,89.47000122070312,1809.199951171875,0.8870000243186951,66319500.0,4481580000.0,0.20982060103442948,-0.5315,0.15,116.1294,109.6488,97.61598,3.2,0.6815
2022-02-03,15368.4697265625,4477.43994140625,91.11000061035156,1803.0,0.8849599957466125,104951100.0,4401970000.0,0.21269461140259527,-0.5315,0.15,116.1294,109.6488,97.61598,3.2,0.6815
2022-02-04,15099.5595703125,4500.52978515625,93.2699966430664,1806.5999755859375,0.8744500279426575,93799100.0,4706290000.0,0.21569645311864807,-0.5315,0.15,116.1294,109.6488,97.61598,3.2,0.6815
2022-02-07,15206.6396484375,4483.8701171875,92.69000244140625,1820.5999755859375,0.8729699850082397,71120600.0,4228480000.0,0.2179027615523676,-0.5315,0.15,116.1294,109.6488,97.61598,3.2,0.6815
2022-02-08,15242.3798828125,4521.5400390625,90.77999877929688,1826.5999755859375,0.8738999962806702,80957900.0,4459620000.0,0.21584564861213618,-0.5315,0.15,116.1294,109.6488,97.61598,3.2,0.6815
2022-02-09,15482.009765625,4587.18017578125,91.55000305175781,1835.199951171875,0.8755599856376648,85342900.0,4524350000.0,0.21987557034267746,-0.5315,0.15,116.1294,109.6488,97.61598,3.2,0.6815
2022-02-10,15490.4404296875,4504.080078125,91.41000366210938,1836.199951171875,0.875540018081665,94694700.0,5314860000.0,0.21905444004846886,-0.5315,0.15,116.1294,109.6488,97.61598,3.2,0.6815
2022-02-11,15425.1201171875,4418.64013671875,94.44000244140625,1840.800048828125,0.8759999871253967,100055100.0,5251500000.0,0.2190011415435348,-0.5315,0.15,116.1294,109.6488,97.61598,3.2,0.6815
2022-02-14,15113.9697265625,4401.669921875,96.4800033569336,1868.0,0.8798900246620178,119705200.0,4600390000.0,0.22684424209472592,-0.5315,0.15,116.1294,109.6488,97.61598,3.2,0.6815
2022-02-15,15412.7099609375,4471.06982421875,93.27999877929688,1854.800048828125,0.8844599723815918,83214500.0,4430830000.0,0.23881928982578735,-0.5315,0.15,116.1294,109.6488,97.61598,3.2,0.6815
2022-02-16,15396.0703125,4475.009765625,94.80999755859375,1870.199951171875,0.8805299997329712,31633100.0,4283640000.0,0.23674205605351414,-0.5315,0.15,116.1294,109.6488,97.61598,3.2,0.6815
2022-02-17,15267.6298828125,4380.259765625,92.97000122070312,1900.699951171875,0.8791000247001648,78678300.0,4539420000.0,0.2377054624706162,-0.5315,0.15,116.1294,109.6488,97.61598,3.2,0.6815
2022-02-18,15042.509765625,4348.8701171875,93.54000091552734,1898.5999755859375,0.8797799944877625,87529800.0,4708060000.0,0.240023263919923,-0.5315,0.15,116.1294,109.6488,97.61598,3.2,0.6815
2022-02-21,14731.1201171875,4348.8701171875,93.54000091552734,1898.5999755859375,0.8836100101470947,78145800.0,4708060000.0,0.24122584701931962,-0.5315,0.15,116.1294,109.6488,97.61598,3.2,0.6815
2022-02-22,14693.0,4304.759765625,96.83999633789062,1906.0999755859375,0.8841999769210815,115316300.0,5121900000.0,0.20416426340635263,-0.5315,0.15,116.1294,109.6488,97.61598,3.2,0.6815
2022-02-23,14631.3603515625,4225.5,96.83999633789062,1909.199951171875,0.8826799988746643,89094500.0,4797430000.0,0.20207516713092408,-0.5315,0.15,116.1294,109.6488,97.61598,3.2,0.6815
2022-02-24,14052.099609375,4288.7001953125,99.08000183105469,1925.0999755859375,0.8845099806785583,219860100.0,6752130000.0,0.22307049495966144,-0.5315,0.15,116.1294,109.6488,97.61598,3.2,0.6815
2022-02-25,14567.23046875,4384.64990234375,97.93000030517578,1886.5,0.8935999870300293,160377100.0,5177060000.0,0.2635730520726647,-0.5315,0.15,116.1294,109.6488,97.61598,3.2,0.6815
2022-02-28,14461.01953125,4373.93994140625,100.98999786376953,1899.4000244140625,0.8943700194358826,160848700.0,6071370000.0,0.26143499590155195,-0.5315,0.15,116.1294,109.6488,97.61598,3.2,0.6815
2022-03-01,13904.849609375,4306.259765625,104.97000122070312,1942.4000244140625,0.8915899991989136,145245900.0,5846230000.0,0.2848697210682982,-0.4954348,0.2817391304,116.1294,110.6494,92.68686,3.2,0.7771739304
2022-03-02,14000.1103515625,4386.5400390625,112.93000030517578,1920.9000244140625,0.8982499837875366,158825300.0,5337870000.0,0.28327332731077987,-0.4954348,0.2817391304,116.1294,110.6494,92.68686,3.2,0.7771739304
2022-03-03,13698.400390625,4363.490234375,110.45999908447266,1934.4000244140625,0.8999000191688538,118913500.0,5039890000.0,0.2883225843077366,-0.4954348,0.2817391304,116.1294,110.6494,92.68686,3.2,0.7771739304
2022-03-04,13094.5400390625,4328.8701171875,118.11000061035156,1965.0999755859375,0.9035999774932861,178566000.0,5797380000.0,0.3157420021136151,-0.4954348,0.2817391304,116.1294,110.6494,92.68686,3.2,0.7771739304
2022-03-07,12834.650390625,4201.08984375,123.20999908447266,1993.9000244140625,0.9195799827575684,192412700.0,6940470000.0,0.31679139665474965,-0.4954348,0.2817391304,116.1294,110.6494,92.68686,3.2,0.7771739304
2022-03-08,12831.509765625,4170.7001953125,127.9800033569336,2040.0999755859375,0.9203600287437439,172923800.0,7243120000.0,0.3135310221659755,-0.4954348,0.2817391304,116.1294,110.6494,92.68686,3.2,0.7771739304
2022-03-09,13847.9296875,4277.8798828125,111.13999938964844,1985.9000244140625,0.9175800085067749,177828900.0,5662670000.0,0.43472602682818773,-0.4954348,0.2817391304,116.1294,110.6494,92.68686,3.2,0.7771739304
2022-03-10,13442.099609375,4259.52001953125,109.33000183105469,1998.0999755859375,0.9030299782752991,148856700.0,4980830000.0,0.4366963396866795,-0.4954348,0.2817391304,116.1294,110.6494,92.68686,3.2,0.7771739304
2022-03-11,13628.1103515625,4204.31005859375,112.66999816894531,1982.699951171875,0.9079399704933167,130836100.0,4938640000.0,0.44174013187295713,-0.4954348,0.2817391304,116.1294,110.6494,92.68686,3.2,0.7771739304
2022-03-14,13929.1103515625,4173.10986328125,106.9000015258789,1959.5999755859375,0.9147400259971619,118949300.0,5574920000.0,0.4521417207219097,-0.4954348,0.2817391304,116.1294,110.6494,92.68686,3.2,0.7771739304
2022-03-15,13917.26953125,4262.4501953125,99.91000366210938,1928.5,0.9138100147247314,101279000.0,5392470000.0,0.4486254261843266,-0.4954348,0.2817391304,116.1294,110.6494,92.68686,3.2,0.7771739304
2022-03-16,14440.740234375,4357.85986328125,98.0199966430664,1908.0,0.9116299748420715,138610100.0,6309750000.0,0.4642966755630827,-0.4954348,0.2817391304,116.1294,110.6494,92.68686,3.2,0.7771739304
2022-03-17,14388.0595703125,4411.669921875,106.63999938964844,1942.0999755859375,0.9072800278663635,96870400.0,4985090000.0,0.46426926899694515,-0.4954348,0.2817391304,116.1294,110.6494,92.68686,3.2,0.7771739304
2022-03-18,14413.08984375,4463.1201171875,107.93000030517578,1928.199951171875,0.9009400010108948,181197700.0,8278430000.0,0.46407132710290955,-0.4954348,0.2817391304,116.1294,110.6494,92.68686,3.2,0.7771739304
2022-03-21,14326.9697265625,4461.18017578125,115.62000274658203,1928.5999755859375,0.9055399894714355,69806300.0,4869820000.0,0.46210735426254945,-0.4954348,0.2817391304,116.1294,110.6494,92.68686,3.2,0.7771739304
2022-03-22,14473.2001953125,4511.60986328125,115.4800033569336,1920.699951171875,0.9076700210571289,79554100.0,4754840000.0,0.45867105158824434,-0.4954348,0.2817391304,116.1294,110.6494,92.68686,3.2,0.7771739304
2022-03-23,14283.650390625,4456.240234375,121.5999984741211,1936.5999755859375,0.9066399931907654,76384100.0,4550670000.0,0.46072859829290064,-0.4954348,0.2817391304,116.1294,110.6494,92.68686,3.2,0.7771739304
2022-03-24,14273.7900390625,4520.16015625,119.02999877929688,1961.5999755859375,0.9085699915885925,77315500.0,4131390000.0,0.460577408728111,-0.4954348,0.2817391304,116.1294,110.6494,92.68686,3.2,0.7771739304
2022-03-25,14305.759765625,4543.06005859375,120.6500015258789,1953.800048828125,0.90829998254776,73042400.0,4305020000.0,0.4384293023343388,-0.4954348,0.2817391304,116.1294,110.6494,92.68686,3.2,0.7771739304
2022-03-28,14417.3701171875,4575.52001953125,112.4800033569336,1939.5999755859375,0.9105899930000305,70588000.0,4312260000.0,0.42004125551767385,-0.4954348,0.2817391304,116.1294,110.6494,92.68686,3.2,0.7771739304
2022-03-29,14820.330078125,4631.60009765625,110.2300033569336,1912.0,0.909600019454956,99659400.0,5085910000.0,0.4301262704828952,-0.4954348,0.2817391304,116.1294,110.6494,92.68686,3.2,0.7771739304
2022-03-30,14606.0498046875,4602.4501953125,113.44999694824219,1933.5,0.9015899896621704,76506500.0,4385570000.0,0.4095655647733929,-0.4954348,0.2817391304,116.1294,110.6494,92.68686,3.2,0.7771739304
2022-03-31,14414.75,4530.41015625,107.91000366210938,1949.199951171875,0.8959100246429443,88194400.0,4823020000.0,0.4128082794100165,-0.4954348,0.2817391304,116.1294,110.6494,92.68686,3.2,0.7771739304
2022-04-01,14446.48046875,4545.85986328125,104.38999938964844,1919.0999755859375,0.9031500220298767,72477600.0,4562940000.0,0.40405437342230444,-0.4478947,0.7463157895,116.1294,111.2879,94.42654,3.1,1.1942104895
2022-04-04,14518.16015625,4582.64013671875,107.52999877929688,1929.199951171875,0.9052000045776367,69362800.0,4547350000.0,0.36624378506204663,-0.4478947,0.7463157895,116.1294,111.2879,94.42654,3.1,1.1942104895
2022-04-05,14424.3603515625,4525.1201171875,106.63999938964844,1922.9000244140625,0.9110900163650513,79130600.0,4800620000.0,0.3575536112347044,-0.4478947,0.7463157895,116.1294,111.2879,94.42654,3.1,1.1942104895
2022-04-06,14151.6904296875,4481.14990234375,101.06999969482422,1918.4000244140625,0.916890025138855,104304600.0,4986830000.0,0.3672459378235073,-0.4478947,0.7463157895,116.1294,111.2879,94.42654,3.1,1.1942104895
2022-04-07,14078.150390625,4500.2099609375,100.58000183105469,1933.800048828125,0.9175800085067749,84791200.0,4821490000.0,0.2496876954936434,-0.4478947,0.7463157895,116.1294,111.2879,94.42654,3.1,1.1942104895
2022-04-08,14283.669921875,4488.27978515625,102.77999877929688,1941.5999755859375,0.9204000234603882,74244800.0,4083200000.0,0.22815000623538895,-0.4478947,0.7463157895,116.1294,111.2879,94.42654,3.1,1.1942104895
2022-04-11,14192.7802734375,4412.52978515625,98.4800033569336,1944.300048828125,0.9186999797821045,69814800.0,4266290000.0,0.22677919352200143,-0.4478947,0.7463157895,116.1294,111.2879,94.42654,3.1,1.1942104895
2022-04-12,14124.9501953125,4397.4501953125,104.63999938964844,1972.0999755859375,0.9192900061607361,104676200.0,4152090000.0,0.21566696882253966,-0.4478947,0.7463157895,116.1294,111.2879,94.42654,3.1,1.1942104895
2022-04-13,14076.4404296875,4446.58984375,108.77999877929688,1981.0,0.9236900210380554,80458200.0,3828150000.0,0.21609423051837293,-0.4478947,0.7463157895,116.1294,111.2879,94.42654,3.1,1.1942104895
2022-04-14,14163.849609375,4392.58984375,111.69999694824219,1970.9000244140625,0.9177200198173523,87530500.0,4083090000.0,0.17106396411075236,-0.4478947,0.7463157895,116.1294,111.2879,94.42654,3.1,1.1942104895
2022-04-15,14163.849609375,4392.58984375,111.69999694824219,1970.9000244140625,0.9241300225257874,87530500.0,4083090000.0,0.17106396411075236,-0.4478947,0.7463157895,116.1294,111.2879,94.42654,3.1,1.1942104895
2022-04-18,14163.849609375,4391.68994140625,113.16000366210938,1982.9000244140625,0.9246199727058411,87530500.0,3910490000.0,0.17106396411075236,-0.4478947,0.7463157895,116.1294,111.2879,94.42654,3.1,1.1942104895
2022-04-19,14153.4599609375,4462.2099609375,107.25,1955.699951171875,0.9274899959564209,70608100.0,4108120000.0,0.17106396411075236,-0.4478947,0.7463157895,116.1294,111.2879,94.42654,3.1,1.1942104895
2022-04-20,14362.0302734375,4459.4501953125,106.80000305175781,1952.300048828125,0.9264000058174133,75486900.0,4290450000.0,0.17106396411075236,-0.4478947,0.7463157895,116.1294,111.2879,94.42654,3.1,1.1942104895
2022-04-21,14502.41015625,4393.66015625,108.33000183105469,1944.9000244140625,0.9216700196266174,78397500.0,4636890000.0,0.17106396411075236,-0.4478947,0.7463157895,116.1294,111.2879,94.42654,3.1,1.1942104895
2022-04-22,14142.08984375,4271.77978515625,106.6500015258789,1931.0,0.9229199886322021,82415500.0,4651940000.0,0.17106396411075236,-0.4478947,0.7463157895,116.1294,111.2879,94.42654,3.1,1.1942104895
2022-04-25,13924.169921875,4296.1201171875,102.31999969482422,1893.199951171875,0.9249799847602844,85275400.0,5240040000.0,0.17106396411075236,-0.4478947,0.7463157895,116.1294,111.2879,94.42654,3.1,1.1942104895
2022-04-26,13756.400390625,4175.2001953125,104.98999786376953,1901.4000244140625,0.9333400130271912,98346100.0,4689970000.0,0.17106396411075236,-0.4478947,0.7463157895,116.1294,111.2879,94.42654,3.1,1.1942104895
2022-04-27,13793.9404296875,4183.9599609375,105.31999969482422,1885.9000244140625,0.9395300149917603,134621900.0,4769680000.0,0.17106396411075236,-0.4478947,0.7463157895,116.1294,111.2879,94.42654,3.1,1.1942104895
2022-04-28,13979.83984375,4287.5,107.58999633789062,1888.699951171875,0.947409987449646,97665400.0,4854180000.0,0.17106396411075236,-0.4478947,0.7463157895,116.1294,111.2879,94.42654,3.1,1.1942104895
2022-04-29,14097.8798828125,4131.93017578125,109.33999633789062,1909.300048828125,0.9520000219345093,102033100.0,5084030000.0,0.17106396411075236,-0.4478947,0.7463157895,116.1294,111.2879,94.42654,3.1,1.1942104895
2022-05-02,13939.0703125,4155.3798828125,107.58000183105469,1861.800048828125,0.9491299986839294,85974500.0,5163790000.0,0.17106396411075236,-0.3857273,0.9527272727,116.1294,111.9431,94.81314,3.1,1.3384545727
2022-05-03,14039.4697265625,4175.47998046875,104.97000122070312,1868.800048828125,0.9515600204467773,86472700.0,4582050000.0,0.17106396411075236,-0.3857273,0.9527272727,116.1294,111.9431,94.81314,3.1,1.3384545727
2022-05-04,13970.8203125,4300.169921875,110.13999938964844,1867.0,0.9498000144958496,71631100.0,5136360000.0,0.17106396411075236,-0.3857273,0.9527272727,116.1294,111.9431,94.81314,3.1,1.3384545727
2022-05-05,13902.51953125,4146.8701171875,110.9000015258789,1874.0,0.9413999915122986,86031700.0,5077030000.0,0.17106396411075236,-0.3857273,0.9527272727,116.1294,111.9431,94.81314,3.1,1.3384545727
2022-05-06,13674.2900390625,4123.33984375,112.38999938964844,1881.199951171875,0.9487900137901306,96547800.0,5116940000.0,0.17106396411075236,-0.3857273,0.9527272727,116.1294,111.9431,94.81314,3.1,1.3384545727
2022-05-09,13380.669921875,3991.239990234375,105.94000244140625,1857.0999755859375,0.9494699835777283,82759800.0,5954520000.0,0.17106396411075236,-0.3857273,0.9527272727,116.1294,111.9431,94.81314,3.1,1.3384545727
2022-05-10,13534.740234375,4001.050048828125,102.45999908447266,1839.9000244140625,0.9464499950408936,84927900.0,5885820000.0,0.17106396411075236,-0.3857273,0.9527272727,116.1294,111.9431,94.81314,3.1,1.3384545727
2022-05-11,13828.6396484375,3935.179931640625,107.51000213623047,1852.5999755859375,0.949400007724762,107719800.0,5816140000.0,0.17106396411075236,-0.3857273,0.9527272727,116.1294,111.9431,94.81314,3.1,1.3384545727
2022-05-12,13739.6396484375,3930.080078125,107.44999694824219,1823.800048828125,0.9512500166893005,110587600.0,6286450000.0,0.17106396411075236,-0.3857273,0.9527272727,116.1294,111.9431,94.81314,3.1,1.3384545727
2022-05-13,14027.9296875,4023.889892578125,111.55000305175781,1807.4000244140625,0.9634299874305725,90805300.0,5183340000.0,0.17106396411075236,-0.3857273,0.9527272727,116.1294,111.9431,94.81314,3.1,1.3384545727
2022-05-16,13964.3798828125,4008.010009765625,114.23999786376953,1813.5,0.9614800214767456,67914800.0,4415030000.0,0.17106396411075236,-0.3857273,0.9527272727,116.1294,111.9431,94.81314,3.1,1.3384545727
2022-05-17,14185.9404296875,4088.85009765625,111.93000030517578,1818.199951171875,0.9579499959945679,71183700.0,4841410000.0,0.17106396411075236,-0.3857273,0.9527272727,116.1294,111.9431,94.81314,3.1,1.3384545727
2022-05-18,14007.759765625,3923.679931640625,109.11000061035156,1815.9000244140625,0.9480599761009216,69356900.0,5103220000.0,0.22569276538559369,-0.3857273,0.9527272727,116.1294,111.9431,94.81314,3.1,1.3384545727
2022-05-19,13882.2998046875,3900.7900390625,112.04000091552734,1841.199951171875,0.9548599720001221,82304500.0,5113550000.0,0.22054101091047038,-0.3857273,0.9527272727,116.1294,111.9431,94.81314,3.1,1.3384545727
2022-05-20,13981.91015625,3901.360107421875,112.55000305175781,1841.800048828125,0.9452700018882751,83084600.0,5130730000.0,0.21904193670751612,-0.3857273,0.9527272727,116.1294,111.9431,94.81314,3.1,1.3384545727
2022-05-23,14175.400390625,3973.75,113.41999816894531,1847.800048828125,0.9460899829864502,60577400.0,4420030000.0,0.20814250963707706,-0.3857273,0.9527272727,116.1294,111.9431,94.81314,3.1,1.3384545727
2022-05-24,13919.75,3941.47998046875,113.55999755859375,1865.0999755859375,0.9361500144004822,70956400.0,4923190000.0,0.21080407060833978,-0.3857273,0.9527272727,116.1294,111.9431,94.81314,3.1,1.3384545727
2022-05-25,14007.9296875,3978.72998046875,114.02999877929688,1846.199951171875,0.9314000010490417,64007200.0,4802560000.0,0.20707527136555834,-0.3857273,0.9527272727,116.1294,111.9431,94.81314,3.1,1.3384545727
2022-05-26,14231.2900390625,4057.840087890625,117.4000015258789,1847.4000244140625,0.9357500076293945,57436000.0,4709970000.0,0.21347280189487633,-0.3857273,0.9527272727,116.1294,111.9431,94.81314,3.1,1.3384545727
2022-05-27,14462.1904296875,4158.240234375,119.43000030517578,1851.300048828125,0.9317100048065186,71341500.0,4375620000.0,0.21560505034211724,-0.3857273,0.9527272727,116.1294,111.9431,94.81314,3.1,1.3384545727
2022-05-30,14575.98046875,4158.240234375,119.43000030517578,1851.300048828125,0.9318400025367737,54721200.0,4375620000.0,0.21538750866589124,-0.3857273,0.9527272727,116.1294,111.9431,94.81314,3.1,1.3384545727
2022-05-31,14388.349609375,4132.14990234375,122.83999633789062,1842.699951171875,0.9282000064849854,146716000.0,6822640000.0,0.216672942921521,-0.3857273,0.9527272727,116.1294,111.9431,94.81314,3.1,1.3384545727
2022-06-01,14340.4697265625,4101.22998046875,116.29000091552734,1843.300048828125,0.9316099882125854,68008900.0,4531800000.0,0.2163126912973151,-0.2392273,1.445,116.1294,111.8255,95.68299,3.1,1.6842273
2022-06-02,14485.169921875,4176.81982421875,117.61000061035156,1866.5,0.9386000037193298,50049600.0,4405790000.0,0.2173091741749545,-0.2392273,1.445,116.1294,111.8255,95.68299,3.1,1.6842273
2022-06-03,14460.08984375,4108.5400390625,119.72000122070312,1845.4000244140625,0.9301400184631348,46395500.0,3711110000.0,0.2163555447447019,-0.2392273,1.445,116.1294,111.8255,95.68299,3.1,1.6842273
2022-06-06,14653.8095703125,4121.43017578125,119.51000213623047,1839.199951171875,0.9323099851608276,38135700.0,4332700000.0,0.20896789526040235,-0.2392273,1.445,116.1294,111.8255,95.68299,3.1,1.6842273
2022-06-07,14556.6201171875,4160.68017578125,120.56999969482422,1847.5,0.9353299736976624,51840700.0,4248210000.0,0.19239381383680818,-0.2392273,1.445,116.1294,111.8255,95.68299,3.1,1.6842273
2022-06-08,14445.990234375,4115.77001953125,123.58000183105469,1851.9000244140625,0.9347000122070312,61851500.0,4159470000.0,0.19448142355527753,-0.2392273,1.445,116.1294,111.8255,95.68299,3.1,1.6842273
2022-06-09,14198.7998046875,4017.820068359375,123.06999969482422,1848.800048828125,0.9330400228500366,64865200.0,4134170000.0,0.19436279394235326,-0.2392273,1.445,116.1294,111.8255,95.68299,3.1,1.6842273
2022-06-10,13761.830078125,3900.860107421875,122.01000213623047,1871.5,0.9416900277137756,89335800.0,4889640000.0,0.22282021919519782,-0.2392273,1.445,116.1294,111.8255,95.68299,3.1,1.6842273
2022-06-13,13427.0302734375,3749.6298828125,122.2699966430664,1828.0,0.9532899856567383,91214200.0,5636890000.0,0.22477186691379453,-0.2392273,1.445,116.1294,111.8255,95.68299,3.1,1.6842273
2022-06-14,13304.3896484375,3735.47998046875,121.16999816894531,1809.5,0.9601399898529053,78302700.0,5153890000.0,0.22599069573273306,-0.2392273,1.445,116.1294,111.8255,95.68299,3.1,1.6842273
2022-06-15,13485.2900390625,3789.989990234375,118.51000213623047,1815.300048828125,0.9577999711036682,80763200.0,5530480000.0,0.22383075794947055,-0.2392273,1.445,116.1294,111.8255,95.68299,3.1,1.6842273
2022-06-16,13038.490234375,3666.77001953125,119.80999755859375,1845.699951171875,0.9563699960708618,104048800.0,5644930000.0,0.24594836506228052,-0.2392273,1.445,116.1294,111.8255,95.68299,3.1,1.6842273
2022-06-17,13126.259765625,3674.840087890625,113.12000274658203,1835.5999755859375,0.9481499791145325,190391800.0,8520740000.0,0.24739686872035216,-0.2392273,1.445,116.1294,111.8255,95.68299,3.1,1.6842273
2022-06-20,13265.599609375,3674.840087890625,113.12000274658203,1835.5999755859375,0.9531599879264832,54602700.0,8520740000.0,0.24937919568964892,-0.2392273,1.445,116.1294,111.8255,95.68299,3.1,1.6842273
2022-06-21,13292.400390625,3764.7900390625,114.6500015258789,1834.5999755859375,0.9505000114440918,64763900.0,5292260000.0,0.242971189227229,-0.2392273,1.445,116.1294,111.8255,95.68299,3.1,1.6842273
2022-06-22,13144.2802734375,3759.889892578125,111.73999786376953,1834.300048828125,0.949429988861084,76135600.0,5058990000.0,0.23871405376574645,-0.2392273,1.445,116.1294,111.8255,95.68299,3.1,1.6842273
2022-06-23,12912.58984375,3795.72998046875,110.05000305175781,1825.699951171875,0.9466000199317932,99254200.0,5098640000.0,0.2418029713639749,-0.2392273,1.445,116.1294,111.8255,95.68299,3.1,1.6842273
2022-06-24,13118.1298828125,3911.739990234375,113.12000274658203,1826.5,0.9505599737167358,95705800.0,8120260000.0,0.2417747760073811,-0.2392273,1.445,116.1294,111.8255,95.68299,3.1,1.6842273
2022-06-27,13186.0703125,3900.110107421875,115.08999633789062,1820.9000244140625,0.9464200139045715,69024800.0,4325310000.0,0.2331446199697537,-0.2392273,1.445,116.1294,111.8255,95.68299,3.1,1.6842273
2022-06-28,13231.8203125,3821.550048828125,117.9800033569336,1817.5,0.9451000094413757,61092900.0,4270120000.0,0.2307410260492811,-0.2392273,1.445,116.1294,111.8255,95.68299,3.1,1.6842273
2022-06-29,13003.349609375,3818.830078125,116.26000213623047,1813.699951171875,0.9502500295639038,70350700.0,4211240000.0,0.23323976912511768,-0.2392273,1.445,116.1294,111.8255,95.68299,3.1,1.6842273
2022-06-30,12783.76953125,3785.3798828125,114.80999755859375,1804.0999755859375,0.9572499990463257,114222900.0,4840070000.0,0.23693140111574254,-0.2392273,1.445,116.1294,111.8255,95.68299,3.1,1.6842273
2022-07-01,12813.0302734375,3825.330078125,111.62999725341797,1798.9000244140625,0.9544100165367126,80285900.0,4046950000.0,0.2320157908457307,0.036619,1.0819047619,116.1294,112.4116,95.58634,3.1,1.0452857619
2022-07-04,12773.3798828125,3825.330078125,111.62999725341797,1798.9000244140625,0.9584100246429443,52500200.0,4046950000.0,0.23176834230702115,0.036619,1.0819047619,116.1294,112.4116,95.58634,3.1,1.0452857619
2022-07-05,12401.2001953125,3831.389892578125,102.7699966430664,1761.800048828125,0.9584800004959106,90489700.0,5076590000.0,0.23423184005957728,0.036619,1.0819047619,116.1294,112.4116,95.58634,3.1,1.0452857619
2022-07-06,12594.51953125,3845.080078125,100.69000244140625,1734.9000244140625,0.9748799800872803,78681400.0,4417720000.0,0.24789183151808403,0.036619,1.0819047619,116.1294,112.4116,95.58634,3.1,1.0452857619
2022-07-07,12843.2197265625,3902.6201171875,104.6500015258789,1737.9000244140625,0.9817000031471252,79392500.0,4057770000.0,0.26427491706292644,0.036619,1.0819047619,116.1294,112.4116,95.58634,3.1,1.0452857619
2022-07-08,13015.23046875,3899.3798828125,107.0199966430664,1740.5999755859375,0.983299970626831,75193100.0,3521620000.0,0.26841086283005483,0.036619,1.0819047619,116.1294,112.4116,95.58634,3.1,1.0452857619
2022-07-11,12832.4404296875,3854.429931640625,107.0999984741211,1730.0,0.9836599826812744,55461200.0,3423480000.0,0.2532076705406883,0.036619,1.0819047619,116.1294,112.4116,95.58634,3.1,1.0452857619
2022-07-12,12905.48046875,3818.800048828125,99.48999786376953,1723.300048828125,0.9952700138092041,65198400.0,3817210000.0,0.2427892648767534,0.036619,1.0819047619,116.1294,112.4116,95.58634,3.1,1.0452857619
2022-07-13,12756.3203125,3801.780029296875,99.56999969482422,1734.199951171875,0.9966999888420105,63030200.0,4109390000.0,0.24385816247524808,0.036619,1.0819047619,116.1294,112.4116,95.58634,3.1,1.0452857619
2022-07-14,12519.66015625,3790.3798828125,99.0999984741211,1704.5,0.9967399835586548,72613000.0,4199690000.0,0.24356586762334223,0.036619,1.0819047619,116.1294,112.4116,95.58634,3.1,1.0452857619
2022-07-15,12864.7197265625,3863.159912109375,101.16000366210938,1702.4000244140625,0.997439980506897,77498400.0,4143800000.0,0.2410041959318226,0.036619,1.0819047619,116.1294,112.4116,95.58634,3.1,1.0452857619
2022-07-18,12959.8095703125,3830.85009765625,106.2699966430664,1709.199951171875,0.9904599785804749,61274100.0,4046870000.0,0.2412654018938841,0.036619,1.0819047619,116.1294,112.4116,95.58634,3.1,1.0452857619
2022-07-19,13308.41015625,3936.68994140625,107.3499984741211,1710.0,0.9856899976730347,73418300.0,4041070000.0,0.25680866691836335,0.036619,1.0819047619,116.1294,112.4116,95.58634,3.1,1.0452857619
2022-07-20,13281.98046875,3959.89990234375,106.91999816894531,1699.5,0.9773899912834167,75183800.0,4185300000.0,0.2568411829077261,0.036619,1.0819047619,116.1294,112.4116,95.58634,3.1,1.0452857619
2022-07-21,13246.6396484375,3998.949951171875,103.86000061035156,1712.699951171875,0.9820500016212463,87886300.0,4132790000.0,0.2538310915559789,0.036619,1.0819047619,116.1294,112.4116,95.58634,3.1,1.0452857619
2022-07-22,13253.6796875,3961.6298828125,103.19999694824219,1727.0999755859375,0.9783700108528137,76076400.0,3979240000.0,0.2451456088716966,0.036619,1.0819047619,116.1294,112.4116,95.58634,3.1,1.0452857619
2022-07-25,13210.3203125,3966.840087890625,105.1500015258789,1719.0,0.9803699851036072,56561100.0,3568340000.0,0.2397360757471516,0.036619,1.0819047619,116.1294,112.4116,95.58634,3.1,1.0452857619
2022-07-26,13096.9296875,3921.050048828125,104.4000015258789,1717.699951171875,0.9779999852180481,58207700.0,3778950000.0,0.24104647258559428,0.036619,1.0819047619,116.1294,112.4116,95.58634,3.1,1.0452857619
2022-07-27,13166.3798828125,4023.610107421875,106.62000274658203,1719.0999755859375,0.9872099757194519,79894900.0,4112180000.0,0.24148264458258495,0.036619,1.0819047619,116.1294,112.4116,95.58634,3.1,1.0452857619
2022-07-28,13282.1103515625,4072.429931640625,107.13999938964844,1750.300048828125,0.9794999957084656,74308800.0,4413000000.0,0.2349598987577277,0.036619,1.0819047619,116.1294,112.4116,95.58634,3.1,1.0452857619
2022-07-29,13484.0498046875,4130.2900390625,110.01000213623047,1762.9000244140625,0.9811300039291382,82631600.0,4616360000.0,0.2302313216867811,0.036619,1.0819047619,116.1294,112.4116,95.58634,3.1,1.0452857619
2022-08-01,13479.6298828125,4118.6298828125,100.02999877929688,1769.0,0.9796000123023987,57227900.0,4202810000.0,0.23046034107128086,0.3947391,1.0343478261,116.1294,112.6783,94.52319,3.1,0.6396087261000001
2022-08-02,13449.2001953125,4091.18994140625,100.54000091552734,1771.0999755859375,0.9745299816131592,56681200.0,4727710000.0,0.23022158458826325,0.3947391,1.0343478261,116.1294,112.6783,94.52319,3.1,0.6396087261000001
2022-08-03,13587.5595703125,4155.169921875,96.77999877929688,1758.0,0.9846699833869934,63636000.0,4351760000.0,0.20041036921587005,0.3947391,1.0343478261,116.1294,112.6783,94.52319,3.1,0.6396087261000001
2022-08-04,13662.6796875,4151.93994140625,94.12000274658203,1788.5,0.9844800233840942,64719800.0,4283320000.0,0.1963447781415676,0.3947391,1.0343478261,116.1294,112.6783,94.52319,3.1,0.6396087261000001
2022-08-05,13573.9296875,4145.18994140625,94.91999816894531,1772.9000244140625,0.975820004940033,62482000.0,4085940000.0,0.19071717036660324,0.3947391,1.0343478261,116.1294,112.6783,94.52319,3.1,0.6396087261000001
2022-08-08,13687.6904296875,4140.06005859375,96.6500015258789,1786.800048828125,0.9832000136375427,51639200.0,4221090000.0,0.18794874950703583,0.3947391,1.0343478261,116.1294,112.6783,94.52319,3.1,0.6396087261000001
2022-08-09,13534.9697265625,4122.47021484375,96.30999755859375,1794.0,0.9806200265884399,51015000.0,3913090000.0,0.18499594412865958,0.3947391,1.0343478261,116.1294,112.6783,94.52319,3.1,0.6396087261000001
2022-08-10,13700.9296875,4210.240234375,97.4000015258789,1795.5999755859375,0.979610025882721,56490500.0,4546010000.0,0.18775618360952,0.3947391,1.0343478261,116.1294,112.6783,94.52319,3.1,0.6396087261000001
2022-08-11,13694.509765625,4207.27001953125,99.5999984741211,1789.699951171875,0.97079998254776,54583800.0,4630200000.0,0.18078339122032855,0.3947391,1.0343478261,116.1294,112.6783,94.52319,3.1,0.6396087261000001
2022-08-12,13795.849609375,4280.14990234375,98.1500015258789,1798.5999755859375,0.9692999720573425,58498800.0,3788010000.0,0.16241204184505512,0.3947391,1.0343478261,116.1294,112.6783,94.52319,3.1,0.6396087261000001
2022-08-15,13816.6103515625,4297.14013671875,95.0999984741211,1781.4000244140625,0.9750000238418579,37843500.0,3696830000.0,0.1396496471142407,0.3947391,1.0343478261,116.1294,112.6783,94.52319,3.1,0.6396087261000001
2022-08-16,13910.1201171875,4305.2001953125,92.33999633789062,1773.199951171875,0.9840599894523621,50947100.0,4329820000.0,0.13944396036870027,0.3947391,1.0343478261,116.1294,112.6783,94.52319,3.1,0.6396087261000001
2022-08-17,13626.7099609375,4274.0400390625,93.6500015258789,1760.300048828125,0.9832199811935425,57254300.0,3885030000.0,0.1352116127704223,0.3947391,1.0343478261,116.1294,112.6783,94.52319,3.1,0.6396087261000001
2022-08-18,13697.41015625,4283.740234375,96.58999633789062,1755.300048828125,0.9822999835014343,47668000.0,3340330000.0,0.13539175238788426,0.3947391,1.0343478261,116.1294,112.6783,94.52319,3.1,0.6396087261000001
2022-08-19,13544.51953125,4228.47998046875,96.72000122070312,1747.5999755859375,0.9910899996757507,65997300.0,3761340000.0,0.14173939579952757,0.3947391,1.0343478261,116.1294,112.6783,94.52319,3.1,0.6396087261000001
2022-08-22,13230.5703125,4137.990234375,96.4800033569336,1734.0,0.9964900016784668,68371700.0,3907430000.0,0.16484714003361603,0.3947391,1.0343478261,116.1294,112.6783,94.52319,3.1,0.6396087261000001
2022-08-23,13194.23046875,4128.72998046875,100.22000122070312,1746.800048828125,1.0060900449752808,53963000.0,3823520000.0,0.1647271468220135,0.3947391,1.0343478261,116.1294,112.6783,94.52319,3.1,0.6396087261000001
2022-08-24,13220.0595703125,4140.77001953125,101.22000122070312,1747.800048828125,1.0033199787139893,46809500.0,3583630000.0,0.16183342103051665,0.3947391,1.0343478261,116.1294,112.6783,94.52319,3.1,0.6396087261000001
2022-08-25,13271.9599609375,4199.1201171875,99.33999633789062,1757.699951171875,1.003100037574768,41621200.0,3566870000.0,0.1613877381917996,0.3947391,1.0343478261,116.1294,112.6783,94.52319,3.1,0.6396087261000001
2022-08-26,12971.4697265625,4057.659912109375,100.98999786376953,1736.0999755859375,1.0028799772262573,67305400.0,3832750000.0,0.1768592789989151,0.3947391,1.0343478261,116.1294,112.6783,94.52319,3.1,0.6396087261000001
2022-08-29,12892.990234375,4030.610107421875,105.08999633789062,1736.5999755859375,1.0061700344085693,54303000.0,3396510000.0,0.1672883901248749,0.3947391,1.0343478261,116.1294,112.6783,94.52319,3.1,0.6396087261000001
2022-08-30,12961.1396484375,3986.159912109375,99.30999755859375,1723.199951171875,0.9986000061035156,62479300.0,3835860000.0,0.1691486553478396,0.3947391,1.0343478261,116.1294,112.6783,94.52319,3.1,0.6396087261000001
2022-08-31,12834.9599609375,3955.0,96.48999786376953,1712.800048828125,0.9975000023841858,82999700.0,4542490000.0,0.17136595266611437,0.3947391,1.0343478261,116.1294,112.6783,94.52319,3.1,0.6396087261000001
2022-09-01,12630.23046875,3966.85009765625,92.36000061035156,1696.5999755859375,0.9961100220680237,61602700.0,4152250000.0,0.17144170404568357,1.0108636,1.7954545455,116.1294,113.9994,96.45618,3.1,0.7845909455
2022-09-02,13050.26953125,3924.260009765625,93.0199966430664,1709.800048828125,1.00478994846344,67336800.0,3665850000.0,0.2118235010523443,1.0108636,1.7954545455,116.1294,113.9994,96.45618,3.1,0.7845909455
2022-09-05,12760.7802734375,3924.260009765625,93.0199966430664,1709.800048828125,1.0091400146484375,62869400.0,3665850000.0,0.22262320685984185,1.0108636,1.7954545455,116.1294,113.9994,96.45618,3.1,0.7845909455
2022-09-06,12871.4404296875,3908.18994140625,92.83000183105469,1700.4000244140625,1.0047999620437622,53636500.0,4127340000.0,0.22281032442443963,1.0108636,1.7954545455,116.1294,113.9994,96.45618,3.1,0.7845909455
2022-09-07,12915.9697265625,3979.8701171875,88.0,1715.300048828125,1.0103100538253784,67128300.0,3890320000.0,0.22167737526225936,1.0108636,1.7954545455,116.1294,113.9994,96.45618,3.1,0.7845909455
2022-09-08,12904.3203125,4006.179931640625,89.1500015258789,1708.0,1.0004299879074097,71242600.0,3966850000.0,0.21551089266859993,1.0108636,1.7954545455,116.1294,113.9994,96.45618,3.1,0.7845909455
2022-09-09,13088.2099609375,4067.360107421875,92.83999633789062,1716.199951171875,0.9987999796867371,67719300.0,3901940000.0,0.22337152170060437,1.0108636,1.7954545455,116.1294,113.9994,96.45618,3.1,0.7845909455
2022-09-12,13402.26953125,4110.41015625,94.0,1728.0999755859375,0.9929100275039673,67046400.0,3814200000.0,0.23907313864140167,1.0108636,1.7954545455,116.1294,113.9994,96.45618,3.1,0.7845909455
2022-09-13,13188.9501953125,3932.68994140625,93.16999816894531,1705.0,0.9872099757194519,68434200.0,4224550000.0,0.244090287386922,1.0108636,1.7954545455,116.1294,113.9994,96.45618,3.1,0.7845909455
2022-09-14,13028.0,3946.010009765625,94.0999984741211,1696.5,1.0017999410629272,62448700.0,4293240000.0,0.24425372014785182,1.0108636,1.7954545455,116.1294,113.9994,96.45618,3.1,0.7845909455
2022-09-15,12956.66015625,3901.35009765625,90.83999633789062,1665.4000244140625,1.0016000270843506,67761600.0,4441830000.0,0.23622303967402342,1.0108636,1.7954545455,116.1294,113.9994,96.45618,3.1,0.7845909455
2022-09-16,12741.259765625,3873.330078125,91.3499984741211,1671.699951171875,1.001170039176941,148557300.0,7954650000.0,0.239580022540904,1.0108636,1.7954545455,116.1294,113.9994,96.45618,3.1,0.7845909455
2022-09-19,12803.240234375,3899.889892578125,92.0,1666.199951171875,0.9977700114250183,49575200.0,3766850000.0,0.23941261109139322,1.0108636,1.7954545455,116.1294,113.9994,96.45618,3.1,0.7845909455
2022-09-20,12670.830078125,3855.929931640625,90.62000274658203,1659.699951171875,0.9970499873161316,62735600.0,4058050000.0,0.22940903281173133,1.0108636,1.7954545455,116.1294,113.9994,96.45618,3.1,0.7845909455
2022-09-21,12767.150390625,3789.929931640625,89.83000183105469,1664.5999755859375,1.0029300451278687,55268200.0,4078330000.0,0.2317492780063284,1.0108636,1.7954545455,116.1294,113.9994,96.45618,3.1,0.7845909455
2022-09-22,12531.6298828125,3757.989990234375,90.45999908447266,1670.800048828125,1.0172200202941895,66525600.0,4284600000.0,0.23863028488993315,1.0108636,1.7954545455,116.1294,113.9994,96.45618,3.1,0.7845909455
2022-09-23,12284.1904296875,3693.22998046875,86.1500015258789,1645.300048828125,1.0161000490188599,86711600.0,5144270000.0,0.2446900185171063,1.0108636,1.7954545455,116.1294,113.9994,96.45618,3.1,0.7845909455
2022-09-26,12227.919921875,3655.0400390625,84.05999755859375,1623.300048828125,1.031999945640564,67273900.0,4886140000.0,0.23474392544542266,1.0108636,1.7954545455,116.1294,113.9994,96.45618,3.1,0.7845909455
2022-09-27,12139.6796875,3647.2900390625,86.2699966430664,1626.699951171875,1.0391000509262085,78962200.0,4577740000.0,0.23498804059206843,1.0108636,1.7954545455,116.1294,113.9994,96.45618,3.1,0.7845909455
2022-09-28,12183.2802734375,3719.0400390625,89.31999969482422,1660.4000244140625,1.042080044746399,96220900.0,4684850000.0,0.23432960896621038,1.0108636,1.7954545455,116.1294,113.9994,96.45618,3.1,0.7845909455
2022-09-29,11975.5498046875,3640.469970703125,88.48999786376953,1658.5,1.030060052871704,87998400.0,4681810000.0,0.23837719228176232,1.0108636,1.7954545455,116.1294,113.9994,96.45618,3.1,0.7845909455
2022-09-30,12114.3603515625,3585.6201171875,87.95999908447266,1662.4000244140625,1.0173399448394775,89235000.0,5645360000.0,0.2388894839106712,1.0108636,1.7954545455,116.1294,113.9994,96.45618,3.1,0.7845909455
2022-10-03,12209.48046875,3678.429931640625,88.86000061035156,1692.9000244140625,1.0211700201034546,63674200.0,4806680000.0,0.20572027353761915,1.4276667,2.1866666667,116.1294,114.4215,95.39304,3.1,0.7589999666999998
2022-10-04,12670.48046875,3790.929931640625,91.80000305175781,1721.0999755859375,1.0170799493789673,80240300.0,5146580000.0,0.23788574925143155,1.4276667,2.1866666667,116.1294,114.4215,95.39304,3.1,0.7589999666999998
2022-10-05,12517.1796875,3783.280029296875,93.37000274658203,1711.4000244140625,1.0015699863433838,62392400.0,4293180000.0,0.2389693446755492,1.4276667,2.1866666667,116.1294,114.4215,95.39304,3.1,0.7589999666999998
2022-10-06,12470.7802734375,3744.52001953125,94.41999816894531,1711.699951171875,1.0089800357818604,53529600.0,4252100000.0,0.2384897713306892,1.4276667,2.1866666667,116.1294,114.4215,95.39304,3.1,0.7589999666999998
2022-10-07,12273.0,3639.659912109375,97.91999816894531,1700.5,1.0215500593185425,56973200.0,4449660000.0,0.2435430973905335,1.4276667,2.1866666667,116.1294,114.4215,95.39304,3.1,0.7589999666999998
2022-10-10,12272.9404296875,3612.389892578125,96.19000244140625,1667.300048828125,1.0272200107574463,68341800.0,3834320000.0,0.23625323400669027,1.4276667,2.1866666667,116.1294,114.4215,95.39304,3.1,0.7589999666999998
2022-10-11,12220.25,3588.840087890625,94.29000091552734,1678.699951171875,1.029860019683838,64611700.0,4759030000.0,0.21495907163442043,1.4276667,2.1866666667,116.1294,114.4215,95.39304,3.1,0.7589999666999998
2022-10-12,12172.259765625,3577.030029296875,92.44999694824219,1670.300048828125,1.0309100151062012,67186400.0,4006830000.0,0.21076690078305893,1.4276667,2.1866666667,116.1294,114.4215,95.39304,3.1,0.7589999666999998
2022-10-13,12355.580078125,3669.909912109375,94.56999969482422,1670.0,1.030079960823059,88446300.0,5021680000.0,0.21799193980097403,1.4276667,2.1866666667,116.1294,114.4215,95.39304,3.1,0.7589999666999998
2022-10-14,12437.8095703125,3583.070068359375,91.62999725341797,1641.699951171875,1.0255000591278076,82478300.0,4243030000.0,0.21989922847276494,1.4276667,2.1866666667,116.1294,114.4215,95.39304,3.1,0.7589999666999998
2022-10-17,12649.0302734375,3677.949951171875,91.62000274658203,1657.0,1.0267599821090698,57195500.0,4352780000.0,0.2222590435180497,1.4276667,2.1866666667,116.1294,114.4215,95.39304,3.1,0.7589999666999998
2022-10-18,12765.6103515625,3719.97998046875,90.02999877929688,1649.0,1.0155999660491943,65991900.0,4483740000.0,0.22402592689457917,1.4276667,2.1866666667,116.1294,114.4215,95.39304,3.1,0.7589999666999998
2022-10-19,12741.41015625,3695.159912109375,92.41000366210938,1627.5,1.013800024986267,63632000.0,4223800000.0,0.2210254056383517,1.4276667,2.1866666667,116.1294,114.4215,95.39304,3.1,0.7589999666999998
2022-10-20,12767.41015625,3665.780029296875,92.37999725341797,1630.800048828125,1.0239100456237793,52824400.0,4496620000.0,0.21956311552554963,1.4276667,2.1866666667,116.1294,114.4215,95.39304,3.1,0.7589999666999998
2022-10-21,12730.900390625,3752.75,93.5,1651.0,1.0226099491119385,82221400.0,5078020000.0,0.2093834415824838,1.4276667,2.1866666667,116.1294,114.4215,95.39304,3.1,0.7589999666999998
2022-10-24,12931.4501953125,3797.340087890625,93.26000213623047,1648.699951171875,1.0141899585723877,62919300.0,4747930000.0,0.20138000705056858,1.4276667,2.1866666667,116.1294,114.4215,95.39304,3.1,0.7589999666999998
2022-10-25,13052.9599609375,3859.110107421875,93.5199966430664,1652.800048828125,1.0114799737930298,69239900.0,4843120000.0,0.20098691063252172,1.4276667,2.1866666667,116.1294,114.4215,95.39304,3.1,0.7589999666999998
2022-10-26,13195.8095703125,3830.60009765625,95.69000244140625,1664.0,1.003640055656433,65691700.0,4817310000.0,0.19897504913052197,1.4276667,2.1866666667,116.1294,114.4215,95.39304,3.1,0.7589999666999998
2022-10-27,13211.23046875,3807.300048828125,96.95999908447266,1660.699951171875,0.9908900260925293,72246300.0,4687320000.0,0.19922294764110343,1.4276667,2.1866666667,116.1294,114.4215,95.39304,3.1,0.7589999666999998
2022-10-28,13243.330078125,3901.06005859375,95.7699966430664,1639.5999755859375,1.0032299757003784,64191000.0,4459410000.0,0.18422738207800396,1.4276667,2.1866666667,116.1294,114.4215,95.39304,3.1,0.7589999666999998
2022-10-31,13253.740234375,3871.97998046875,94.83000183105469,1635.9000244140625,1.004520058631897,59049500.0,4820620000.0,0.18305666768909098,1.4276667,2.1866666667,116.1294,114.4215,95.39304,3.1,0.7589999666999998
2022-11-01,13338.740234375,3856.10009765625,94.6500015258789,1645.0,1.0115000009536743,51443700.0,4481210000.0,0.18277775729797768,1.8252273,2.0663636364,116.1294,114.5428,96.35954,3.1,0.2411363364000001
2022-11-02,13256.740234375,3759.68994140625,96.16000366210938,1645.699951171875,1.0123599767684937,54426400.0,4899000000.0,0.13965615377101973,1.8252273,2.0663636364,116.1294,114.5428,96.35954,3.1,0.2411363364000001
2022-11-03,13130.1904296875,3719.889892578125,94.66999816894531,1627.300048828125,1.0189100503921509,52294100.0,4625290000.0,0.13661103661740234,1.8252273,2.0663636364,116.1294,114.5428,96.35954,3.1,0.2411363364000001
2022-11-04,13459.849609375,3770.550048828125,98.56999969482422,1672.5,1.0256799459457397,76643400.0,5400180000.0,0.15573443865549158,1.8252273,2.0663636364,116.1294,114.5428,96.35954,3.1,0.2411363364000001
2022-11-07,13533.51953125,3806.800048828125,97.91999816894531,1676.5,1.0071699619293213,56990600.0,4341620000.0,0.13858765567386858,1.8252273,2.0663636364,116.1294,114.5428,96.35954,3.1,0.2411363364000001
2022-11-08,13688.75,3828.110107421875,95.36000061035156,1712.0999755859375,0.9981399774551392,60728100.0,4607640000.0,0.13937508207960145,1.8252273,2.0663636364,116.1294,114.5428,96.35954,3.1,0.2411363364000001
2022-11-09,13666.3203125,3748.570068359375,92.6500015258789,1710.0999755859375,0.9919800162315369,64013300.0,4645010000.0,0.13737406709941558,1.8252273,2.0663636364,116.1294,114.5428,96.35954,3.1,0.2411363364000001
2022-11-10,14146.08984375,3956.3701171875,93.66999816894531,1750.300048828125,0.9980499744415283,114862700.0,5781260000.0,0.16734524506927398,1.8252273,2.0663636364,116.1294,114.5428,96.35954,3.1,0.2411363364000001
2022-11-11,14224.8603515625,3992.929931640625,95.98999786376953,1766.0,0.9811400175094604,103682300.0,5593310000.0,0.16496525595234793,1.8252273,2.0663636364,116.1294,114.5428,96.35954,3.1,0.2411363364000001
2022-11-14,14313.2998046875,3957.25,93.13999938964844,1773.5999755859375,0.9681900143623352,72405100.0,4561930000.0,0.16497647484349917,1.8252273,2.0663636364,116.1294,114.5428,96.35954,3.1,0.2411363364000001
2022-11-15,14378.509765625,3991.72998046875,93.86000061035156,1773.800048828125,0.9690600037574768,77960600.0,5015310000.0,0.16084019258187324,1.8252273,2.0663636364,116.1294,114.5428,96.35954,3.1,0.2411363364000001
2022-11-16,14234.0302734375,3958.7900390625,92.86000061035156,1773.0,0.9654499888420105,76202800.0,4165320000.0,0.16983489928322798,1.8252273,2.0663636364,116.1294,114.5428,96.35954,3.1,0.2411363364000001
2022-11-17,14266.3798828125,3946.56005859375,89.77999877929688,1760.800048828125,0.9620000123977661,58048700.0,4051780000.0,0.16823068976161068,1.8252273,2.0663636364,116.1294,114.5428,96.35954,3.1,0.2411363364000001
2022-11-18,14431.8603515625,3965.340087890625,87.62000274658203,1751.9000244140625,0.9650899767875671,93252600.0,4037360000.0,0.16904615152635313,1.8252273,2.0663636364,116.1294,114.5428,96.35954,3.1,0.2411363364000001
2022-11-21,14379.9296875,3949.93994140625,87.44999694824219,1737.4000244140625,0.9679700136184692,48082900.0,3850690000.0,0.16954741384323152,1.8252273,2.0663636364,116.1294,114.5428,96.35954,3.1,0.2411363364000001
2022-11-22,14422.349609375,4003.580078125,88.36000061035156,1738.300048828125,0.9760199785232544,50364700.0,3887990000.0,0.16590632975192118,1.8252273,2.0663636364,116.1294,114.5428,96.35954,3.1,0.2411363364000001
2022-11-23,14427.58984375,4027.260009765625,85.41000366210938,1744.9000244140625,0.9698299765586853,51115900.0,3279720000.0,0.16602012755292003,1.8252273,2.0663636364,116.1294,114.5428,96.35954,3.1,0.2411363364000001
2022-11-24,14539.5595703125,4027.260009765625,85.41000366210938,1744.9000244140625,0.9600399732589722,50503400.0,3279720000.0,0.16490578109738008,1.8252273,2.0663636364,116.1294,114.5428,96.35954,3.1,0.2411363364000001
2022-11-25,14541.3798828125,4026.1201171875,83.62999725341797,1753.300048828125,0.9607899785041809,46218800.0,1706460000.0,0.16522496532016404,1.8252273,2.0663636364,116.1294,114.5428,96.35954,3.1,0.2411363364000001
2022-11-28,14383.3603515625,3963.93994140625,83.19000244140625,1740.0999755859375,0.9645500183105469,53336900.0,3615430000.0,0.17366051858739412,1.8252273,2.0663636364,116.1294,114.5428,96.35954,3.1,0.2411363364000001
2022-11-29,14355.4501953125,3957.6298828125,83.02999877929688,1748.4000244140625,0.9666000008583069,51089400.0,3546040000.0,0.17455014570860236,1.8252273,2.0663636364,116.1294,114.5428,96.35954,3.1,0.2411363364000001
2022-11-30,14397.0400390625,4080.110107421875,85.43000030517578,1746.0,0.9685699939727783,97644000.0,6579360000.0,0.17432856703029156,1.8252273,2.0663636364,116.1294,114.5428,96.35954,3.1,0.2411363364000001
2022-12-01,14490.2998046875,4076.570068359375,86.87999725341797,1801.0999755859375,0.9592000246047974,61595900.0,4527130000.0,0.17079363012304663,2.0634762,2.0852380952,116.1294,115.093,94.23325,3.1,0.021761895199999604
2022-12-02,14529.3896484375,4071.699951171875,85.56999969482422,1795.9000244140625,0.9498100280761719,55190800.0,4012620000.0,0.16339276912905454,2.0634762,2.0852380952,116.1294,115.093,94.23325,3.1,0.021761895199999604
2022-12-05,14447.6103515625,3998.840087890625,82.68000030517578,1767.4000244140625,0.948390007019043,50074900.0,4280820000.0,0.1495637591482021,2.0634762,2.0852380952,116.1294,115.093,94.23325,3.1,0.021761895199999604
2022-12-06,14343.1904296875,3941.260009765625,79.3499984741211,1769.300048828125,0.9526600241661072,50930900.0,4368380000.0,0.153778286586072,2.0634762,2.0852380952,116.1294,115.093,94.23325,3.1,0.021761895199999604
2022-12-07,14261.1904296875,3933.919921875,77.16999816894531,1785.5,0.9552000164985657,52784800.0,4118050000.0,0.15311377006009944,2.0634762,2.0852380952,116.1294,115.093,94.23325,3.1,0.021761895199999604
2022-12-08,14264.5595703125,3963.510009765625,76.1500015258789,1788.699951171875,0.9511799812316895,47362200.0,4006900000.0,0.15269010861669002,2.0634762,2.0852380952,116.1294,115.093,94.23325,3.1,0.021761895199999604
2022-12-09,14370.7197265625,3934.3798828125,76.0999984741211,1798.0999755859375,0.9470000267028809,52573000.0,3888260000.0,0.09735699603252367,2.0634762,2.0852380952,116.1294,115.093,94.23325,3.1,0.021761895199999604
2022-12-12,14306.6298828125,3990.56005859375,77.98999786376953,1780.5,0.9503700137138367,46459100.0,3904130000.0,0.09732500046938063,2.0634762,2.0852380952,116.1294,115.093,94.23325,3.1,0.021761895199999604
2022-12-13,14497.8896484375,4019.64990234375,80.68000030517578,1813.9000244140625,0.9486100077629089,68062200.0,5079360000.0,0.10561190531017825,2.0634762,2.0852380952,116.1294,115.093,94.23325,3.1,0.021761895199999604
2022-12-14,14460.2001953125,3995.320068359375,82.69999694824219,1807.5,0.9410300254821777,59754000.0,4472340000.0,0.10516956669331645,2.0634762,2.0852380952,116.1294,115.093,94.23325,3.1,0.021761895199999604
2022-12-15,13986.23046875,3895.75,81.20999908447266,1777.199951171875,0.9366499781608582,87474200.0,4493900000.0,0.15225633148334253,2.0634762,2.0852380952,116.1294,115.093,94.23325,3.1,0.021761895199999604
2022-12-16,13893.0703125,3852.360107421875,79.04000091552734,1790.0,0.9398000240325928,168807500.0,7493660000.0,0.1531333613463298,2.0634762,2.0852380952,116.1294,115.093,94.23325,3.1,0.021761895199999604
2022-12-19,13942.8701171875,3817.659912109375,79.80000305175781,1787.699951171875,0.9447299838066101,48853600.0,3969610000.0,0.1470785596300255,2.0634762,2.0852380952,116.1294,115.093,94.23325,3.1,0.021761895199999604
2022-12-20,13884.66015625,3821.6201171875,79.98999786376953,1815.9000244140625,0.9420999884605408,56020300.0,3985370000.0,0.1471908439827091,2.0634762,2.0852380952,116.1294,115.093,94.23325,3.1,0.021761895199999604
2022-12-21,14097.8203125,3878.43994140625,82.19999694824219,1815.9000244140625,0.9409999847412109,44585400.0,3775200000.0,0.1579276551859012,2.0634762,2.0852380952,116.1294,115.093,94.23325,3.1,0.021761895199999604
2022-12-22,13914.0703125,3822.389892578125,80.9800033569336,1787.0,0.9424999952316284,42893400.0,3956950000.0,0.16316461573785304,2.0634762,2.0852380952,116.1294,115.093,94.23325,3.1,0.021761895199999604
2022-12-23,13940.9296875,3844.820068359375,83.91999816894531,1795.9000244140625,0.9430999755859375,28738700.0,2819280000.0,0.16013887049974293,2.0634762,2.0852380952,116.1294,115.093,94.23325,3.1,0.021761895199999604
2022-12-26,13940.9296875,3844.820068359375,83.91999816894531,1795.9000244140625,0.9373999834060669,28738700.0,2819280000.0,0.16013887049974293,2.0634762,2.0852380952,116.1294,115.093,94.23325,3.1,0.021761895199999604
2022-12-27,13995.099609375,3829.25,84.33000183105469,1814.800048828125,0.9398300051689148,22975000.0,3030300000.0,0.16013887049974293,2.0634762,2.0852380952,116.1294,115.093,94.23325,3.1,0.021761895199999604
2022-12-28,13925.599609375,3783.219970703125,83.26000213623047,1807.9000244140625,0.9401000142097473,27583800.0,3083520000.0,0.16013887049974293,2.0634762,2.0852380952,116.1294,115.093,94.23325,3.1,0.021761895199999604
2022-12-29,14071.7197265625,3849.280029296875,82.26000213623047,1819.5,0.9408000111579895,30727400.0,3003680000.0,0.16013887049974293,2.0634762,2.0852380952,116.1294,115.093,94.23325,3.1,0.021761895199999604
2022-12-30,13923.58984375,3839.5,85.91000366210938,1819.699951171875,0.9380199909210205,24346600.0,2979870000.0,0.16013887049974293,2.0634762,2.0852380952,116.1294,115.093,94.23325,3.1,0.021761895199999604
2023-01-02,14069.259765625,3839.5,85.91000366210938,1819.699951171875,0.9337300062179565,34978500.0,2979870000.0,0.16013887049974293,2.3448636,2.1927272727,123.0349,115.3309,96.06959,3.1,-0.15213632730000004
2023-01-03,14181.669921875,3824.139892578125,82.0999984741211,1839.699951171875,0.9365299940109253,57907500.0,3959140000.0,0.16013887049974293,2.3448636,2.1927272727,123.0349,115.3309,96.06959,3.1,-0.15213632730000004
2023-01-04,14490.7802734375,3852.969970703125,77.83999633789062,1852.800048828125,0.9481499791145325,76221600.0,4414080000.0,0.16013887049974293,2.3448636,2.1927272727,123.0349,115.3309,96.06959,3.1,-0.15213632730000004
2023-01-05,14436.3095703125,3808.10009765625,78.69000244140625,1834.800048828125,0.9428300261497498,60947500.0,3893450000.0,0.16013887049974293,2.3448636,2.1927272727,123.0349,115.3309,96.06959,3.1,-0.15213632730000004
2023-01-06,14610.01953125,3895.080078125,78.56999969482422,1864.199951171875,0.9503700137138367,55433700.0,3923560000.0,0.16013887049974293,2.3448636,2.1927272727,123.0349,115.3309,96.06959,3.1,-0.15213632730000004
2023-01-09,14792.830078125,3892.090087890625,79.6500015258789,1872.699951171875,0.9384099841117859,64976500.0,4311770000.0,0.16013887049974293,2.3448636,2.1927272727,123.0349,115.3309,96.06959,3.1,-0.15213632730000004
2023-01-10,14774.599609375,3919.25,80.0999984741211,1871.5999755859375,0.931689977645874,57438600.0,3851030000.0,0.16013887049974293,2.3448636,2.1927272727,123.0349,115.3309,96.06959,3.1,-0.15213632730000004
2023-01-11,14947.91015625,3969.610107421875,82.66999816894531,1874.5999755859375,0.931190013885498,66367800.0,4303360000.0,0.16013887049974293,2.3448636,2.1927272727,123.0349,115.3309,96.06959,3.1,-0.15213632730000004
2023-01-12,15058.2998046875,3983.169921875,84.02999877929688,1895.5,0.928849995136261,65971500.0,4440260000.0,0.16013887049974293,2.3448636,2.1927272727,123.0349,115.3309,96.06959,3.1,-0.15213632730000004
2023-01-13,15086.51953125,3999.090087890625,85.27999877929688,1918.4000244140625,0.9207900166511536,66451100.0,3939700000.0,0.16013887049974293,2.3448636,2.1927272727,123.0349,115.3309,96.06959,3.1,-0.15213632730000004
2023-01-16,15134.0400390625,3999.090087890625,85.27999877929688,1918.4000244140625,0.9238200187683105,42102700.0,3939700000.0,0.16013887049974293,2.3448636,2.1927272727,123.0349,115.3309,96.06959,3.1,-0.15213632730000004
2023-01-17,15187.0703125,3990.969970703125,85.91999816894531,1907.199951171875,0.9233499765396118,57914400.0,4235560000.0,0.16013887049974293,2.3448636,2.1927272727,123.0349,115.3309,96.06959,3.1,-0.15213632730000004
2023-01-18,15181.7998046875,3928.860107421875,84.9800033569336,1904.4000244140625,0.9265000224113464,58258000.0,4298710000.0,0.16013887049974293,2.3448636,2.1927272727,123.0349,115.3309,96.06959,3.1,-0.15213632730000004
2023-01-19,14920.3603515625,3898.85009765625,86.16000366210938,1922.0999755859375,0.926110029220581,64167400.0,3991500000.0,0.16013887049974293,2.3448636,2.1927272727,123.0349,115.3309,96.06959,3.1,-0.15213632730000004
2023-01-20,15033.5595703125,3972.610107421875,87.62999725341797,1926.4000244140625,0.9230300188064575,64031100.0,4013360000.0,0.16013887049974293,2.3448636,2.1927272727,123.0349,115.3309,96.06959,3.1,-0.15213632730000004
2023-01-23,15102.9501953125,4019.81005859375,88.19000244140625,1927.0999755859375,0.9203799962997437,39903900.0,3945210000.0,0.16013887049974293,2.3448636,2.1927272727,123.0349,115.3309,96.06959,3.1,-0.15213632730000004
2023-01-24,15093.1103515625,4016.949951171875,86.12999725341797,1933.9000244140625,0.9196000099182129,48335400.0,3320430000.0,0.16013887049974293,2.3448636,2.1927272727,123.0349,115.3309,96.06959,3.1,-0.15213632730000004
2023-01-25,15081.6396484375,4016.219970703125,86.12000274658203,1941.199951171875,0.918429970741272,53589900.0,3724020000.0,0.1389670856949163,2.3448636,2.1927272727,123.0349,115.3309,96.06959,3.1,-0.15213632730000004
2023-01-26,15132.849609375,4060.429931640625,87.47000122070312,1929.0999755859375,0.9155799746513367,62001200.0,3809590000.0,0.135444402543648,2.3448636,2.1927272727,123.0349,115.3309,96.06959,3.1,-0.15213632730000004
2023-01-27,15150.0302734375,4070.56005859375,86.66000366210938,1928.5999755859375,0.917900025844574,55135800.0,3907760000.0,0.1336607793618772,2.3448636,2.1927272727,123.0349,115.3309,96.06959,3.1,-0.15213632730000004
2023-01-30,15126.080078125,4017.77001953125,84.9000015258789,1922.9000244140625,0.9198399782180786,54664400.0,3802000000.0,0.12510318448132468,2.3448636,2.1927272727,123.0349,115.3309,96.06959,3.1,-0.15213632730000004
2023-01-31,15128.26953125,4076.60009765625,84.48999786376953,1929.5,0.9215999841690063,57047200.0,4679320000.0,0.12346390956899418,2.3448636,2.1927272727,123.0349,115.3309,96.06959,3.1,-0.15213632730000004
2023-02-01,15180.740234375,4119.2099609375,82.83999633789062,1927.800048828125,0.9207299947738647,57095200.0,4856930000.0,0.12237653816335764,2.64035,2.3705,123.0349,116.0786,97.90593,3.0,-0.26985000000000037
2023-02-02,15509.1904296875,4179.759765625,82.16999816894531,1916.300048828125,0.9080299735069275,122979300.0,5624360000.0,0.12207137159991956,2.64035,2.3705,123.0349,116.0786,97.90593,3.0,-0.26985000000000037
2023-02-03,15476.4296875,4136.47998046875,79.94000244140625,1862.9000244140625,0.9169999957084656,76253700.0,4694510000.0,0.12100572156274837,2.64035,2.3705,123.0349,116.0786,97.90593,3.0,-0.26985000000000037
2023-02-06,15345.91015625,4111.080078125,80.98999786376953,1866.199951171875,0.9267100095748901,54430400.0,4114240000.0,0.12324195325691512,2.64035,2.3705,123.0349,116.0786,97.90593,3.0,-0.26985000000000037
2023-02-07,15320.8798828125,4164.0,83.69000244140625,1871.699951171875,0.9319000244140625,56184100.0,4355860000.0,0.11821404584654441,2.64035,2.3705,123.0349,116.0786,97.90593,3.0,-0.26985000000000037
2023-02-08,15412.0498046875,4117.85986328125,85.08999633789062,1877.4000244140625,0.9319900274276733,61344800.0,4029820000.0,0.11858875878721303,2.64035,2.3705,123.0349,116.0786,97.90593,3.0,-0.26985000000000037
2023-02-09,15523.419921875,4081.5,84.5,1866.199951171875,0.9332000017166138,66247500.0,4270200000.0,0.11492105303932017,2.64035,2.3705,123.0349,116.0786,97.90593,3.0,-0.26985000000000037
2023-02-10,15307.98046875,4090.4599609375,86.38999938964844,1862.800048828125,0.930899977684021,65755600.0,3891520000.0,0.12511368030616904,2.64035,2.3705,123.0349,116.0786,97.90593,3.0,-0.26985000000000037
2023-02-13,15397.33984375,4137.2900390625,86.61000061035156,1851.9000244140625,0.9365299940109253,38580400.0,3448620000.0,0.12628504870957544,2.64035,2.3705,123.0349,116.0786,97.90593,3.0,-0.26985000000000037
2023-02-14,15380.5595703125,4136.1298828125,85.58000183105469,1854.0,0.9319300055503845,56427200.0,3929200000.0,0.12623035179383799,2.64035,2.3705,123.0349,116.0786,97.90593,3.0,-0.26985000000000037
2023-02-15,15506.33984375,4147.60009765625,85.37999725341797,1834.199951171875,0.9314699769020081,49065600.0,4075980000.0,0.1285097076492667,2.64035,2.3705,123.0349,116.0786,97.90593,3.0,-0.26985000000000037
2023-02-16,15533.6396484375,4090.409912109375,85.13999938964844,1842.0,0.9352999925613403,66113500.0,4143660000.0,0.12843409737258177,2.64035,2.3705,123.0349,116.0786,97.90593,3.0,-0.26985000000000037
2023-02-17,15482.0,4079.090087890625,83.0,1840.4000244140625,0.9375799894332886,70462400.0,4045480000.0,0.1113060181734089,2.64035,2.3705,123.0349,116.0786,97.90593,3.0,-0.26985000000000037
2023-02-20,15477.5498046875,4079.090087890625,83.0,1840.4000244140625,0.9359400272369385,33610800.0,4045480000.0,0.10946092567838114,2.64035,2.3705,123.0349,116.0786,97.90593,3.0,-0.26985000000000037
2023-02-21,15397.6201171875,3997.340087890625,83.05000305175781,1833.0,0.9361000061035156,47050500.0,4121590000.0,0.11108227842798765,2.64035,2.3705,123.0349,116.0786,97.90593,3.0,-0.26985000000000037
2023-02-22,15399.8896484375,3991.050048828125,80.5999984741211,1832.0,0.9387900233268738,54879700.0,4079320000.0,0.11097213323598379,2.64035,2.3705,123.0349,116.0786,97.90593,3.0,-0.26985000000000037
2023-02-23,15475.6904296875,4012.320068359375,82.20999908447266,1818.0,0.9428799748420715,51347600.0,3952940000.0,0.11159232388520605,2.64035,2.3705,123.0349,116.0786,97.90593,3.0,-0.26985000000000037
2023-02-24,15209.740234375,3970.0400390625,83.16000366210938,1808.800048828125,0.9435700178146362,141484400.0,3877700000.0,0.12815641594212704,2.64035,2.3705,123.0349,116.0786,97.90593,3.0,-0.26985000000000037
2023-02-27,15381.4296875,3982.239990234375,82.44999694824219,1817.0,0.9474400281906128,58764200.0,3836950000.0,0.13372287320612983,2.64035,2.3705,123.0349,116.0786,97.90593,3.0,-0.26985000000000037
2023-02-28,15365.1396484375,3970.14990234375,83.88999938964844,1828.9000244140625,0.9423999786376953,93757000.0,5043400000.0,0.13362016367964805,2.64035,2.3705,123.0349,116.0786,97.90593,3.0,-0.26985000000000037
2023-03-01,15305.01953125,3951.389892578125,84.30999755859375,1837.699951171875,0.9454200267791748,72243100.0,4249480000.0,0.13459915535224898,2.9105652,2.3834782609,123.0349,116.9915,95.68299,3.0,-0.5270869391000002
2023-03-02,15327.6396484375,3981.35009765625,84.75,1833.5,0.9373000264167786,62593100.0,4244900000.0,0.13423848464935023,2.9105652,2.3834782609,123.0349,116.9915,95.68299,3.0,-0.5270869391000002
2023-03-03,15578.3896484375,4045.639892578125,85.83000183105469,1847.699951171875,0.9434199929237366,67122500.0,4084730000.0,0.12467009345946052,2.9105652,2.3834782609,123.0349,116.9915,95.68299,3.0,-0.5270869391000002
2023-03-06,15653.580078125,4048.419921875,86.18000030517578,1847.9000244140625,0.941070020198822,69392600.0,4000870000.0,0.1253348950272386,2.9105652,2.3834782609,123.0349,116.9915,95.68299,3.0,-0.5270869391000002
2023-03-07,15559.5302734375,3986.3701171875,83.29000091552734,1813.9000244140625,0.9355999827384949,68603300.0,3922500000.0,0.12340603645490104,2.9105652,2.3834782609,123.0349,116.9915,95.68299,3.0,-0.5270869391000002
2023-03-08,15631.8701171875,3992.010009765625,82.66000366210938,1812.699951171875,0.9477999806404114,64604200.0,3535570000.0,0.12383633332473822,2.9105652,2.3834782609,123.0349,116.9915,95.68299,3.0,-0.5270869391000002
2023-03-09,15633.2099609375,3918.320068359375,81.58999633789062,1829.300048828125,0.9479100108146667,59687500.0,4445260000.0,0.12253367542193253,2.9105652,2.3834782609,123.0349,116.9915,95.68299,3.0,-0.5270869391000002
2023-03-10,15427.9697265625,3861.590087890625,82.77999877929688,1862.0,0.9447600245475769,114116400.0,5518190000.0,0.12900531851700137,2.9105652,2.3834782609,123.0349,116.9915,95.68299,3.0,-0.5270869391000002
2023-03-13,14959.4697265625,3855.760009765625,80.7699966430664,1911.699951171875,0.9360100030899048,157697900.0,6558020000.0,0.15988289653679555,2.9105652,2.3834782609,123.0349,116.9915,95.68299,3.0,-0.5270869391000002
2023-03-14,15232.830078125,3919.2900390625,77.44999694824219,1906.199951171875,0.9323999881744385,101464500.0,5665870000.0,0.17197665494321235,2.9105652,2.3834782609,123.0349,116.9915,95.68299,3.0,-0.5270869391000002
2023-03-15,14735.259765625,3891.929931640625,73.69000244140625,1926.5999755859375,0.9321699738502502,157452200.0,6594010000.0,0.20504724021704424,2.9105652,2.3834782609,123.0349,116.9915,95.68299,3.0,-0.5270869391000002
2023-03-16,14967.099609375,3960.280029296875,74.69999694824219,1919.0,0.9448800086975098,141054600.0,5695790000.0,0.21132798855268228,2.9105652,2.3834782609,123.0349,116.9915,95.68299,3.0,-0.5270869391000002
2023-03-17,14768.2001953125,3916.639892578125,72.97000122070312,1969.800048828125,0.9421399831771851,217024000.0,9354280000.0,0.21471691111738644,2.9105652,2.3834782609,123.0349,116.9915,95.68299,3.0,-0.5270869391000002
2023-03-20,14933.3798828125,3951.570068359375,73.79000091552734,1979.199951171875,0.9364299774169922,125262600.0,5347140000.0,0.21968316279214076,2.9105652,2.3834782609,123.0349,116.9915,95.68299,3.0,-0.5270869391000002
2023-03-21,15195.33984375,4002.8701171875,75.31999969482422,1938.0,0.9329100251197815,94322300.0,4920240000.0,0.22951278244136872,2.9105652,2.3834782609,123.0349,116.9915,95.68299,3.0,-0.5270869391000002
2023-03-22,15216.1904296875,3936.969970703125,76.69000244140625,1946.800048828125,0.9281399846076965,82685900.0,4533010000.0,0.2290544253462405,2.9105652,2.3834782609,123.0349,116.9915,95.68299,3.0,-0.5270869391000002
2023-03-23,15210.3896484375,3948.719970703125,75.91000366210938,1993.800048828125,0.9199299812316895,82739800.0,4991600000.0,0.22904395604259908,2.9105652,2.3834782609,123.0349,116.9915,95.68299,3.0,-0.5270869391000002
2023-03-24,14957.23046875,3970.989990234375,74.98999786376953,1982.0999755859375,0.9229300022125244,181078000.0,4583970000.0,0.23473641886267557,2.9105652,2.3834782609,123.0349,116.9915,95.68299,3.0,-0.5270869391000002
2023-03-27,15127.6796875,3977.530029296875,78.12000274658203,1952.4000244140625,0.9277999997138977,90911900.0,4233540000.0,0.2315566364228801,2.9105652,2.3834782609,123.0349,116.9915,95.68299,3.0,-0.5270869391000002
2023-03-28,15142.01953125,3971.27001953125,78.6500015258789,1972.4000244140625,0.925320029258728,73013800.0,4014600000.0,0.2278587621593563,2.9105652,2.3834782609,123.0349,116.9915,95.68299,3.0,-0.5270869391000002
2023-03-29,15328.7802734375,4027.81005859375,78.27999877929688,1966.0999755859375,0.9225500226020813,81824600.0,4145250000.0,0.2322354601206459,2.9105652,2.3834782609,123.0349,116.9915,95.68299,3.0,-0.5270869391000002
2023-03-30,15522.400390625,4050.830078125,79.2699966430664,1980.300048828125,0.9222000241279602,77412500.0,3930860000.0,0.2357767640282975,2.9105652,2.3834782609,123.0349,116.9915,95.68299,3.0,-0.5270869391000002
2023-03-31,15628.83984375,4109.31005859375,79.7699966430664,1969.0,0.9170399904251099,86968700.0,4525120000.0,0.23671256112936614,2.9105652,2.3834782609,123.0349,116.9915,95.68299,3.0,-0.5270869391000002
2023-04-03,15580.919921875,4124.509765625,84.93000030517578,1983.9000244140625,0.9256399869918823,70893100.0,4234700000.0,0.23034508475670318,3.1794444,2.3594444444,123.0349,117.6424,95.39304,3.0,-0.8199999556000002
2023-04-04,15603.4697265625,4100.60009765625,84.94000244140625,2022.199951171875,0.9164000153541565,64484200.0,4227800000.0,0.2297697463276118,3.1794444,2.3594444444,123.0349,117.6424,95.39304,3.0,-0.8199999556000002
2023-04-05,15520.169921875,4090.3798828125,84.98999786376953,2020.9000244140625,0.9124000072479248,78217100.0,3968020000.0,0.2295626422865206,3.1794444,2.3594444444,123.0349,117.6424,95.39304,3.0,-0.8199999556000002
2023-04-06,15597.8896484375,4105.02001953125,85.12000274658203,2011.9000244140625,0.9171500205993652,62790900.0,3486690000.0,0.22965784267955863,3.1794444,2.3594444444,123.0349,117.6424,95.39304,3.0,-0.8199999556000002
2023-04-07,15597.8896484375,4105.02001953125,85.12000274658203,2011.9000244140625,0.9157400131225586,62790900.0,3486690000.0,0.22965784267955863,3.1794444,2.3594444444,123.0349,117.6424,95.39304,3.0,-0.8199999556000002
2023-04-10,15597.8896484375,4109.10986328125,84.18000030517578,1989.0999755859375,0.9162899851799011,62790900.0,3423650000.0,0.22965784267955863,3.1794444,2.3594444444,123.0349,117.6424,95.39304,3.0,-0.8199999556000002
2023-04-11,15655.169921875,4108.93994140625,85.61000061035156,2004.800048828125,0.9200199842453003,63070200.0,3665830000.0,0.22965784267955863,3.1794444,2.3594444444,123.0349,117.6424,95.39304,3.0,-0.8199999556000002
2023-04-12,15703.599609375,4091.949951171875,87.33000183105469,2010.9000244140625,0.9159600138664246,65206700.0,3633120000.0,0.22965784267955863,3.1794444,2.3594444444,123.0349,117.6424,95.39304,3.0,-0.8199999556000002
2023-04-13,15729.4599609375,4146.22021484375,86.08999633789062,2041.300048828125,0.9090999960899353,53361500.0,3596590000.0,0.22965784267955863,3.1794444,2.3594444444,123.0349,117.6424,95.39304,3.0,-0.8199999556000002
2023-04-14,15807.5,4137.64013671875,86.30999755859375,2002.199951171875,0.9046000242233276,78563300.0,3575690000.0,0.22965784267955863,3.1794444,2.3594444444,123.0349,117.6424,95.39304,3.0,-0.8199999556000002
2023-04-17,15789.5302734375,4151.31982421875,84.76000213623047,1994.199951171875,0.9101999998092651,60200000.0,3611180000.0,0.22965784267955863,3.1794444,2.3594444444,123.0349,117.6424,95.39304,3.0,-0.8199999556000002
2023-04-18,15882.669921875,4154.8701171875,84.7699966430664,2007.4000244140625,0.9153000116348267,63384400.0,3536640000.0,0.22965784267955863,3.1794444,2.3594444444,123.0349,117.6424,95.39304,3.0,-0.8199999556000002
2023-04-19,15895.2001953125,4154.52001953125,83.12000274658203,1995.199951171875,0.9111300110816956,55122300.0,3572560000.0,0.22965784267955863,3.1794444,2.3594444444,123.0349,117.6424,95.39304,3.0,-0.8199999556000002
2023-04-20,15795.9697265625,4129.7900390625,81.0999984741211,2007.5999755859375,0.9130600094795227,74754500.0,3772080000.0,0.22965784267955863,3.1794444,2.3594444444,123.0349,117.6424,95.39304,3.0,-0.8199999556000002
2023-04-21,15881.66015625,4133.52001953125,81.66000366210938,1979.5,0.9114999771118164,77403200.0,3611750000.0,0.22965784267955863,3.1794444,2.3594444444,123.0349,117.6424,95.39304,3.0,-0.8199999556000002
2023-04-24,15863.9501953125,4137.0400390625,82.7300033569336,1989.0999755859375,0.9097300171852112,50552200.0,3290940000.0,0.22965784267955863,3.1794444,2.3594444444,123.0349,117.6424,95.39304,3.0,-0.8199999556000002
2023-04-25,15872.1298828125,4071.6298828125,80.7699966430664,1994.0,0.90420001745224,66489300.0,3978640000.0,0.22965784267955863,3.1794444,2.3594444444,123.0349,117.6424,95.39304,3.0,-0.8199999556000002
2023-04-26,15795.73046875,4055.989990234375,77.69000244140625,1985.699951171875,0.9108800292015076,74374600.0,3837030000.0,0.22965784267955863,3.1794444,2.3594444444,123.0349,117.6424,95.39304,3.0,-0.8199999556000002
2023-04-27,15800.4501953125,4135.35009765625,78.37000274658203,1989.9000244140625,0.9052000045776367,79622200.0,3750550000.0,0.22965784267955863,3.1794444,2.3594444444,123.0349,117.6424,95.39304,3.0,-0.8199999556000002
2023-04-28,15922.3798828125,4169.47998046875,79.54000091552734,1990.0999755859375,0.9064499735832214,91511200.0,4087800000.0,0.22965784267955863,3.1794444,2.3594444444,123.0349,117.6424,95.39304,3.0,-0.8199999556000002
2023-05-01,15922.3798828125,4167.8701171875,79.30999755859375,1983.4000244140625,0.9081900119781494,91511200.0,3321370000.0,0.22965784267955863,3.3717273,2.3422727273,123.0349,117.7147,95.29639,3.0,-1.0294545726999997
2023-05-02,15726.9404296875,4119.580078125,75.31999969482422,2014.300048828125,0.9116399884223938,80224800.0,4486130000.0,0.22965784267955863,3.3717273,2.3422727273,123.0349,117.7147,95.29639,3.0,-1.0294545726999997
2023-05-03,15815.0595703125,4090.75,72.33000183105469,2028.5999755859375,0.9081900119781494,61988400.0,4246510000.0,0.22965784267955863,3.3717273,2.3422727273,123.0349,117.7147,95.29639,3.0,-1.0294545726999997
2023-05-04,15734.240234375,4061.219970703125,72.5,2048.0,0.9034299850463867,81687600.0,4920090000.0,0.22965784267955863,3.3717273,2.3422727273,123.0349,117.7147,95.29639,3.0,-1.0294545726999997
2023-05-05,15961.01953125,4136.25,75.30000305175781,2017.4000244140625,0.9071999788284302,69955200.0,4186270000.0,0.22965784267955863,3.3717273,2.3422727273,123.0349,117.7147,95.29639,3.0,-1.0294545726999997
2023-05-08,15952.830078125,4138.1201171875,77.01000213623047,2026.300048828125,0.9075499773025513,40927300.0,3641640000.0,0.22965784267955863,3.3717273,2.3422727273,123.0349,117.7147,95.29639,3.0,-1.0294545726999997
2023-05-09,15955.48046875,4119.169921875,77.44000244140625,2036.199951171875,0.9094099998474121,60426400.0,3810140000.0,0.22965784267955863,3.3717273,2.3422727273,123.0349,117.7147,95.29639,3.0,-1.0294545726999997
2023-05-10,15896.23046875,4137.64013671875,76.41000366210938,2030.5,0.9120200276374817,67473800.0,4057160000.0,0.22965784267955863,3.3717273,2.3422727273,123.0349,117.7147,95.29639,3.0,-1.0294545726999997
2023-05-11,15834.91015625,4130.6201171875,74.9800033569336,2014.699951171875,0.9104099869728088,67890500.0,3752900000.0,0.22965784267955863,3.3717273,2.3422727273,123.0349,117.7147,95.29639,3.0,-1.0294545726999997
2023-05-12,15913.8203125,4124.080078125,74.16999816894531,2014.5,0.9164100289344788,62915400.0,3533740000.0,0.22965784267955863,3.3717273,2.3422727273,123.0349,117.7147,95.29639,3.0,-1.0294545726999997
2023-05-15,15917.240234375,4136.27978515625,75.2300033569336,2018.0,0.9214299917221069,53099400.0,3562170000.0,0.22965784267955863,3.3717273,2.3422727273,123.0349,117.7147,95.29639,3.0,-1.0294545726999997
2023-05-16,15897.9296875,4109.89990234375,74.91000366210938,1988.4000244140625,0.9196500182151794,63874300.0,3654200000.0,0.22965784267955863,3.3717273,2.3422727273,123.0349,117.7147,95.29639,3.0,-1.0294545726999997
2023-05-17,15951.2998046875,4158.77001953125,76.95999908447266,1980.699951171875,0.9203299880027771,89827900.0,4039080000.0,0.22965784267955863,3.3717273,2.3422727273,123.0349,117.7147,95.29639,3.0,-1.0294545726999997
2023-05-18,16163.3603515625,4198.0498046875,75.86000061035156,1956.5,0.9226499795913696,73640100.0,3980500000.0,0.22965784267955863,3.3717273,2.3422727273,123.0349,117.7147,95.29639,3.0,-1.0294545726999997
2023-05-19,16275.3798828125,4191.97998046875,75.58000183105469,1978.699951171875,0.9280400276184082,90102600.0,4041900000.0,0.22965784267955863,3.3717273,2.3422727273,123.0349,117.7147,95.29639,3.0,-1.0294545726999997
2023-05-22,16223.990234375,4192.6298828125,75.98999786376953,1974.800048828125,0.9239799976348877,54200300.0,3728520000.0,0.22965784267955863,3.3717273,2.3422727273,123.0349,117.7147,95.29639,3.0,-1.0294545726999997
2023-05-23,16152.8603515625,4145.580078125,76.83999633789062,1972.4000244140625,0.9249799847602844,56755000.0,4155320000.0,0.22965784267955863,3.3717273,2.3422727273,123.0349,117.7147,95.29639,3.0,-1.0294545726999997
2023-05-24,15842.1298828125,4115.240234375,78.36000061035156,1962.800048828125,0.9285299777984619,65922900.0,0.0,0.22965784267955863,3.3717273,2.3422727273,123.0349,117.7147,95.29639,3.0,-1.0294545726999997
2023-05-25,15793.7998046875,4151.27978515625,76.26000213623047,1943.0999755859375,0.9296000003814697,66145400.0,4147760000.0,0.22965784267955863,3.3717273,2.3422727273,123.0349,117.7147,95.29639,3.0,-1.0294545726999997
2023-05-26,15983.9697265625,4205.4501953125,76.94999694824219,1944.0999755859375,0.932449996471405,57308100.0,3715460000.0,0.22965784267955863,3.3717273,2.3422727273,123.0349,117.7147,95.29639,3.0,-1.0294545726999997
2023-05-29,15952.73046875,4205.4501953125,76.94999694824219,1944.0999755859375,0.9325699806213379,24247000.0,3715460000.0,0.22965784267955863,3.3717273,2.3422727273,123.0349,117.7147,95.29639,3.0,-1.0294545726999997
2023-05-30,15908.91015625,4205.52001953125,73.54000091552734,1958.0,0.9339100122451782,54563500.0,4228510000.0,0.22965784267955863,3.3717273,2.3422727273,123.0349,117.7147,95.29639,3.0,-1.0294545726999997
2023-05-31,15664.01953125,4179.830078125,72.66000366210938,1963.9000244140625,0.9316999912261963,172555100.0,5980670000.0,0.13080465335619643,3.3717273,2.3422727273,123.0349,117.7147,95.29639,3.0,-1.0294545726999997
2023-06-01,15853.66015625,4221.02001953125,74.27999877929688,1978.0,0.9350000023841858,55198400.0,4391860000.0,0.13624138658528612,3.5358636,2.3763636364,123.0349,118.1327,93.9433,3.0,-1.1594999636
2023-06-02,16051.23046875,4282.3701171875,76.12999725341797,1952.4000244140625,0.9293000102043152,96604000.0,4454200000.0,0.14119941485055482,3.5358636,2.3763636364,123.0349,118.1327,93.9433,3.0,-1.1594999636
2023-06-05,15963.8896484375,4273.7900390625,76.70999908447266,1958.0,0.9347000122070312,63777600.0,3813290000.0,0.1339800342054172,3.5358636,2.3763636364,123.0349,118.1327,93.9433,3.0,-1.1594999636
2023-06-06,15992.4404296875,4283.85009765625,76.29000091552734,1965.5,0.9335500001907349,52413000.0,3996560000.0,0.13409694079487694,3.5358636,2.3763636364,123.0349,118.1327,93.9433,3.0,-1.1594999636
2023-06-07,15960.5595703125,4267.52001953125,76.94999694824219,1942.699951171875,0.9347500205039978,67870200.0,4537800000.0,0.1343026262649154,3.5358636,2.3763636364,123.0349,118.1327,93.9433,3.0,-1.1594999636
2023-06-08,15989.9599609375,4293.93017578125,75.95999908447266,1963.5999755859375,0.933929979801178,59532100.0,3826740000.0,0.1337190327624093,3.5358636,2.3763636364,123.0349,118.1327,93.9433,3.0,-1.1594999636
2023-06-09,15949.83984375,4298.85986328125,74.79000091552734,1962.199951171875,0.9274100065231323,58242200.0,3786510000.0,0.13326984560252067,3.5358636,2.3763636364,123.0349,118.1327,93.9433,3.0,-1.1594999636
2023-06-12,16097.8701171875,4338.93017578125,71.83999633789062,1955.300048828125,0.9301499724388123,61393600.0,3945670000.0,0.13594575851808685,3.5358636,2.3763636364,123.0349,118.1327,93.9433,3.0,-1.1594999636
2023-06-13,16230.6796875,4369.009765625,74.29000091552734,1944.5999755859375,0.9291099905967712,72345000.0,4275400000.0,0.1384974843968331,3.5358636,2.3763636364,123.0349,118.1327,93.9433,3.0,-1.1594999636
2023-06-14,16310.7900390625,4372.58984375,73.19999694824219,1955.300048828125,0.9268400073051453,75755600.0,4252110000.0,0.13891614883722608,3.5358636,2.3763636364,123.0349,118.1327,93.9433,3.0,-1.1594999636
2023-06-15,16290.1201171875,4425.83984375,75.66999816894531,1957.800048828125,0.922249972820282,80150500.0,4176690000.0,0.13895940257595105,3.5358636,2.3763636364,123.0349,118.1327,93.9433,3.0,-1.1594999636
2023-06-16,16357.6298828125,4409.58984375,76.61000061035156,1958.4000244140625,0.9135800004005432,211233000.0,6848600000.0,0.1322434181496482,3.5358636,2.3763636364,123.0349,118.1327,93.9433,3.0,-1.1594999636
2023-06-19,16201.2001953125,4409.58984375,76.61000061035156,1958.4000244140625,0.9139000177383423,52459700.0,6848600000.0,0.13461989658049647,3.5358636,2.3763636364,123.0349,118.1327,93.9433,3.0,-1.1594999636
2023-06-20,16111.3203125,4388.7099609375,75.9000015258789,1935.5,0.9153900146484375,68396400.0,4055790000.0,0.13553681552740987,3.5358636,2.3763636364,123.0349,118.1327,93.9433,3.0,-1.1594999636
2023-06-21,16023.1298828125,4365.68994140625,77.12000274658203,1933.300048828125,0.9157199859619141,62212100.0,3709330000.0,0.13600256972550784,3.5358636,2.3763636364,123.0349,118.1327,93.9433,3.0,-1.1594999636
2023-06-22,15988.16015625,4381.89013671875,74.13999938964844,1912.699951171875,0.9096999764442444,65000700.0,3511000000.0,0.11776852974058608,3.5358636,2.3763636364,123.0349,118.1327,93.9433,3.0,-1.1594999636
2023-06-23,15829.9404296875,4348.330078125,73.8499984741211,1919.0999755859375,0.9125000238418579,108856500.0,6053620000.0,0.12262908591108572,3.5358636,2.3763636364,123.0349,118.1327,93.9433,3.0,-1.1594999636
2023-06-26,15813.0595703125,4328.81982421875,74.18000030517578,1923.699951171875,0.9168699979782104,72427600.0,3415030000.0,0.11475068412000451,3.5358636,2.3763636364,123.0349,118.1327,93.9433,3.0,-1.1594999636
2023-06-27,15846.8603515625,4378.41015625,72.26000213623047,1914.0,0.9165499806404114,63273400.0,3573500000.0,0.1149666101330288,3.5358636,2.3763636364,123.0349,118.1327,93.9433,3.0,-1.1594999636
2023-06-28,15949.0,4376.85986328125,74.02999877929688,1912.300048828125,0.9126399755477905,69914300.0,3739330000.0,0.11688733305988903,3.5358636,2.3763636364,123.0349,118.1327,93.9433,3.0,-1.1594999636
2023-06-29,15946.7197265625,4396.43994140625,74.33999633789062,1909.199951171875,0.916100025177002,54568800.0,3696660000.0,0.10238045979573351,3.5358636,2.3763636364,123.0349,118.1327,93.9433,3.0,-1.1594999636
2023-06-30,16147.900390625,4450.3798828125,74.9000015258789,1921.0999755859375,0.9201300144195557,85583300.0,3923450000.0,0.1030969720511374,3.5358636,2.3763636364,123.0349,118.1327,93.9433,3.0,-1.1594999636
2023-07-03,16081.0400390625,4455.58984375,74.6500015258789,1921.699951171875,0.9168000221252441,52047600.0,2034280000.0,0.09538185898811337,3.6718095,2.4566666667,123.0349,118.5522,92.88016,3.1,-1.2151428333000003
2023-07-04,16039.169921875,4455.58984375,74.6500015258789,1921.699951171875,0.9163299798965454,42493900.0,2034280000.0,0.09379590119029967,3.6718095,2.4566666667,123.0349,118.5522,92.88016,3.1,-1.2151428333000003
2023-07-05,15937.580078125,4446.81982421875,76.6500015258789,1919.5999755859375,0.9186999797821045,66456400.0,3482620000.0,0.09629396557794469,3.6718095,2.4566666667,123.0349,118.5522,92.88016,3.1,-1.2151428333000003
2023-07-06,15528.5400390625,4411.58984375,76.5199966430664,1908.699951171875,0.9211000204086304,80363000.0,3682020000.0,0.1307619522547736,3.6718095,2.4566666667,123.0349,118.5522,92.88016,3.1,-1.2151428333000003
2023-07-07,15603.400390625,4398.9501953125,78.47000122070312,1926.199951171875,0.9182199835777283,67259700.0,3630480000.0,0.13205688629266946,3.6718095,2.4566666667,123.0349,118.5522,92.88016,3.1,-1.2151428333000003
2023-07-10,15673.16015625,4409.52978515625,77.69000244140625,1925.0,0.9115999937057495,53384600.0,3429600000.0,0.13334668735421729,3.6718095,2.4566666667,123.0349,118.5522,92.88016,3.1,-1.2151428333000003
2023-07-11,15790.33984375,4439.259765625,79.4000015258789,1931.300048828125,0.9085999727249146,60828200.0,3624220000.0,0.1317650563896756,3.6718095,2.4566666667,123.0349,118.5522,92.88016,3.1,-1.2151428333000003
2023-07-12,16023.0,4472.16015625,80.11000061035156,1956.199951171875,0.9079300165176392,72341400.0,3920290000.0,0.13913761053226245,3.6718095,2.4566666667,123.0349,118.5522,92.88016,3.1,-1.2151428333000003
2023-07-13,16141.0302734375,4510.0400390625,81.36000061035156,1959.199951171875,0.8973000049591064,64992600.0,3839530000.0,0.1405979337678519,3.6718095,2.4566666667,123.0349,118.5522,92.88016,3.1,-1.2151428333000003
2023-07-14,16105.0703125,4505.419921875,79.87000274658203,1960.0999755859375,0.8909900188446045,61718900.0,3647450000.0,0.14070671829634163,3.6718095,2.4566666667,123.0349,118.5522,92.88016,3.1,-1.2151428333000003
2023-07-17,16068.650390625,4522.7900390625,78.5,1952.4000244140625,0.8906499743461609,45553500.0,3538240000.0,0.13978581232677018,3.6718095,2.4566666667,123.0349,118.5522,92.88016,3.1,-1.2151428333000003
2023-07-18,16125.490234375,4554.97998046875,79.62999725341797,1977.199951171875,0.8898699879646301,56765300.0,4090010000.0,0.13678556315003929,3.6718095,2.4566666667,123.0349,118.5522,92.88016,3.1,-1.2151428333000003
2023-07-19,16108.9296875,4565.72021484375,79.45999908447266,1977.5,0.89055997133255,62950200.0,4115670000.0,0.13544327664952707,3.6718095,2.4566666667,123.0349,118.5522,92.88016,3.1,-1.2151428333000003
2023-07-20,16204.2197265625,4534.8701171875,79.63999938964844,1968.300048828125,0.8924400210380554,66295300.0,3761770000.0,0.13536040156767978,3.6718095,2.4566666667,123.0349,118.5522,92.88016,3.1,-1.2151428333000003
2023-07-21,16177.2197265625,4536.33984375,81.06999969482422,1964.300048828125,0.8978999853134155,69913700.0,3570190000.0,0.13523989194601416,3.6718095,2.4566666667,123.0349,118.5522,92.88016,3.1,-1.2151428333000003
2023-07-24,16190.9501953125,4554.64013671875,82.73999786376953,1960.300048828125,0.8988500237464905,51532000.0,3856250000.0,0.12974845355569484,3.6718095,2.4566666667,123.0349,118.5522,92.88016,3.1,-1.2151428333000003
2023-07-25,16211.58984375,4567.4599609375,83.63999938964844,1962.0999755859375,0.9039000272750854,56468900.0,3812470000.0,0.1295077083899854,3.6718095,2.4566666667,123.0349,118.5522,92.88016,3.1,-1.2151428333000003
2023-07-26,16131.4599609375,4566.75,82.91999816894531,1968.9000244140625,0.9049400091171265,76242600.0,3990290000.0,0.13118582615730265,3.6718095,2.4566666667,123.0349,118.5522,92.88016,3.1,-1.2151428333000003
2023-07-27,16406.029296875,4537.41015625,84.23999786376953,1945.4000244140625,0.9026600122451782,96512200.0,4553210000.0,0.1415441805875579,3.6718095,2.4566666667,123.0349,118.5522,92.88016,3.1,-1.2151428333000003
2023-07-28,16469.75,4582.22998046875,84.98999786376953,1960.4000244140625,0.9108499884605408,70297300.0,3981010000.0,0.14168403560039922,3.6718095,2.4566666667,123.0349,118.5522,92.88016,3.1,-1.2151428333000003
2023-07-31,16446.830078125,4588.9599609375,85.55999755859375,1970.5,0.9070900082588196,60748100.0,4503600000.0,0.1361321843718515,3.6718095,2.4566666667,123.0349,118.5522,92.88016,3.1,-1.2151428333000003
2023-08-01,16240.400390625,4576.72998046875,84.91000366210938,1940.699951171875,0.9092900156974792,63456600.0,4042370000.0,0.1430074846842681,3.7803043,2.5456521739,123.0349,118.8866,92.78351,3.1,-1.2346521260999999
2023-08-02,16020.01953125,4513.39013671875,83.19999694824219,1937.4000244140625,0.9084399938583374,74404800.0,4270710000.0,0.1508452554314717,3.7803043,2.5456521739,123.0349,118.8866,92.78351,3.1,-1.2346521260999999
2023-08-03,15893.3798828125,4501.89013671875,85.13999938964844,1932.0,0.9137300252914429,82642000.0,4149120000.0,0.15177009894720134,3.7803043,2.5456521739,123.0349,118.8866,92.78351,3.1,-1.2346521260999999
2023-08-04,15951.8603515625,4478.02978515625,86.23999786376953,1939.5999755859375,0.9131100177764893,77046600.0,4143310000.0,0.12022452201875108,3.7803043,2.5456521739,123.0349,118.8866,92.78351,3.1,-1.2346521260999999
2023-08-07,15950.759765625,4518.43994140625,85.33999633789062,1933.5,0.9088699817657471,68246900.0,3493920000.0,0.11961648262868183,3.7803043,2.5456521739,123.0349,118.8866,92.78351,3.1,-1.2346521260999999
2023-08-08,15774.9296875,4499.3798828125,86.16999816894531,1924.0999755859375,0.9088299870491028,80939300.0,3884910000.0,0.12595002206633513,3.7803043,2.5456521739,123.0349,118.8866,92.78351,3.1,-1.2346521260999999
2023-08-09,15852.580078125,4467.7099609375,87.55000305175781,1915.4000244140625,0.9125000238418579,65516200.0,3803100000.0,0.12442769473770049,3.7803043,2.5456521739,123.0349,118.8866,92.78351,3.1,-1.2346521260999999
2023-08-10,15996.51953125,4468.830078125,86.4000015258789,1914.4000244140625,0.9109399914741516,74907500.0,4504370000.0,0.11746171896949244,3.7803043,2.5456521739,123.0349,118.8866,92.78351,3.1,-1.2346521260999999
2023-08-11,15832.169921875,4464.0498046875,86.80999755859375,1912.9000244140625,0.910610020160675,60296700.0,3753290000.0,0.1193039510584175,3.7803043,2.5456521739,123.0349,118.8866,92.78351,3.1,-1.2346521260999999
2023-08-14,15904.25,4489.72021484375,86.20999908447266,1910.5999755859375,0.9137099981307983,43608500.0,3896410000.0,0.12065245469863453,3.7803043,2.5456521739,123.0349,118.8866,92.78351,3.1,-1.2346521260999999
2023-08-15,15767.2802734375,4437.85986328125,84.88999938964844,1902.5,0.9165999889373779,45352200.0,3832250000.0,0.12374052301486498,3.7803043,2.5456521739,123.0349,118.8866,92.78351,3.1,-1.2346521260999999
2023-08-16,15789.4501953125,4404.330078125,83.44999694824219,1896.0999755859375,0.9170799851417542,39651700.0,3753910000.0,0.12300161922977901,3.7803043,2.5456521739,123.0349,118.8866,92.78351,3.1,-1.2346521260999999
2023-08-17,15676.900390625,4370.35986328125,84.12000274658203,1884.0999755859375,0.9195500016212463,48603400.0,3943700000.0,0.12483701260013141,3.7803043,2.5456521739,123.0349,118.8866,92.78351,3.1,-1.2346521260999999
2023-08-18,15574.259765625,4369.7099609375,84.80000305175781,1886.0999755859375,0.9195700287818909,59909500.0,3940400000.0,0.12326096675707313,3.7803043,2.5456521739,123.0349,118.8866,92.78351,3.1,-1.2346521260999999
2023-08-21,15603.2802734375,4399.77001953125,84.45999908447266,1893.300048828125,0.9194899797439575,45251100.0,3726850000.0,0.12393463645892595,3.7803043,2.5456521739,123.0349,118.8866,92.78351,3.1,-1.2346521260999999
2023-08-22,15705.6201171875,4387.5498046875,84.02999877929688,1896.4000244140625,0.9175699949264526,42807400.0,3522760000.0,0.12695007139352318,3.7803043,2.5456521739,123.0349,118.8866,92.78351,3.1,-1.2346521260999999
2023-08-23,15728.41015625,4436.009765625,83.20999908447266,1918.5,0.92194002866745,53425400.0,3837270000.0,0.12699864761931098,3.7803043,2.5456521739,123.0349,118.8866,92.78351,3.1,-1.2346521260999999
2023-08-24,15621.490234375,4376.31005859375,83.36000061035156,1918.199951171875,0.9203199744224548,48251600.0,3723470000.0,0.12780899674649243,3.7803043,2.5456521739,123.0349,118.8866,92.78351,3.1,-1.2346521260999999
2023-08-25,15631.8203125,4405.7099609375,84.4800033569336,1911.0999755859375,0.9259999990463257,44315200.0,3296180000.0,0.10914372465445588,3.7803043,2.5456521739,123.0349,118.8866,92.78351,3.1,-1.2346521260999999
2023-08-28,15792.6103515625,4433.31005859375,84.41999816894531,1917.9000244140625,0.9261500239372253,43473300.0,2957230000.0,0.1157502162658453,3.7803043,2.5456521739,123.0349,118.8866,92.78351,3.1,-1.2346521260999999
2023-08-29,15930.8798828125,4497.6298828125,85.48999786376953,1936.5,0.923740029335022,49760000.0,3354820000.0,0.1215812586855369,3.7803043,2.5456521739,123.0349,118.8866,92.78351,3.1,-1.2346521260999999
2023-08-30,15891.9296875,4514.8701171875,85.86000061035156,1944.300048828125,0.9200299978256226,49478600.0,3064110000.0,0.11484865900005452,3.7803043,2.5456521739,123.0349,118.8866,92.78351,3.1,-1.2346521260999999
2023-08-31,15947.080078125,4507.66015625,86.86000061035156,1938.199951171875,0.9146999716758728,92766900.0,3946360000.0,0.10620794482621278,3.7803043,2.5456521739,123.0349,118.8866,92.78351,3.1,-1.2346521260999999
2023-09-01,15840.33984375,4515.77001953125,88.55000305175781,1939.800048828125,0.9221600294113159,54045200.0,3246260000.0,0.10517771366994806,3.8800476,2.6614285714,123.0349,119.0932,91.72036,3.1,-1.2186190286
2023-09-04,15824.849609375,4515.77001953125,88.55000305175781,1939.800048828125,0.9279999732971191,34752500.0,3246260000.0,0.10428119322907992,3.8800476,2.6614285714,123.0349,119.0932,91.72036,3.1,-1.2186190286
2023-09-05,15771.7099609375,4496.830078125,90.04000091552734,1926.199951171875,0.9264000058174133,73334000.0,3526250000.0,0.10478671221778425,3.8800476,2.6614285714,123.0349,119.0932,91.72036,3.1,-1.2186190286
2023-09-06,15741.3701171875,4465.47998046875,90.5999984741211,1918.0999755859375,0.9322999715805054,63047100.0,3418850000.0,0.09779880838495407,3.8800476,2.6614285714,123.0349,119.0932,91.72036,3.1,-1.2186190286
2023-09-07,15718.66015625,4451.14013671875,89.91999816894531,1917.5,0.9324700236320496,59410800.0,3763760000.0,0.09616579036939613,3.8800476,2.6614285714,123.0349,119.0932,91.72036,3.1,-1.2186190286
2023-09-08,15740.2998046875,4457.490234375,90.6500015258789,1918.4000244140625,0.9347699880599976,63810400.0,3259290000.0,0.09012394309097675,3.8800476,2.6614285714,123.0349,119.0932,91.72036,3.1,-1.2186190286
2023-09-11,15800.990234375,4487.4599609375,90.63999938964844,1923.300048828125,0.9330000281333923,65431300.0,3369920000.0,0.08442778084196839,3.8800476,2.6614285714,123.0349,119.0932,91.72036,3.1,-1.2186190286
2023-09-12,15715.5302734375,4461.89990234375,92.05999755859375,1911.300048828125,0.9301999807357788,58026400.0,3435740000.0,0.08459159877601652,3.8800476,2.6614285714,123.0349,119.0932,91.72036,3.1,-1.2186190286
2023-09-13,15654.0302734375,4467.43994140625,91.87999725341797,1909.0999755859375,0.9299499988555908,68861200.0,3529430000.0,0.08041521759770126,3.8800476,2.6614285714,123.0349,119.0932,91.72036,3.1,-1.2186190286
2023-09-14,15805.2900390625,4505.10009765625,93.69999694824219,1910.0,0.9315999746322632,77633300.0,3648720000.0,0.08744192558091057,3.8800476,2.6614285714,123.0349,119.0932,91.72036,3.1,-1.2186190286
2023-09-15,15893.5302734375,4450.31982421875,93.93000030517578,1923.699951171875,0.9401000142097473,179829200.0,6932230000.0,0.08533317284510955,3.8800476,2.6614285714,123.0349,119.0932,91.72036,3.1,-1.2186190286
2023-09-18,15727.1201171875,4453.52978515625,94.43000030517578,1931.5,0.9373599886894226,58899600.0,3161230000.0,0.0904416328296084,3.8800476,2.6614285714,123.0349,119.0932,91.72036,3.1,-1.2186190286
2023-09-19,15664.48046875,4443.9501953125,94.33999633789062,1932.0,0.9352200031280518,53581800.0,3614880000.0,0.09157579493148939,3.8800476,2.6614285714,123.0349,119.0932,91.72036,3.1,-1.2186190286
2023-09-20,15781.58984375,4402.2001953125,93.52999877929688,1945.5999755859375,0.9361500144004822,54733100.0,3308450000.0,0.09242917347134595,3.8800476,2.6614285714,123.0349,119.0932,91.72036,3.1,-1.2186190286
2023-09-21,15571.8603515625,4330.0,93.30000305175781,1919.199951171875,0.9387000203132629,65995100.0,3662340000.0,0.10345484245385499,3.8800476,2.6614285714,123.0349,119.0932,91.72036,3.1,-1.2186190286
2023-09-22,15557.2900390625,4320.06005859375,93.2699966430664,1925.4000244140625,0.9379500150680542,70200200.0,3349570000.0,0.10088814528542464,3.8800476,2.6614285714,123.0349,119.0932,91.72036,3.1,-1.2186190286
2023-09-25,15405.490234375,4337.43994140625,93.29000091552734,1916.5999755859375,0.9391000270843506,64522900.0,3195650000.0,0.10611772417775243,3.8800476,2.6614285714,123.0349,119.0932,91.72036,3.1,-1.2186190286
2023-09-26,15255.8701171875,4273.52978515625,93.95999908447266,1900.4000244140625,0.9441400170326233,69660000.0,3472340000.0,0.1026510884751855,3.8800476,2.6614285714,123.0349,119.0932,91.72036,3.1,-1.2186190286
2023-09-27,15217.4501953125,4274.509765625,96.55000305175781,1871.5999755859375,0.946120023727417,72319500.0,3875880000.0,0.0954636165172047,3.8800476,2.6614285714,123.0349,119.0932,91.72036,3.1,-1.2186190286
2023-09-28,15323.5,4299.7001953125,95.37999725341797,1860.4000244140625,0.9519000053405762,60119100.0,3846230000.0,0.10054682772189398,3.8800476,2.6614285714,123.0349,119.0932,91.72036,3.1,-1.2186190286
2023-09-29,15386.580078125,4288.0498046875,95.30999755859375,1848.0999755859375,0.9467499852180481,110121500.0,3865960000.0,0.10099058590268849,3.8800476,2.6614285714,123.0349,119.0932,91.72036,3.1,-1.2186190286
2023-10-02,15247.2099609375,4288.39013671875,90.70999908447266,1830.0,0.9465000033378601,61416800.0,3938660000.0,0.10278488122586475,3.9676364,2.8231818182,123.0349,119.2808,91.72036,3.1,-1.1444545817999998
2023-10-03,15085.2099609375,4229.4501953125,90.91999816894531,1824.5999755859375,0.9541299939155579,64881000.0,3953830000.0,0.10715739197143308,3.9676364,2.8231818182,123.0349,119.2808,91.72036,3.1,-1.1444545817999998
2023-10-04,15099.919921875,4263.75,85.80999755859375,1818.5,0.9549000263214111,75006400.0,3777600000.0,0.10764562487175666,3.9676364,2.8231818182,123.0349,119.2808,91.72036,3.1,-1.1444545817999998
2023-10-05,15070.2197265625,4258.18994140625,84.06999969482422,1816.5999755859375,0.951740026473999,47650800.0,3581470000.0,0.10764509655471906,3.9676364,2.8231818182,123.0349,119.2808,91.72036,3.1,-1.1444545817999998
2023-10-06,15229.76953125,4308.5,84.58000183105469,1830.199951171875,0.948170006275177,65528500.0,3902030000.0,0.11622559670901692,3.9676364,2.8231818182,123.0349,119.2808,91.72036,3.1,-1.1444545817999998
2023-10-09,15128.1103515625,4335.66015625,88.1500015258789,1849.5,0.9463000297546387,52471000.0,3174630000.0,0.11707751723186872,3.9676364,2.8231818182,123.0349,119.2808,91.72036,3.1,-1.1444545817999998
2023-10-10,15423.51953125,4358.240234375,87.6500015258789,1861.0,0.9452800154685974,62641300.0,3520240000.0,0.13752109712643473,3.9676364,2.8231818182,123.0349,119.2808,91.72036,3.1,-1.1444545817999998
2023-10-11,15460.009765625,4376.9501953125,85.81999969482422,1872.800048828125,0.9429699778556824,65776100.0,3601660000.0,0.13709921860057542,3.9676364,2.8231818182,123.0349,119.2808,91.72036,3.1,-1.1444545817999998
2023-10-12,15425.0302734375,4349.60986328125,86.0,1869.300048828125,0.9412400126457214,52453700.0,3713140000.0,0.13673730481996885,3.9676364,2.8231818182,123.0349,119.2808,91.72036,3.1,-1.1444545817999998
2023-10-13,15186.66015625,4327.77978515625,90.88999938964844,1927.4000244140625,0.9490600228309631,63240100.0,3566560000.0,0.14046168895832362,3.9676364,2.8231818182,123.0349,119.2808,91.72036,3.1,-1.1444545817999998
2023-10-16,15237.990234375,4373.6298828125,89.6500015258789,1921.0999755859375,0.9504299759864807,55502000.0,3409960000.0,0.13919194648128044,3.9676364,2.8231818182,123.0349,119.2808,91.72036,3.1,-1.1444545817999998
2023-10-17,15251.6904296875,4373.2001953125,89.9000015258789,1922.699951171875,0.9474800229072571,49443000.0,3794850000.0,0.13597546944639,3.9676364,2.8231818182,123.0349,119.2808,91.72036,3.1,-1.1444545817999998
2023-10-18,15094.91015625,4314.60009765625,91.5,1955.300048828125,0.9458000063896179,62492400.0,3686030000.0,0.13917921588822463,3.9676364,2.8231818182,123.0349,119.2808,91.72036,3.1,-1.1444545817999998
2023-10-19,15045.23046875,4278.0,92.37999725341797,1968.4000244140625,0.9488999843597412,69923300.0,3969730000.0,0.13514923664217984,3.9676364,2.8231818182,123.0349,119.2808,91.72036,3.1,-1.1444545817999998
2023-10-20,14798.4697265625,4224.16015625,92.16000366210938,1982.5,0.944599986076355,90638400.0,4004030000.0,0.1387375394332632,3.9676364,2.8231818182,123.0349,119.2808,91.72036,3.1,-1.1444545817999998
2023-10-23,14800.7197265625,4217.0400390625,89.83000183105469,1976.300048828125,0.9442899823188782,61261000.0,3776100000.0,0.13893189182614776,3.9676364,2.8231818182,123.0349,119.2808,91.72036,3.1,-1.1444545817999998
2023-10-24,14879.9404296875,4247.68017578125,88.06999969482422,1975.0,0.9372199773788452,62022100.0,3821820000.0,0.13861972485697127,3.9676364,2.8231818182,123.0349,119.2808,91.72036,3.1,-1.1444545817999998
2023-10-25,14892.1796875,4186.77001953125,90.12999725341797,1984.0999755859375,0.943809986114502,88086100.0,3869370000.0,0.1356379493552909,3.9676364,2.8231818182,123.0349,119.2808,91.72036,3.1,-1.1444545817999998
2023-10-26,14731.0498046875,4137.22998046875,87.93000030517578,1987.199951171875,0.9463199973106384,121803600.0,4277640000.0,0.1397086112301712,3.9676364,2.8231818182,123.0349,119.2808,91.72036,3.1,-1.1444545817999998
2023-10-27,14687.41015625,4117.3701171875,90.4800033569336,1988.5999755859375,0.9465699791908264,86539200.0,4019500000.0,0.13630971580210732,3.9676364,2.8231818182,123.0349,119.2808,91.72036,3.1,-1.1444545817999998
2023-10-30,14716.5400390625,4166.81982421875,87.44999694824219,1996.199951171875,0.9467499852180481,76179000.0,3911140000.0,0.13530379290469494,3.9676364,2.8231818182,123.0349,119.2808,91.72036,3.1,-1.1444545817999998
2023-10-31,14810.33984375,4193.7998046875,87.41000366210938,1985.199951171875,0.9420599937438965,75370200.0,4249470000.0,0.13583998370426714,3.9676364,2.8231818182,123.0349,119.2808,91.72036,3.1,-1.1444545817999998
2023-11-01,14923.26953125,4237.85986328125,84.62999725341797,1978.800048828125,0.9452599883079529,63588700.0,4224900000.0,0.13484446160767205,3.9716364,2.6013636364,123.0349,118.7756,91.81701,3.2,-1.3702727636
2023-11-02,15143.599609375,4317.77978515625,86.8499984741211,1985.5999755859375,0.9445499777793884,89446500.0,4669780000.0,0.14481068921123902,3.9716364,2.6013636364,123.0349,118.7756,91.81701,3.2,-1.3702727636
2023-11-03,15189.25,4358.33984375,84.88999938964844,1991.5,0.9416999816894531,93603800.0,4570960000.0,0.14490948922756136,3.9716364,2.6013636364,123.0349,118.7756,91.81701,3.2,-1.3702727636
2023-11-06,15135.9697265625,4365.97998046875,85.18000030517578,1981.5999755859375,0.9317799806594849,59212500.0,3656340000.0,0.14060401220351648,3.9716364,2.6013636364,123.0349,118.7756,91.81701,3.2,-1.3702727636
2023-11-07,15152.6396484375,4378.3798828125,81.61000061035156,1966.800048828125,0.932699978351593,62049600.0,3791230000.0,0.1386989824564262,3.9716364,2.6013636364,123.0349,118.7756,91.81701,3.2,-1.3702727636
2023-11-08,15229.599609375,4382.77978515625,79.54000091552734,1951.5,0.9349200129508972,107586700.0,3729510000.0,0.12113628712525047,3.9716364,2.6013636364,123.0349,118.7756,91.81701,3.2,-1.3702727636
2023-11-09,15352.5400390625,4347.35009765625,80.01000213623047,1964.199951171875,0.9336699843406677,68377100.0,3900780000.0,0.12444929758632624,3.9716364,2.6013636364,123.0349,118.7756,91.81701,3.2,-1.3702727636
2023-11-10,15234.3896484375,4415.240234375,81.43000030517578,1932.5999755859375,0.9374200105667114,77014100.0,3665080000.0,0.12692596755360866,3.9716364,2.6013636364,123.0349,118.7756,91.81701,3.2,-1.3702727636
2023-11-13,15345.0,4411.5498046875,82.5199966430664,1945.5,0.9354400038719177,65170400.0,3326240000.0,0.11737658718620132,3.9716364,2.6013636364,123.0349,118.7756,91.81701,3.2,-1.3702727636
2023-11-14,15614.4296875,4495.7001953125,82.47000122070312,1961.800048828125,0.9344199895858765,98894400.0,4700350000.0,0.13119186688993423,3.9716364,2.6013636364,123.0349,118.7756,91.81701,3.2,-1.3702727636
2023-11-15,15748.169921875,4502.8798828125,81.18000030517578,1960.0999755859375,0.9192600250244141,91670700.0,4347170000.0,0.1336387388504339,3.9716364,2.6013636364,123.0349,118.7756,91.81701,3.2,-1.3702727636
2023-11-16,15786.6103515625,4508.240234375,77.41999816894531,1983.9000244140625,0.9212700128555298,68438900.0,3964520000.0,0.12651363666326318,3.9716364,2.6013636364,123.0349,118.7756,91.81701,3.2,-1.3702727636
2023-11-17,15919.16015625,4514.02001953125,80.61000061035156,1981.5999755859375,0.9213399887084961,81125800.0,3777240000.0,0.1266395852921072,3.9716364,2.6013636364,123.0349,118.7756,91.81701,3.2,-1.3702727636
2023-11-20,15901.330078125,4547.3798828125,82.31999969482422,1977.699951171875,0.9168400168418884,93605500.0,3644790000.0,0.10712340121739629,3.9716364,2.6013636364,123.0349,118.7756,91.81701,3.2,-1.3702727636
2023-11-21,15900.5302734375,4538.18994140625,82.44999694824219,1999.300048828125,0.9135800004005432,70926900.0,3511080000.0,0.10720416083256183,3.9716364,2.6013636364,123.0349,118.7756,91.81701,3.2,-1.3702727636
2023-11-22,15957.8203125,4556.6201171875,81.95999908447266,1991.4000244140625,0.9158999919891357,58757800.0,3042810000.0,0.10698211733263913,3.9716364,2.6013636364,123.0349,118.7756,91.81701,3.2,-1.3702727636
2023-11-23,15994.73046875,4556.6201171875,81.37000274658203,1991.4000244140625,0.9182000160217285,38717400.0,3042810000.0,0.10666126252692291,3.9716364,2.6013636364,123.0349,118.7756,91.81701,3.2,-1.3702727636
2023-11-24,16029.490234375,4559.33984375,80.58000183105469,2002.199951171875,0.9168999791145325,46227600.0,1639500000.0,0.09347344057981008,3.9716364,2.6013636364,123.0349,118.7756,91.81701,3.2,-1.3702727636
2023-11-27,15966.3701171875,4550.43017578125,79.9800033569336,2011.800048828125,0.9140400290489197,50564800.0,3403990000.0,0.09445093249505046,3.9716364,2.6013636364,123.0349,118.7756,91.81701,3.2,-1.3702727636
2023-11-28,15992.669921875,4554.89013671875,81.68000030517578,2039.699951171875,0.9125400185585022,60601100.0,3586240000.0,0.09454851267077316,3.9716364,2.6013636364,123.0349,118.7756,91.81701,3.2,-1.3702727636
2023-11-29,16166.4501953125,4550.580078125,83.0999984741211,2047.0999755859375,0.9085999727249146,69366600.0,4418760000.0,0.09722186094224294,3.9716364,2.6013636364,123.0349,118.7756,91.81701,3.2,-1.3702727636
2023-11-30,16215.4296875,4567.7998046875,82.83000183105469,2038.0999755859375,0.911270022392273,108532100.0,5399300000.0,0.09648157056387771,3.9716364,2.6013636364,123.0349,118.7756,91.81701,3.2,-1.3702727636
2023-12-01,16397.51953125,4594.6298828125,78.87999725341797,2071.0,0.9180999994277954,68139400.0,4397120000.0,0.09218450908235745,3.9348947,2.1021052632,123.0349,119.1271,90.17397,3.2,-1.8327894368000002
2023-12-04,16404.759765625,4569.77978515625,78.02999877929688,2024.0999755859375,0.918429970741272,52149300.0,4369910000.0,0.09289290683989251,3.9348947,2.1021052632,123.0349,119.1271,90.17397,3.2,-1.8327894368000002
2023-12-05,16533.109375,4567.18017578125,77.19999694824219,2018.5,0.9226999878883362,63916000.0,3909950000.0,0.09008289032394114,3.9348947,2.1021052632,123.0349,119.1271,90.17397,3.2,-1.8327894368000002
2023-12-06,16656.439453125,4549.33984375,74.30000305175781,2030.5,0.9264699816703796,78581700.0,4245680000.0,0.08999447720186186,3.9348947,2.1021052632,123.0349,119.1271,90.17397,3.2,-1.8327894368000002
2023-12-07,16628.990234375,4585.58984375,74.05000305175781,2029.9000244140625,0.9287899732589722,76803200.0,3818880000.0,0.09246172653892007,3.9348947,2.1021052632,123.0349,119.1271,90.17397,3.2,-1.8327894368000002
2023-12-08,16759.220703125,4604.3701171875,75.83999633789062,1998.300048828125,0.9265999794006348,77814500.0,3707010000.0,0.09233862519757613,3.9348947,2.1021052632,123.0349,119.1271,90.17397,3.2,-1.8327894368000002
2023-12-11,16794.4296875,4622.43994140625,76.02999877929688,1978.0,0.9288700222969055,66736100.0,3823210000.0,0.0821064474089961,3.9348947,2.1021052632,123.0349,119.1271,90.17397,3.2,-1.8327894368000002
2023-12-12,16791.740234375,4643.7001953125,73.23999786376953,1977.800048828125,0.9287999868392944,67862500.0,3808380000.0,0.08316891070332036,3.9348947,2.1021052632,123.0349,119.1271,90.17397,3.2,-1.8327894368000002
2023-12-13,16766.05078125,4707.08984375,74.26000213623047,1982.300048828125,0.92603999376297,65413500.0,5063650000.0,0.07012796421219346,3.9348947,2.1021052632,123.0349,119.1271,90.17397,3.2,-1.8327894368000002
2023-12-14,16752.23046875,4719.5498046875,76.61000061035156,2030.199951171875,0.9186000227928162,141290100.0,6314040000.0,0.06895342358556968,3.9348947,2.1021052632,123.0349,119.1271,90.17397,3.2,-1.8327894368000002
2023-12-15,16751.439453125,4719.18994140625,76.55000305175781,2021.0999755859375,0.9096199870109558,173711500.0,8218980000.0,0.06972224345256028,3.9348947,2.1021052632,123.0349,119.1271,90.17397,3.2,-1.8327894368000002
2023-12-18,16650.55078125,4740.56005859375,77.94999694824219,2026.300048828125,0.9178299903869629,56720400.0,4060340000.0,0.07305076799651884,3.9348947,2.1021052632,123.0349,119.1271,90.17397,3.2,-1.8327894368000002
2023-12-19,16744.41015625,4768.3701171875,79.2300033569336,2038.4000244140625,0.9154300093650818,59217500.0,4026970000.0,0.07298806964520799,3.9348947,2.1021052632,123.0349,119.1271,90.17397,3.2,-1.8327894368000002
2023-12-20,16733.05078125,4698.35009765625,79.69999694824219,2034.5,0.9106600284576416,63366400.0,4201320000.0,0.07329347687376007,3.9348947,2.1021052632,123.0349,119.1271,90.17397,3.2,-1.8327894368000002
2023-12-21,16687.419921875,4746.75,79.38999938964844,2039.0999755859375,0.9136000275611877,57871300.0,3431180000.0,0.075284506659324,3.9348947,2.1021052632,123.0349,119.1271,90.17397,3.2,-1.8327894368000002
2023-12-22,16706.1796875,4754.6298828125,79.06999969482422,2057.10009765625,0.9085800051689148,46295300.0,3046770000.0,0.07536303915529317,3.9348947,2.1021052632,123.0349,119.1271,90.17397,3.2,-1.8327894368000002
2023-12-25,16706.1796875,4754.6298828125,79.06999969482422,2057.10009765625,0.9068999886512756,46295300.0,3046770000.0,0.07536303915529317,3.9348947,2.1021052632,123.0349,119.1271,90.17397,3.2,-1.8327894368000002
2023-12-26,16706.1796875,4774.75,81.06999969482422,2058.199951171875,0.9074199795722961,46295300.0,2513910000.0,0.07536303915529317,3.9348947,2.1021052632,123.0349,119.1271,90.17397,3.2,-1.8327894368000002
2023-12-27,16742.0703125,4781.580078125,79.6500015258789,2081.89990234375,0.9055500030517578,37678900.0,2748450000.0,0.07536303915529317,3.9348947,2.1021052632,123.0349,119.1271,90.17397,3.2,-1.8327894368000002
2023-12-28,16701.55078125,4783.35009765625,78.38999938964844,2073.89990234375,0.9002000093460083,36091600.0,2698860000.0,0.07536303915529317,3.9348947,2.1021052632,123.0349,119.1271,90.17397,3.2,-1.8327894368000002
2023-12-29,16751.640625,4769.830078125,77.04000091552734,2062.39990234375,0.9034900069236755,26861900.0,3126060000.0,0.07536303915529317,3.9348947,2.1021052632,123.0349,119.1271,90.17397,3.2,-1.8327894368000002
2024-01-01,16751.640625,4769.830078125,77.04000091552734,2062.39990234375,0.9045000076293945,26861900.0,3126060000.0,0.07536303915529317,3.9252727,2.1745454545,125.8112,119.0993,91.04382,3.2,-1.7507272454999998
2024-01-02,16769.359375,4742.830078125,75.88999938964844,2064.39990234375,0.9059000015258789,59893300.0,3743050000.0,0.07536303915529317,3.9252727,2.1745454545,125.8112,119.0993,91.04382,3.2,-1.7507272454999998
2024-01-03,16538.390625,4704.81005859375,78.25,2034.199951171875,0.9139299988746643,70845800.0,3950760000.0,0.07536303915529317,3.9252727,2.1745454545,125.8112,119.0993,91.04382,3.2,-1.7507272454999998
2024-01-04,16617.2890625,4688.68017578125,77.58999633789062,2042.300048828125,0.9150999784469604,65869400.0,3715480000.0,0.07536303915529317,3.9252727,2.1745454545,125.8112,119.0993,91.04382,3.2,-1.7507272454999998
2024-01-05,16594.2109375,4697.240234375,78.76000213623047,2042.4000244140625,0.9134600162506104,66762900.0,3844370000.0,0.07536303915529317,3.9252727,2.1745454545,125.8112,119.0993,91.04382,3.2,-1.7507272454999998
2024-01-08,16716.470703125,4763.5400390625,76.12000274658203,2026.5999755859375,0.91389000415802,55073400.0,3742320000.0,0.07536303915529317,3.9252727,2.1745454545,125.8112,119.0993,91.04382,3.2,-1.7507272454999998
2024-01-09,16688.359375,4756.5,77.58999633789062,2026.4000244140625,0.913100004196167,59798500.0,3529960000.0,0.07536303915529317,3.9252727,2.1745454545,125.8112,119.0993,91.04382,3.2,-1.7507272454999998
2024-01-10,16689.810546875,4783.4501953125,76.80000305175781,2021.699951171875,0.9147099852561951,61300900.0,3498680000.0,0.07536303915529317,3.9252727,2.1745454545,125.8112,119.0993,91.04382,3.2,-1.7507272454999998
2024-01-11,16547.029296875,4780.240234375,77.41000366210938,2014.300048828125,0.9111499786376953,72206800.0,3759890000.0,0.07536303915529317,3.9252727,2.1745454545,125.8112,119.0993,91.04382,3.2,-1.7507272454999998
2024-01-12,16704.560546875,4783.830078125,78.29000091552734,2046.699951171875,0.910610020160675,62163000.0,3486340000.0,0.07536303915529317,3.9252727,2.1745454545,125.8112,119.0993,91.04382,3.2,-1.7507272454999998
2024-01-15,16622.220703125,4783.830078125,78.29000091552734,2046.699951171875,0.9136000275611877,47795000.0,3486340000.0,0.07536303915529317,3.9252727,2.1745454545,125.8112,119.0993,91.04382,3.2,-1.7507272454999998
2024-01-16,16571.6796875,4765.97998046875,78.29000091552734,2026.0,0.9136000275611877,73101900.0,4260550000.0,0.07536303915529317,3.9252727,2.1745454545,125.8112,119.0993,91.04382,3.2,-1.7507272454999998
2024-01-17,16431.689453125,4739.2099609375,77.87999725341797,2002.5999755859375,0.919219970703125,71437800.0,3928600000.0,0.07536303915529317,3.9252727,2.1745454545,125.8112,119.0993,91.04382,3.2,-1.7507272454999998
2024-01-18,16567.349609375,4780.93994140625,79.0999984741211,2018.5999755859375,0.9186300039291382,72318600.0,4019000000.0,0.07536303915529317,3.9252727,2.1745454545,125.8112,119.0993,91.04382,3.2,-1.7507272454999998
2024-01-19,16555.130859375,4839.81005859375,78.55999755859375,2026.5,0.919189989566803,66146800.0,4287200000.0,0.07536303915529317,3.9252727,2.1745454545,125.8112,119.0993,91.04382,3.2,-1.7507272454999998
2024-01-22,16683.359375,4850.43017578125,80.05999755859375,2019.800048828125,0.9180799722671509,67438700.0,4297610000.0,0.07536303915529317,3.9252727,2.1745454545,125.8112,119.0993,91.04382,3.2,-1.7507272454999998
2024-01-23,16627.08984375,4864.60009765625,79.55000305175781,2023.699951171875,0.9190999865531921,64365600.0,3912800000.0,0.07536303915529317,3.9252727,2.1745454545,125.8112,119.0993,91.04382,3.2,-1.7507272454999998
2024-01-24,16889.919921875,4868.5498046875,80.04000091552734,2013.9000244140625,0.920989990234375,74569200.0,4330030000.0,0.07536303915529317,3.9252727,2.1745454545,125.8112,119.0993,91.04382,3.2,-1.7507272454999998
2024-01-25,16906.919921875,4894.16015625,82.43000030517578,2016.9000244140625,0.918969988822937,62016700.0,4020430000.0,0.07536303915529317,3.9252727,2.1745454545,125.8112,119.0993,91.04382,3.2,-1.7507272454999998
2024-01-26,16961.390625,4890.97021484375,83.55000305175781,2016.800048828125,0.9219099879264832,84664200.0,3353400000.0,0.07536303915529317,3.9252727,2.1745454545,125.8112,119.0993,91.04382,3.2,-1.7507272454999998
2024-01-29,16941.7109375,4927.93017578125,82.4000015258789,2025.199951171875,0.9222099781036377,65956600.0,3525160000.0,0.07536303915529317,3.9252727,2.1745454545,125.8112,119.0993,91.04382,3.2,-1.7507272454999998
2024-01-30,16972.33984375,4924.97021484375,82.87000274658203,2031.5,0.922980010509491,61107500.0,3836130000.0,0.07536303915529317,3.9252727,2.1745454545,125.8112,119.0993,91.04382,3.2,-1.7507272454999998
2024-01-31,16903.759765625,4845.64990234375,81.70999908447266,2048.39990234375,0.92221999168396,84388500.0,4696120000.0,0.10993049379650059,3.9252727,2.1745454545,125.8112,119.0993,91.04382,3.2,-1.7507272454999998
2024-02-01,16859.0390625,4906.18994140625,78.69999694824219,2053.0,0.9255899786949158,89451400.0,4386090000.0,0.09795582728384017,3.9231905,2.3319047619,125.8112,119.7132,92.10696,3.2,-1.5912857380999998
2024-02-02,16918.2109375,4958.60986328125,77.33000183105469,2036.0999755859375,0.9195700287818909,85847300.0,3974350000.0,0.09742938569696882,3.9231905,2.3319047619,125.8112,119.7132,92.10696,3.2,-1.5912857380999998
2024-02-05,16904.060546875,4942.81005859375,77.98999786376953,2025.699951171875,0.9276400208473206,69935700.0,4023640000.0,0.09728650182785074,3.9231905,2.3319047619,125.8112,119.7132,92.10696,3.2,-1.5912857380999998
2024-02-06,17033.240234375,4954.22998046875,78.58999633789062,2034.5,0.9309399724006653,75544200.0,4440880000.0,0.09752067189884414,3.9231905,2.3319047619,125.8112,119.7132,92.10696,3.2,-1.5912857380999998
2024-02-07,16921.9609375,4995.06005859375,79.20999908447266,2035.199951171875,0.929610013961792,93039700.0,4895590000.0,0.1005476623876832,3.9231905,2.3319047619,125.8112,119.7132,92.10696,3.2,-1.5912857380999998
2024-02-08,16963.830078125,4997.91015625,81.62999725341797,2032.199951171875,0.9280099868774414,67419300.0,4341860000.0,0.10070984255706426,3.9231905,2.3319047619,125.8112,119.7132,92.10696,3.2,-1.5912857380999998
2024-02-09,16926.5,5026.60986328125,82.19000244140625,2023.300048828125,0.9278799891471863,61639700.0,3912990000.0,0.09555001799286413,3.9231905,2.3319047619,125.8112,119.7132,92.10696,3.2,-1.5912857380999998
2024-02-12,17037.349609375,5021.83984375,82.0,2018.199951171875,0.9260799884796143,53286500.0,3805740000.0,0.09276355778723035,3.9231905,2.3319047619,125.8112,119.7132,92.10696,3.2,-1.5912857380999998
2024-02-13,16880.830078125,4953.169921875,82.7699966430664,1992.9000244140625,0.928309977054596,62956700.0,4302190000.0,0.09723193165982372,3.9231905,2.3319047619,125.8112,119.7132,92.10696,3.2,-1.5912857380999998
2024-02-14,16945.48046875,5000.6201171875,81.5999984741211,1990.300048828125,0.9337999820709229,53717300.0,3845600000.0,0.09676589229104537,3.9231905,2.3319047619,125.8112,119.7132,92.10696,3.2,-1.5912857380999998
2024-02-15,17046.689453125,5029.72998046875,82.86000061035156,2002.0999755859375,0.9317799806594849,83791100.0,4137970000.0,0.0916328834720192,3.9231905,2.3319047619,125.8112,119.7132,92.10696,3.2,-1.5912857380999998
2024-02-16,17117.439453125,5005.56982421875,83.47000122070312,2011.5,0.9281700253486633,76375500.0,3833270000.0,0.08903652122237266,3.9231905,2.3319047619,125.8112,119.7132,92.10696,3.2,-1.5912857380999998
2024-02-19,17092.259765625,5005.56982421875,83.47000122070312,2011.5,0.9272199869155884,43224700.0,3833270000.0,0.08931202766166295,3.9231905,2.3319047619,125.8112,119.7132,92.10696,3.2,-1.5912857380999998
2024-02-20,17068.4296875,4975.509765625,82.33999633789062,2027.5,0.9280400276184082,62710700.0,4034880000.0,0.08688506109732815,3.9231905,2.3319047619,125.8112,119.7132,92.10696,3.2,-1.5912857380999998
2024-02-21,17118.119140625,4981.7998046875,83.02999877929688,2022.300048828125,0.9247999787330627,59403800.0,3788390000.0,0.08552400405086093,3.9231905,2.3319047619,125.8112,119.7132,92.10696,3.2,-1.5912857380999998
2024-02-22,17370.44921875,5087.02978515625,83.66999816894531,2019.699951171875,0.9241799712181091,86130500.0,4051710000.0,0.08331090452409423,3.9231905,2.3319047619,125.8112,119.7132,92.10696,3.2,-1.5912857380999998
2024-02-23,17419.330078125,5088.7998046875,81.62000274658203,2038.5999755859375,0.9237300157546997,76799700.0,3672790000.0,0.08345222016213714,3.9231905,2.3319047619,125.8112,119.7132,92.10696,3.2,-1.5912857380999998
2024-02-26,17423.23046875,5069.52978515625,82.52999877929688,2028.5,0.9242100119590759,53156400.0,3683930000.0,0.08328987981369025,3.9231905,2.3319047619,125.8112,119.7132,92.10696,3.2,-1.5912857380999998
2024-02-27,17556.490234375,5078.18017578125,83.6500015258789,2034.0,0.9215800166130066,59725400.0,3925950000.0,0.08557864859655887,3.9231905,2.3319047619,125.8112,119.7132,92.10696,3.2,-1.5912857380999998
2024-02-28,17601.220703125,5069.759765625,83.68000030517578,2033.0,0.9221000075340271,56644500.0,3789370000.0,0.08562739590816339,3.9231905,2.3319047619,125.8112,119.7132,92.10696,3.2,-1.5912857380999998
2024-02-29,17678.189453125,5096.27001953125,83.62000274658203,2045.699951171875,0.9226099848747253,102738500.0,5219740000.0,0.0833919041940784,3.9231905,2.3319047619,125.8112,119.7132,92.10696,3.2,-1.5912857380999998
2024-03-01,17735.0703125,5137.080078125,83.55000305175781,2086.89990234375,0.9254999756813049,85782600.0,4748110000.0,0.08159896429429503,3.9231,2.3495,125.8112,120.4163,91.43041,3.3,-1.5735999999999999
2024-03-04,17716.169921875,5130.9501953125,82.80000305175781,2117.699951171875,0.9222800135612488,1220700.0,4758440000.0,0.08237017796627732,3.9231,2.3495,125.8112,120.4163,91.43041,3.3,-1.5735999999999999
2024-03-05,17698.400390625,5078.64990234375,82.04000091552734,2133.5,0.9212200045585632,74178400.0,4418410000.0,0.08244979869793569,3.9231,2.3495,125.8112,120.4163,91.43041,3.3,-1.5735999999999999
2024-03-06,17716.7109375,5104.759765625,82.95999908447266,2150.300048828125,0.9211500287055969,91487700.0,4559050000.0,0.08010030922087505,3.9231,2.3495,125.8112,120.4163,91.43041,3.3,-1.5735999999999999
2024-03-07,17842.849609375,5157.35986328125,82.95999908447266,2158.0,0.9174699783325195,86702800.0,4137980000.0,0.07586719626468501,3.9231,2.3495,125.8112,120.4163,91.43041,3.3,-1.5735999999999999
2024-03-08,17814.509765625,5123.68994140625,82.08000183105469,2178.60009765625,0.9132300019264221,67940300.0,4208870000.0,0.07720328989292337,3.9231,2.3495,125.8112,120.4163,91.43041,3.3,-1.5735999999999999
2024-03-11,17746.26953125,5117.93994140625,82.20999908447266,2182.5,0.9138299822807312,66646400.0,3896430000.0,0.07860601466976147,3.9231,2.3495,125.8112,120.4163,91.43041,3.3,-1.5735999999999999
2024-03-12,17965.109375,5175.27001953125,81.91999816894531,2160.39990234375,0.9147999882698059,91388300.0,4080510000.0,0.08487789626677565,3.9231,2.3495,125.8112,120.4163,91.43041,3.3,-1.5735999999999999
2024-03-13,17961.380859375,5165.31005859375,84.02999877929688,2175.39990234375,0.9150999784469604,92880500.0,4282890000.0,0.07428241600350331,3.9231,2.3495,125.8112,120.4163,91.43041,3.3,-1.5735999999999999
2024-03-14,17942.0390625,5150.47998046875,85.41999816894531,2163.0,0.9128000140190125,93590600.0,4687970000.0,0.07550084711689252,3.9231,2.3495,125.8112,120.4163,91.43041,3.3,-1.5735999999999999
2024-03-15,17936.650390625,5117.08984375,85.33999633789062,2157.300048828125,0.9188299775123596,202910600.0,7753670000.0,0.07523880396554262,3.9231,2.3495,125.8112,120.4163,91.43041,3.3,-1.5735999999999999
2024-03-18,17932.6796875,5149.419921875,86.88999938964844,2160.699951171875,0.9189000129699707,63024300.0,4036220000.0,0.07550798044070203,3.9231,2.3495,125.8112,120.4163,91.43041,3.3,-1.5735999999999999
2024-03-19,17987.490234375,5178.509765625,87.37999725341797,2156.300048828125,0.9196299910545349,73421100.0,4031760000.0,0.07433249978757552,3.9231,2.3495,125.8112,120.4163,91.43041,3.3,-1.5735999999999999
2024-03-20,18015.130859375,5224.6201171875,85.94999694824219,2157.89990234375,0.9205300211906433,61711000.0,4064850000.0,0.07310878932078255,3.9231,2.3495,125.8112,120.4163,91.43041,3.3,-1.5735999999999999
2024-03-21,18179.25,5241.52978515625,85.77999877929688,2182.39990234375,0.9143099784851074,79118500.0,4207730000.0,0.0765319343208861,3.9231,2.3495,125.8112,120.4163,91.43041,3.3,-1.5735999999999999
2024-03-22,18205.939453125,5234.18017578125,85.43000030517578,2158.10009765625,0.9206100106239319,68616300.0,3374700000.0,0.06327544470709326,3.9231,2.3495,125.8112,120.4163,91.43041,3.3,-1.5735999999999999
2024-03-25,18261.310546875,5218.18994140625,86.75,2174.800048828125,0.925279974937439,53804600.0,3331360000.0,0.06330600661881083,3.9231,2.3495,125.8112,120.4163,91.43041,3.3,-1.5735999999999999
2024-03-26,18384.349609375,5203.580078125,86.25,2175.60009765625,0.9226599931716919,58786600.0,3871790000.0,0.0646755886342168,3.9231,2.3495,125.8112,120.4163,91.43041,3.3,-1.5735999999999999
2024-03-27,18477.08984375,5248.490234375,86.08999633789062,2190.60009765625,0.9231600165367126,66344700.0,3850500000.0,0.06269716200528824,3.9231,2.3495,125.8112,120.4163,91.43041,3.3,-1.5735999999999999
2024-03-28,18492.490234375,5254.35009765625,87.4800033569336,2217.39990234375,0.924780011177063,75716300.0,3998270000.0,0.06294218990454373,3.9231,2.3495,125.8112,120.4163,91.43041,3.3,-1.5735999999999999
2024-03-29,18492.490234375,5254.35009765625,87.4800033569336,2217.39990234375,0.9264000058174133,75716300.0,3998270000.0,0.06294218990454373,3.9231,2.3495,125.8112,120.4163,91.43041,3.3,-1.5735999999999999
2024-04-01,18492.490234375,5243.77001953125,87.41999816894531,2236.5,0.9265499711036682,75716300.0,3325930000.0,0.06294218990454373,3.8853333,2.4457142857,125.8112,120.8501,91.43041,3.4,-1.4396190143000003
2024-04-02,18283.130859375,5205.81005859375,88.91999816894531,2261.0,0.9313399791717529,82077300.0,3886590000.0,0.06294218990454373,3.8853333,2.4457142857,125.8112,120.8501,91.43041,3.4,-1.4396190143000003
2024-04-03,18367.720703125,5211.490234375,89.3499984741211,2294.39990234375,0.928629994392395,76334900.0,3703250000.0,0.06294218990454373,3.8853333,2.4457142857,125.8112,120.8501,91.43041,3.4,-1.4396190143000003
2024-04-04,18403.130859375,5147.2099609375,90.6500015258789,2288.800048828125,0.9226499795913696,62521400.0,4075680000.0,0.06294218990454373,3.8853333,2.4457142857,125.8112,120.8501,91.43041,3.4,-1.4396190143000003
2024-04-05,18175.0390625,5204.33984375,91.16999816894531,2325.699951171875,0.922760009765625,77046500.0,3386780000.0,0.06294218990454373,3.8853333,2.4457142857,125.8112,120.8501,91.43041,3.4,-1.4396190143000003
2024-04-08,18318.970703125,5202.39013671875,90.37999725341797,2331.699951171875,0.9233199954032898,61073600.0,3278180000.0,0.06294218990454373,3.8853333,2.4457142857,125.8112,120.8501,91.43041,3.4,-1.4396190143000003
2024-04-09,18076.689453125,5209.91015625,89.41999816894531,2343.5,0.9204999804496765,65276400.0,3400680000.0,0.06294218990454373,3.8853333,2.4457142857,125.8112,120.8501,91.43041,3.4,-1.4396190143000003
2024-04-10,18097.30078125,5160.64013671875,90.4800033569336,2329.60009765625,0.9208700060844421,83348200.0,3845930000.0,0.06294218990454373,3.8853333,2.4457142857,125.8112,120.8501,91.43041,3.4,-1.4396190143000003
2024-04-11,17954.48046875,5199.06005859375,89.73999786376953,2354.800048828125,0.9309499859809875,84365100.0,3509380000.0,0.06294218990454373,3.8853333,2.4457142857,125.8112,120.8501,91.43041,3.4,-1.4396190143000003
2024-04-12,17930.3203125,5123.41015625,90.44999694824219,2356.199951171875,0.9322400093078613,78993900.0,3963220000.0,0.06294218990454373,3.8853333,2.4457142857,125.8112,120.8501,91.43041,3.4,-1.4396190143000003
2024-04-15,18026.580078125,5061.81982421875,90.0999984741211,2365.800048828125,0.9390000104904175,65138500.0,3950210000.0,0.06294218990454373,3.8853333,2.4457142857,125.8112,120.8501,91.43041,3.4,-1.4396190143000003
2024-04-16,17766.23046875,5051.41015625,90.0199966430664,2390.800048828125,0.9411100149154663,73217300.0,4006200000.0,0.06294218990454373,3.8853333,2.4457142857,125.8112,120.8501,91.43041,3.4,-1.4396190143000003
2024-04-17,17770.01953125,5022.2099609375,87.29000091552734,2371.699951171875,0.9414899945259094,55970700.0,3596130000.0,0.06294218990454373,3.8853333,2.4457142857,125.8112,120.8501,91.43041,3.4,-1.4396190143000003
2024-04-18,17837.400390625,5011.1201171875,87.11000061035156,2382.300048828125,0.9372599720954895,60700500.0,3619760000.0,0.06294218990454373,3.8853333,2.4457142857,125.8112,120.8501,91.43041,3.4,-1.4396190143000003
2024-04-19,17737.359375,4967.22998046875,87.29000091552734,2398.39990234375,0.9394800066947937,79447700.0,3878750000.0,0.06294218990454373,3.8853333,2.4457142857,125.8112,120.8501,91.43041,3.4,-1.4396190143000003
2024-04-22,17860.80078125,5010.60009765625,87.0,2332.199951171875,0.9382399916648865,62454400.0,3820250000.0,0.06294218990454373,3.8853333,2.4457142857,125.8112,120.8501,91.43041,3.4,-1.4396190143000003
2024-04-23,18137.650390625,5070.5498046875,88.41999816894531,2327.699951171875,0.9386100172996521,68529200.0,3751400000.0,0.06294218990454373,3.8853333,2.4457142857,125.8112,120.8501,91.43041,3.4,-1.4396190143000003
2024-04-24,18088.69921875,5071.6298828125,88.0199966430664,2324.5,0.9341999888420105,75104600.0,3656740000.0,0.06294218990454373,3.8853333,2.4457142857,125.8112,120.8501,91.43041,3.4,-1.4396190143000003
2024-04-25,17917.279296875,5048.419921875,89.01000213623047,2329.800048828125,0.9345899820327759,101517300.0,3958050000.0,0.06294218990454373,3.8853333,2.4457142857,125.8112,120.8501,91.43041,3.4,-1.4396190143000003
2024-04-26,18161.009765625,5099.9599609375,89.5,2334.800048828125,0.9319999814033508,76008600.0,3604140000.0,0.06294218990454373,3.8853333,2.4457142857,125.8112,120.8501,91.43041,3.4,-1.4396190143000003
2024-04-29,18118.3203125,5116.169921875,88.4000015258789,2345.39990234375,0.9339799880981445,77251000.0,3447450000.0,0.06294218990454373,3.8853333,2.4457142857,125.8112,120.8501,91.43041,3.4,-1.4396190143000003
2024-04-30,17932.169921875,5035.68994140625,87.86000061035156,2291.39990234375,0.933210015296936,88206200.0,4082470000.0,0.06294218990454373,3.8853333,2.4457142857,125.8112,120.8501,91.43041,3.4,-1.4396190143000003
2024-05-01,17932.169921875,5018.39013671875,83.44000244140625,2299.89990234375,0.9375100135803223,88206200.0,4544170000.0,0.06294218990454373,3.8126818,2.5195454545,125.8112,121.1453,91.43041,3.4,-1.2931363455000002
2024-05-02,17896.5,5064.2001953125,83.66999816894531,2299.199951171875,0.932699978351593,71332200.0,4381660000.0,0.06294218990454373,3.8126818,2.5195454545,125.8112,121.1453,91.43041,3.4,-1.2931363455000002
2024-05-03,18001.599609375,5127.7900390625,82.95999908447266,2299.0,0.9316999912261963,71259900.0,3924990000.0,0.06294218990454373,3.8126818,2.5195454545,125.8112,121.1453,91.43041,3.4,-1.2931363455000002
2024-05-06,18175.2109375,5180.740234375,83.33000183105469,2321.60009765625,0.9295300245285034,46036600.0,3683250000.0,0.06294218990454373,3.8126818,2.5195454545,125.8112,121.1453,91.43041,3.4,-1.2931363455000002
2024-05-07,18430.05078125,5187.7001953125,83.16000366210938,2315.199951171875,0.9287199974060059,85365200.0,3987890000.0,0.06294218990454373,3.8126818,2.5195454545,125.8112,121.1453,91.43041,3.4,-1.2931363455000002
2024-05-08,18498.380859375,5187.669921875,83.58000183105469,2313.60009765625,0.9301900267601013,74222500.0,3842100000.0,0.06294218990454373,3.8126818,2.5195454545,125.8112,121.1453,91.43041,3.4,-1.2931363455000002
2024-05-09,18686.599609375,5214.080078125,83.87999725341797,2332.10009765625,0.9304999709129333,53613600.0,3727370000.0,0.06294218990454373,3.8126818,2.5195454545,125.8112,121.1453,91.43041,3.4,-1.2931363455000002
2024-05-10,18772.849609375,5222.68017578125,82.79000091552734,2367.300048828125,0.9272000193595886,87914100.0,3617900000.0,0.06294218990454373,3.8126818,2.5195454545,125.8112,121.1453,91.43041,3.4,-1.2931363455000002
2024-05-13,18742.220703125,5221.419921875,83.36000061035156,2336.10009765625,0.9284700155258179,66373100.0,4255710000.0,0.06294218990454373,3.8126818,2.5195454545,125.8112,121.1453,91.43041,3.4,-1.2931363455000002
2024-05-14,18716.419921875,5246.68017578125,82.37999725341797,2353.39990234375,0.9264799952507019,73288600.0,4763580000.0,0.06294218990454373,3.8126818,2.5195454545,125.8112,121.1453,91.43041,3.4,-1.2931363455000002
2024-05-15,18869.359375,5308.14990234375,82.75,2388.699951171875,0.9246799945831299,81628700.0,4360810000.0,0.06294218990454373,3.8126818,2.5195454545,125.8112,121.1453,91.43041,3.4,-1.2931363455000002
2024-05-16,18738.810546875,5297.10009765625,83.2699966430664,2380.0,0.9182900190353394,76322100.0,3817470000.0,0.06294218990454373,3.8126818,2.5195454545,125.8112,121.1453,91.43041,3.4,-1.2931363455000002
2024-05-17,18704.419921875,5303.27001953125,83.9800033569336,2412.199951171875,0.9201499819755554,75994100.0,3578120000.0,0.06294218990454373,3.8126818,2.5195454545,125.8112,121.1453,91.43041,3.4,-1.2931363455000002
2024-05-20,18768.9609375,5308.1298828125,83.70999908447266,2433.89990234375,0.9194999933242798,41185400.0,3420100000.0,0.06294218990454373,3.8126818,2.5195454545,125.8112,121.1453,91.43041,3.4,-1.2931363455000002
2024-05-21,18726.759765625,5321.41015625,82.87999725341797,2421.699951171875,0.920740008354187,65727800.0,3662240000.0,0.06294218990454373,3.8126818,2.5195454545,125.8112,121.1453,91.43041,3.4,-1.2931363455000002
2024-05-22,18680.19921875,5307.009765625,81.9000015258789,2389.199951171875,0.9212200045585632,57984200.0,3847130000.0,0.06294218990454373,3.8126818,2.5195454545,125.8112,121.1453,91.43041,3.4,-1.2931363455000002
2024-05-23,18691.3203125,5267.83984375,81.36000061035156,2335.0,0.923770010471344,63719300.0,3869520000.0,0.06294218990454373,3.8126818,2.5195454545,125.8112,121.1453,91.43041,3.4,-1.2931363455000002
2024-05-24,18693.369140625,5304.72021484375,82.12000274658203,2332.5,0.924839973449707,53855900.0,3005510000.0,0.06294218990454373,3.8126818,2.5195454545,125.8112,121.1453,91.43041,3.4,-1.2931363455000002
2024-05-27,18774.7109375,5304.72021484375,82.12000274658203,2332.5,0.9218599796295166,37335400.0,3005510000.0,0.06294218990454373,3.8126818,2.5195454545,125.8112,121.1453,91.43041,3.4,-1.2931363455000002
2024-05-28,18677.869140625,5306.0400390625,84.22000122070312,2355.199951171875,0.9206500053405762,52670400.0,3751540000.0,0.06294218990454373,3.8126818,2.5195454545,125.8112,121.1453,91.43041,3.4,-1.2931363455000002
2024-05-29,18473.2890625,5266.9501953125,83.5999984741211,2340.300048828125,0.921500027179718,59553600.0,3552750000.0,0.06294218990454373,3.8126818,2.5195454545,125.8112,121.1453,91.43041,3.4,-1.2931363455000002
2024-05-30,18496.7890625,5235.47998046875,81.86000061035156,2342.89990234375,0.9257699847221375,52348300.0,3818750000.0,0.06294218990454373,3.8126818,2.5195454545,125.8112,121.1453,91.43041,3.4,-1.2931363455000002
2024-05-31,18497.939453125,5277.509765625,81.62000274658203,2322.89990234375,0.9229000210762024,144013800.0,5437160000.0,0.0954206662908073,3.8126818,2.5195454545,125.8112,121.1453,91.43041,3.4,-1.2931363455000002
2024-06-03,18608.16015625,5283.39990234375,78.36000061035156,2346.60009765625,0.9214000105857849,54181600.0,4046920000.0,0.09546967009671577,3.7245,2.4845,125.8112,121.3768,91.43041,3.4,-1.2399999999999998
2024-06-04,18405.640625,5291.33984375,77.5199966430664,2325.5,0.9168099761009216,81414800.0,3707900000.0,0.10003999808010361,3.7245,2.4845,125.8112,121.3768,91.43041,3.4,-1.2399999999999998
2024-06-05,18575.939453125,5354.02978515625,78.41000366210938,2354.10009765625,0.9189599752426147,63882100.0,3591460000.0,0.09311448365195604,3.7245,2.4845,125.8112,121.3768,91.43041,3.4,-1.2399999999999998
2024-06-06,18652.669921875,5352.9599609375,79.87000274658203,2370.300048828125,0.9195799827575684,60878800.0,3609990000.0,0.0933156299876363,3.7245,2.4845,125.8112,121.3768,91.43041,3.4,-1.2399999999999998
2024-06-07,18557.26953125,5346.990234375,79.62000274658203,2305.199951171875,0.917900025844574,61383200.0,3692760000.0,0.08804238835152206,3.7245,2.4845,125.8112,121.3768,91.43041,3.4,-1.2399999999999998
2024-06-10,18494.890625,5360.7900390625,81.62999725341797,2307.699951171875,0.9277399778366089,53451600.0,3622280000.0,0.0867392743318099,3.7245,2.4845,125.8112,121.3768,91.43041,3.4,-1.2399999999999998
2024-06-11,18369.939453125,5375.31982421875,81.91999816894531,2307.5,0.9290000200271606,63755500.0,3568030000.0,0.08921687599670626,3.7245,2.4845,125.8112,121.3768,91.43041,3.4,-1.2399999999999998
2024-06-12,18630.859375,5421.02978515625,82.5999984741211,2336.0,0.9310700297355652,61490000.0,3962840000.0,0.10344616075017776,3.7245,2.4845,125.8112,121.3768,91.43041,3.4,-1.2399999999999998
2024-06-13,18265.6796875,5433.740234375,82.75,2300.199951171875,0.9247999787330627,72490900.0,3530380000.0,0.11874035096912477,3.7245,2.4845,125.8112,121.3768,91.43041,3.4,-1.2399999999999998
2024-06-14,18002.01953125,5431.60009765625,82.62000274658203,2331.39990234375,0.9312000274658203,92522600.0,3438650000.0,0.12569657009089027,3.7245,2.4845,125.8112,121.3768,91.43041,3.4,-1.2399999999999998
2024-06-17,18068.2109375,5473.22998046875,84.25,2312.39990234375,0.9343900084495544,57818800.0,3447840000.0,0.1271621785460218,3.7245,2.4845,125.8112,121.3768,91.43041,3.4,-1.2399999999999998
2024-06-18,18131.970703125,5487.02978515625,85.33000183105469,2330.39990234375,0.9310399889945984,50843000.0,3544330000.0,0.12720174957799185,3.7245,2.4845,125.8112,121.3768,91.43041,3.4,-1.2399999999999998
2024-06-19,18067.91015625,5487.02978515625,85.33000183105469,2330.39990234375,0.930899977684021,52036900.0,3544330000.0,0.12736044952264888,3.7245,2.4845,125.8112,121.3768,91.43041,3.4,-1.2399999999999998
2024-06-20,18254.1796875,5473.169921875,85.70999908447266,2353.800048828125,0.9301000237464905,59523600.0,3847060000.0,0.13387792600584925,3.7245,2.4845,125.8112,121.3768,91.43041,3.4,-1.2399999999999998
2024-06-21,18163.51953125,5464.6201171875,85.23999786376953,2316.39990234375,0.9340199828147888,154535300.0,6773800000.0,0.13439472299298505,3.7245,2.4845,125.8112,121.3768,91.43041,3.4,-1.2399999999999998
2024-06-24,18325.580078125,5447.8701171875,86.01000213623047,2330.0,0.9356499910354614,61738700.0,3696750000.0,0.13897251065975902,3.7245,2.4845,125.8112,121.3768,91.43041,3.4,-1.2399999999999998
2024-06-25,18177.619140625,5469.2998046875,85.01000213623047,2316.60009765625,0.9317299723625183,54133500.0,3591960000.0,0.1397098882286044,3.7245,2.4845,125.8112,121.3768,91.43041,3.4,-1.2399999999999998
2024-06-26,18155.240234375,5477.89990234375,85.25,2299.199951171875,0.9337400197982788,56452300.0,3563920000.0,0.13907548035505826,3.7245,2.4845,125.8112,121.3768,91.43041,3.4,-1.2399999999999998
2024-06-27,18210.55078125,5482.8701171875,86.38999938964844,2324.5,0.9363200068473816,54448500.0,3589530000.0,0.13525252804009524,3.7245,2.4845,125.8112,121.3768,91.43041,3.4,-1.2399999999999998
2024-06-28,18235.44921875,5460.47998046875,86.41000366210938,2327.699951171875,0.9338399767875671,64588100.0,7199220000.0,0.1352699410925189,3.7245,2.4845,125.8112,121.3768,91.43041,3.4,-1.2399999999999998
2024-07-01,18290.66015625,5475.08984375,86.5999984741211,2327.60009765625,0.9315099716186523,55846500.0,3488760000.0,0.1358534603467259,3.6848261,2.4582608696,125.8112,121.8208,91.43041,3.4,-1.2265652303999999
2024-07-02,18164.060546875,5509.009765625,86.23999786376953,2323.0,0.9313499927520752,57146800.0,3329950000.0,0.13546267630136485,3.6848261,2.4582608696,125.8112,121.8208,91.43041,3.4,-1.2265652303999999
2024-07-03,18374.529296875,5537.02001953125,87.33999633789062,2359.800048828125,0.9303699731826782,59157800.0,2179470000.0,0.13739616540454846,3.6848261,2.4582608696,125.8112,121.8208,91.43041,3.4,-1.2265652303999999
2024-07-04,18450.48046875,5537.02001953125,87.33999633789062,2359.800048828125,0.9265000224113464,34330900.0,2179470000.0,0.13413726856672742,3.6848261,2.4582608696,125.8112,121.8208,91.43041,3.4,-1.2265652303999999
2024-07-05,18475.44921875,5567.18994140625,86.54000091552734,2388.5,0.9250100255012512,45501300.0,3253080000.0,0.13332694365955522,3.6848261,2.4582608696,125.8112,121.8208,91.43041,3.4,-1.2265652303999999
2024-07-08,18472.05078125,5572.85009765625,85.75,2355.199951171875,0.9236999750137329,45306600.0,3185670000.0,0.13222934837397396,3.6848261,2.4582608696,125.8112,121.8208,91.43041,3.4,-1.2265652303999999
2024-07-09,18236.189453125,5576.97998046875,84.66000366210938,2360.10009765625,0.9232800006866455,56403100.0,3232920000.0,0.1389218695452753,3.6848261,2.4582608696,125.8112,121.8208,91.43041,3.4,-1.2265652303999999
2024-07-10,18407.220703125,5633.91015625,85.08000183105469,2372.199951171875,0.9246600270271301,49277300.0,3336100000.0,0.14118799592398948,3.6848261,2.4582608696,125.8112,121.8208,91.43041,3.4,-1.2265652303999999
2024-07-11,18534.560546875,5584.5400390625,85.4000015258789,2415.0,0.9230800271034241,50928500.0,4020950000.0,0.13411899907951952,3.6848261,2.4582608696,125.8112,121.8208,91.43041,3.4,-1.2265652303999999
2024-07-12,18748.1796875,5615.35009765625,85.02999877929688,2414.0,0.919730007648468,49829900.0,3700280000.0,0.12002621958849001,3.6848261,2.4582608696,125.8112,121.8208,91.43041,3.4,-1.2265652303999999
2024-07-15,18590.890625,5631.22021484375,84.8499984741211,2422.89990234375,0.9186499714851379,42769100.0,3620470000.0,0.11159056576938511,3.6848261,2.4582608696,125.8112,121.8208,91.43041,3.4,-1.2265652303999999
2024-07-16,18518.029296875,5667.2001953125,83.7300033569336,2462.39990234375,0.9172999858856201,45194900.0,4041760000.0,0.11286786705128496,3.6848261,2.4582608696,125.8112,121.8208,91.43041,3.4,-1.2265652303999999
2024-07-17,18437.30078125,5588.27001953125,85.08000183105469,2454.800048828125,0.9172199964523315,49011600.0,4246450000.0,0.11411429314543148,3.6848261,2.4582608696,125.8112,121.8208,91.43041,3.4,-1.2265652303999999
2024-07-18,18354.759765625,5544.58984375,85.11000061035156,2451.800048828125,0.9140599966049194,52139700.0,4007510000.0,0.1146136942799361,3.6848261,2.4582608696,125.8112,121.8208,91.43041,3.4,-1.2265652303999999
2024-07-19,18171.9296875,5505.0,82.62999725341797,2395.5,0.9172999858856201,58262300.0,3760570000.0,0.11487696853452294,3.6848261,2.4582608696,125.8112,121.8208,91.43041,3.4,-1.2265652303999999
2024-07-22,18407.0703125,5564.41015625,82.4000015258789,2392.0,0.9175000190734863,46821100.0,3375180000.0,0.1220206165444434,3.6848261,2.4582608696,125.8112,121.8208,91.43041,3.4,-1.2265652303999999
2024-07-23,18557.69921875,5555.740234375,81.01000213623047,2404.60009765625,0.9182900190353394,48611000.0,3500210000.0,0.12141559209149143,3.6848261,2.4582608696,125.8112,121.8208,91.43041,3.4,-1.2265652303999999
2024-07-24,18387.4609375,5427.1298828125,81.70999908447266,2413.300048828125,0.9215999841690063,71705700.0,3945550000.0,0.1224635990750612,3.6848261,2.4582608696,125.8112,121.8208,91.43041,3.4,-1.2265652303999999
2024-07-25,18298.720703125,5399.22021484375,82.37000274658203,2351.89990234375,0.9225500226020813,70728300.0,4592120000.0,0.12375802700457161,3.6848261,2.4582608696,125.8112,121.8208,91.43041,3.4,-1.2265652303999999
2024-07-26,18417.55078125,5459.10009765625,81.12999725341797,2380.0,0.9215499758720398,46952600.0,3638770000.0,0.12525270946806852,3.6848261,2.4582608696,125.8112,121.8208,91.43041,3.4,-1.2265652303999999
2024-07-29,18320.669921875,5463.5400390625,79.77999877929688,2377.300048828125,0.9213399887084961,42845500.0,3379970000.0,0.1268142017212626,3.6848261,2.4582608696,125.8112,121.8208,91.43041,3.4,-1.2265652303999999
2024-07-30,18411.1796875,5436.43994140625,78.62999725341797,2405.0,0.9242600202560425,43049700.0,3777740000.0,0.1275127570962198,3.6848261,2.4582608696,125.8112,121.8208,91.43041,3.4,-1.2265652303999999
2024-07-31,18508.650390625,5522.2998046875,80.72000122070312,2426.5,0.9245499968528748,62448100.0,4546910000.0,0.12575269831587227,3.6848261,2.4582608696,125.8112,121.8208,91.43041,3.4,-1.2265652303999999
2024-08-01,18083.05078125,5446.68017578125,79.5199966430664,2435.0,0.9238799810409546,71404300.0,4703620000.0,0.14447515154965732,3.5475909,2.2077272727,125.8112,121.872,91.43041,3.4,-1.3398636272999997
2024-08-02,17661.220703125,5346.56005859375,76.80999755859375,2425.699951171875,0.9269899725914001,93521900.0,5156450000.0,0.16298003855389712,3.5475909,2.2077272727,125.8112,121.872,91.43041,3.4,-1.3398636272999997
2024-08-05,17339.0,5186.330078125,76.30000305175781,2401.699951171875,0.9165199995040894,101880300.0,5333250000.0,0.17175821388547016,3.5475909,2.2077272727,125.8112,121.872,91.43041,3.4,-1.3398636272999997
2024-08-06,17354.3203125,5240.02978515625,76.4800033569336,2389.10009765625,0.9131600260734558,78115300.0,4690190000.0,0.17201542129607889,3.5475909,2.2077272727,125.8112,121.872,91.43041,3.4,-1.3398636272999997
2024-08-07,17615.150390625,5199.5,78.33000183105469,2390.5,0.9152299761772156,73601400.0,4558260000.0,0.17876598066617996,3.5475909,2.2077272727,125.8112,121.872,91.43041,3.4,-1.3398636272999997
2024-08-08,17680.400390625,5319.31005859375,79.16000366210938,2422.199951171875,0.9150699973106384,61730800.0,4016830000.0,0.17542944041219435,3.5475909,2.2077272727,125.8112,121.872,91.43041,3.4,-1.3398636272999997
2024-08-09,17722.880859375,5344.16015625,79.66000366210938,2432.10009765625,0.9161099791526794,0.0,3516400000.0,0.1732673206422859,3.5475909,2.2077272727,125.8112,121.872,91.43041,3.4,-1.3398636272999997
2024-08-12,17726.470703125,5344.39013671875,82.30000305175781,2462.39990234375,0.9162700176239014,38708600.0,3360160000.0,0.16637273337452574,3.5475909,2.2077272727,125.8112,121.872,91.43041,3.4,-1.3398636272999997
2024-08-13,17812.05078125,5434.43017578125,80.69000244140625,2466.699951171875,0.9143900275230408,0.0,3648980000.0,0.16688917465329905,3.5475909,2.2077272727,125.8112,121.872,91.43041,3.4,-1.3398636272999997
2024-08-14,17885.599609375,5455.2099609375,79.76000213623047,2439.39990234375,0.9093400239944458,0.0,3380050000.0,0.16803747523281695,3.5475909,2.2077272727,125.8112,121.872,91.43041,3.4,-1.3398636272999997
2024-08-15,18183.240234375,5543.22021484375,81.04000091552734,2453.10009765625,0.9079999923706055,0.0,3723310000.0,0.17907667477578865,3.5475909,2.2077272727,125.8112,121.872,91.43041,3.4,-1.3398636272999997
2024-08-16,18322.400390625,5554.25,79.68000030517578,2498.60009765625,0.9113500118255615,63794900.0,3357690000.0,0.18069015067821578,3.5475909,2.2077272727,125.8112,121.872,91.43041,3.4,-1.3398636272999997
2024-08-19,18421.689453125,5608.25,77.66000366210938,2501.800048828125,0.9070299863815308,43769700.0,3222050000.0,0.1778633328454755,3.5475909,2.2077272727,125.8112,121.872,91.43041,3.4,-1.3398636272999997
2024-08-20,18357.51953125,5597.1201171875,77.19999694824219,2511.300048828125,0.9020000100135803,42912000.0,2994420000.0,0.1726577848788713,3.5475909,2.2077272727,125.8112,121.872,91.43041,3.4,-1.3398636272999997
2024-08-21,18448.94921875,5620.85009765625,76.05000305175781,2508.39990234375,0.898639976978302,36068100.0,3119670000.0,0.17107765062650385,3.5475909,2.2077272727,125.8112,121.872,91.43041,3.4,-1.3398636272999997
2024-08-22,18493.390625,5570.64013671875,77.22000122070312,2478.89990234375,0.8964300155639648,40950900.0,2981530000.0,0.16812286721762154,3.5475909,2.2077272727,125.8112,121.872,91.43041,3.4,-1.3398636272999997
2024-08-23,18633.099609375,5634.60986328125,79.0199966430664,2508.39990234375,0.8995100259780884,41122500.0,3291940000.0,0.16881000132149102,3.5475909,2.2077272727,125.8112,121.872,91.43041,3.4,-1.3398636272999997
2024-08-26,18617.01953125,5616.83984375,81.43000030517578,2517.699951171875,0.8938199877738953,23952300.0,2938570000.0,0.16766742537530357,3.5475909,2.2077272727,125.8112,121.872,91.43041,3.4,-1.3398636272999997
2024-08-27,18681.810546875,5625.7998046875,79.55000305175781,2516.0,0.8956800103187561,35308200.0,2798990000.0,0.16657039231222107,3.5475909,2.2077272727,125.8112,121.872,91.43041,3.4,-1.3398636272999997
2024-08-28,18782.2890625,5592.18017578125,78.6500015258789,2501.0,0.8946200013160706,37615100.0,3053450000.0,0.16670840024664985,3.5475909,2.2077272727,125.8112,121.872,91.43041,3.4,-1.3398636272999997
2024-08-29,18912.5703125,5591.9599609375,79.94000244140625,2525.699951171875,0.8988800048828125,39421500.0,3065640000.0,0.16733684017383463,3.5475909,2.2077272727,125.8112,121.872,91.43041,3.4,-1.3398636272999997
2024-08-30,18906.919921875,5648.39990234375,78.80000305175781,2493.800048828125,0.9024900197982788,95583000.0,4185850000.0,0.1428727825153646,3.5475909,2.2077272727,125.8112,121.872,91.43041,3.4,-1.3398636272999997
2024-09-02,18930.849609375,5648.39990234375,78.80000305175781,2493.800048828125,0.9053999781608582,36654700.0,4185850000.0,0.10896400591623279,3.4337143,2.1671428571,125.8112,121.9985,91.43041,3.4,-1.2665714429000001
2024-09-03,18747.109375,5528.93017578125,73.75,2489.89990234375,0.9035500288009644,51866700.0,3866350000.0,0.0900276180010808,3.4337143,2.1671428571,125.8112,121.9985,91.43041,3.4,-1.2665714429000001
2024-09-04,18591.849609375,5520.06982421875,72.69999694824219,2493.39990234375,0.9050700068473816,52360600.0,3478140000.0,0.09885765949416109,3.4337143,2.1671428571,125.8112,121.9985,91.43041,3.4,-1.2665714429000001
2024-09-05,18576.5,5503.41015625,72.69000244140625,2511.39990234375,0.9024900197982788,57259500.0,3521650000.0,0.09002462600845279,3.4337143,2.1671428571,125.8112,121.9985,91.43041,3.4,-1.2665714429000001
2024-09-06,18301.900390625,5408.419921875,71.05999755859375,2493.5,0.8999999761581421,60804900.0,3822800000.0,0.1080145026503929,3.4337143,2.1671428571,125.8112,121.9985,91.43041,3.4,-1.2665714429000001
2024-09-09,18443.560546875,5471.0498046875,71.83999633789062,2501.800048828125,0.9019399881362915,43109500.0,3825940000.0,0.11003518958340662,3.4337143,2.1671428571,125.8112,121.9985,91.43041,3.4,-1.2665714429000001
2024-09-10,18265.919921875,5495.52001953125,69.19000244140625,2512.300048828125,0.906000018119812,70039500.0,3848180000.0,0.11702375793155466,3.4337143,2.1671428571,125.8112,121.9985,91.43041,3.4,-1.2665714429000001
2024-09-11,18330.26953125,5554.1298828125,70.61000061035156,2512.10009765625,0.9073600172996521,87371800.0,3839450000.0,0.11663646913881841,3.4337143,2.1671428571,125.8112,121.9985,91.43041,3.4,-1.2665714429000001
2024-09-12,18518.390625,5595.759765625,71.97000122070312,2551.199951171875,0.9081900119781494,61591100.0,3655070000.0,0.12032692296504313,3.4337143,2.1671428571,125.8112,121.9985,91.43041,3.4,-1.2665714429000001
2024-09-13,18699.400390625,5626.02001953125,71.61000061035156,2581.300048828125,0.9027000069618225,69687600.0,3500790000.0,0.11160738009650846,3.4337143,2.1671428571,125.8112,121.9985,91.43041,3.4,-1.2665714429000001
2024-09-16,18633.109375,5633.08984375,72.75,2580.39990234375,0.9018399715423584,51208600.0,3437070000.0,0.11038282927856323,3.4337143,2.1671428571,125.8112,121.9985,91.43041,3.4,-1.2665714429000001
2024-09-17,18726.080078125,5634.580078125,73.69999694824219,2564.300048828125,0.8985099792480469,60260500.0,3443600000.0,0.11016739706030179,3.4337143,2.1671428571,125.8112,121.9985,91.43041,3.4,-1.2665714429000001
2024-09-18,18711.490234375,5618.259765625,73.6500015258789,2570.699951171875,0.8990300297737122,56152800.0,3691390000.0,0.10923579033342326,3.4337143,2.1671428571,125.8112,121.9985,91.43041,3.4,-1.2665714429000001
2024-09-19,19002.380859375,5713.64013671875,74.87999725341797,2588.0,0.8996999859809875,80223000.0,4024530000.0,0.11979081930908855,3.4337143,2.1671428571,125.8112,121.9985,91.43041,3.4,-1.2665714429000001
2024-09-20,18720.009765625,5702.5498046875,74.48999786376953,2619.89990234375,0.8959000110626221,155117400.0,7867260000.0,0.13230559651316895,3.4337143,2.1671428571,125.8112,121.9985,91.43041,3.4,-1.2665714429000001
2024-09-23,18846.7890625,5718.56982421875,73.9000015258789,2626.5,0.8959900140762329,67192700.0,3529550000.0,0.13181540055328966,3.4337143,2.1671428571,125.8112,121.9985,91.43041,3.4,-1.2665714429000001
2024-09-24,18996.630859375,5732.93017578125,75.16999816894531,2651.199951171875,0.8999500274658203,57329700.0,3872710000.0,0.13411871265223388,3.4337143,2.1671428571,125.8112,121.9985,91.43041,3.4,-1.2665714429000001
2024-09-25,18918.5,5722.259765625,73.45999908447266,2659.199951171875,0.893559992313385,52174600.0,3624910000.0,0.1349232845974772,3.4337143,2.1671428571,125.8112,121.9985,91.43041,3.4,-1.2665714429000001
2024-09-26,19238.359375,5745.3701171875,71.5999984741211,2669.89990234375,0.898389995098114,78292900.0,4391180000.0,0.14552521858909542,3.4337143,2.1671428571,125.8112,121.9985,91.43041,3.4,-1.2665714429000001
2024-09-27,19473.630859375,5738.169921875,71.9800033569336,2644.300048828125,0.8946800231933594,77616700.0,3898530000.0,0.1492686920499009,3.4337143,2.1671428571,125.8112,121.9985,91.43041,3.4,-1.2665714429000001
2024-09-30,19324.9296875,5762.47998046875,71.7699966430664,2636.10009765625,0.8952699899673462,67084500.0,4425730000.0,0.15247220009412873,3.4337143,2.1671428571,125.8112,121.9985,91.43041,3.4,-1.2665714429000001
2024-10-01,19213.140625,5708.75,73.55999755859375,2667.300048828125,0.8979399800300598,69875300.0,4025180000.0,0.1543123639535362,3.1666087,2.2295652174,125.8112,122.4336,91.43041,3.4,-0.9370434826
2024-10-02,19164.75,5709.5400390625,73.9000015258789,2647.10009765625,0.9038400053977966,49480800.0,3829050000.0,0.1501280228295244,3.1666087,2.2295652174,125.8112,122.4336,91.43041,3.4,-0.9370434826
2024-10-03,19015.41015625,5699.93994140625,77.62000274658203,2657.10009765625,0.9050999879837036,46992800.0,3597450000.0,0.1497521068056768,3.1666087,2.2295652174,125.8112,122.4336,91.43041,3.4,-0.9370434826
2024-10-04,19120.9296875,5751.06982421875,78.05000305175781,2645.800048828125,0.9061599969863892,58396000.0,3479400000.0,0.15033795456488516,3.1666087,2.2295652174,125.8112,122.4336,91.43041,3.4,-0.9370434826
2024-10-07,19104.099609375,5695.93994140625,80.93000030517578,2644.800048828125,0.9111999869346619,46285500.0,3637790000.0,0.1387259892502535,3.1666087,2.2295652174,125.8112,122.4336,91.43041,3.4,-0.9370434826
2024-10-08,19066.470703125,5751.1298828125,77.18000030517578,2615.0,0.9110999703407288,49308400.0,3393400000.0,0.1378099366746679,3.1666087,2.2295652174,125.8112,122.4336,91.43041,3.4,-0.9370434826
2024-10-09,19254.9296875,5792.0400390625,76.58000183105469,2606.0,0.9110999703407288,53333500.0,3650340000.0,0.13427242261544553,3.1666087,2.2295652174,125.8112,122.4336,91.43041,3.4,-0.9370434826
2024-10-10,19210.900390625,5780.0498046875,79.4000015258789,2620.60009765625,0.9138000011444092,52366500.0,3208790000.0,0.13524564283664361,3.1666087,2.2295652174,125.8112,122.4336,91.43041,3.4,-0.9370434826
2024-10-11,19373.830078125,5815.02978515625,79.04000091552734,2657.60009765625,0.9145900011062622,54978200.0,3208720000.0,0.13405470337898134,3.1666087,2.2295652174,125.8112,122.4336,91.43041,3.4,-0.9370434826
2024-10-14,19508.2890625,5859.85009765625,77.45999908447266,2647.800048828125,0.9153000116348267,43005800.0,3005250000.0,0.13238236101923026,3.1666087,2.2295652174,125.8112,122.4336,91.43041,3.4,-0.9370434826
2024-10-15,19486.189453125,5815.259765625,74.25,2661.39990234375,0.9166600108146667,69656200.0,3882120000.0,0.13135713822777376,3.1666087,2.2295652174,125.8112,122.4336,91.43041,3.4,-0.9370434826
2024-10-16,19432.810546875,5842.47021484375,74.22000122070312,2674.0,0.9187700152397156,51088700.0,3467230000.0,0.13199124794287093,3.1666087,2.2295652174,125.8112,122.4336,91.43041,3.4,-0.9370434826
2024-10-17,19583.390625,5841.47021484375,74.44999694824219,2691.0,0.9205999970436096,49000700.0,3480010000.0,0.13319328949339113,3.1666087,2.2295652174,125.8112,122.4336,91.43041,3.4,-0.9370434826
2024-10-18,19657.369140625,5864.669921875,73.05999755859375,2713.699951171875,0.9233999848365784,57112300.0,3374490000.0,0.12428104921644796,3.1666087,2.2295652174,125.8112,122.4336,91.43041,3.4,-0.9370434826
2024-10-21,19461.189453125,5853.97998046875,74.29000091552734,2723.10009765625,0.9200800061225891,41631500.0,3407010000.0,0.11705561756938579,3.1666087,2.2295652174,125.8112,122.4336,91.43041,3.4,-0.9370434826
2024-10-22,19421.91015625,5851.2001953125,76.04000091552734,2744.199951171875,0.9243999719619751,54438000.0,3342080000.0,0.11638204371974165,3.1666087,2.2295652174,125.8112,122.4336,91.43041,3.4,-0.9370434826
2024-10-23,19377.619140625,5797.419921875,74.95999908447266,2714.39990234375,0.9261599779129028,52260500.0,3532650000.0,0.1145728266873211,3.1666087,2.2295652174,125.8112,122.4336,91.43041,3.4,-0.9370434826
2024-10-24,19443.0,5809.85986328125,74.37999725341797,2734.89990234375,0.9276000261306763,55469100.0,3543030000.0,0.11331571429676558,3.1666087,2.2295652174,125.8112,122.4336,91.43041,3.4,-0.9370434826
2024-10-25,19463.58984375,5808.1201171875,76.05000305175781,2740.89990234375,0.9238600134849548,46014500.0,3501280000.0,0.09814373914155773,3.1666087,2.2295652174,125.8112,122.4336,91.43041,3.4,-0.9370434826
2024-10-28,19531.619140625,5823.52001953125,71.41999816894531,2742.89990234375,0.9262199997901917,46669100.0,3691280000.0,0.08934190593202418,3.1666087,2.2295652174,125.8112,122.4336,91.43041,3.4,-0.9370434826
2024-10-29,19478.0703125,5832.919921875,71.12000274658203,2768.39990234375,0.9244899749755859,46982400.0,3879100000.0,0.08548857415282596,3.1666087,2.2295652174,125.8112,122.4336,91.43041,3.4,-0.9370434826
2024-10-30,19257.33984375,5813.669921875,72.55000305175781,2788.5,0.9241600036621094,59541100.0,3851120000.0,0.09241632323991746,3.1666087,2.2295652174,125.8112,122.4336,91.43041,3.4,-0.9370434826
2024-10-31,19077.5390625,5705.4501953125,73.16000366210938,2738.300048828125,0.9208800196647644,63370400.0,4425660000.0,0.09773911332773658,3.1666087,2.2295652174,125.8112,122.4336,91.43041,3.4,-0.9370434826
2024-11-01,19254.970703125,5728.7998046875,73.0999984741211,2738.60009765625,0.9186000227928162,45756600.0,3796450000.0,0.09893533660258923,3.0067619,2.3057142857,125.8112,122.0364,91.43041,3.4,-0.7010476142999997
2024-11-04,19147.849609375,5712.68994140625,75.08000183105469,2736.10009765625,0.9195799827575684,43111600.0,3602060000.0,0.09943976882796296,3.0067619,2.3057142857,125.8112,122.0364,91.43041,3.4,-0.7010476142999997
2024-11-05,19256.26953125,5782.759765625,75.52999877929688,2740.300048828125,0.9196199774742126,47179800.0,3768310000.0,0.10120605793508712,3.0067619,2.3057142857,125.8112,122.0364,91.43041,3.4,-0.7010476142999997
2024-11-06,19039.310546875,5929.0400390625,74.91999816894531,2667.60009765625,0.9145399928092957,112726700.0,6329530000.0,0.10878638397977733,3.0067619,2.3057142857,125.8112,122.0364,91.43041,3.4,-0.7010476142999997
2024-11-07,19362.51953125,5973.10009765625,75.62999725341797,2698.39990234375,0.9316999912261963,83268900.0,4925740000.0,0.1192161495173332,3.0067619,2.3057142857,125.8112,122.0364,91.43041,3.4,-0.7010476142999997
2024-11-08,19215.48046875,5995.5400390625,73.87000274658203,2687.5,0.9263399839401245,69792500.0,4666740000.0,0.12204677604698412,3.0067619,2.3057142857,125.8112,122.0364,91.43041,3.4,-0.7010476142999997
2024-11-11,19448.599609375,6001.35009765625,71.83000183105469,2611.199951171875,0.9332799911499023,59016800.0,4333000000.0,0.12582514790465366,3.0067619,2.3057142857,125.8112,122.0364,91.43041,3.4,-0.7010476142999997
2024-11-12,19033.640625,5983.990234375,71.88999938964844,2600.0,0.9376999735832214,92931100.0,4243400000.0,0.1436428408450505,3.0067619,2.3057142857,125.8112,122.0364,91.43041,3.4,-0.7010476142999997
2024-11-13,19003.109375,5985.3798828125,72.27999877929688,2580.800048828125,0.9419100284576416,92679600.0,4220180000.0,0.1436521016573632,3.0067619,2.3057142857,125.8112,122.0364,91.43041,3.4,-0.7010476142999997
2024-11-14,19263.69921875,5949.169921875,72.55999755859375,2568.199951171875,0.9466000199317932,77861900.0,4184570000.0,0.15240563607429267,3.0067619,2.3057142857,125.8112,122.0364,91.43041,3.4,-0.7010476142999997
2024-11-15,19210.810546875,5870.6201171875,71.04000091552734,2565.699951171875,0.9496600031852722,67439800.0,4590960000.0,0.14967099821830576,3.0067619,2.3057142857,125.8112,122.0364,91.43041,3.4,-0.7010476142999997
2024-11-18,19189.189453125,5893.6201171875,73.30000305175781,2610.60009765625,0.9493299722671509,51546500.0,3983860000.0,0.14871249540464343,3.0067619,2.3057142857,125.8112,122.0364,91.43041,3.4,-0.7010476142999997
2024-11-19,19060.310546875,5916.97998046875,73.30999755859375,2627.10009765625,0.9438499808311462,62320400.0,4036940000.0,0.14667423538807137,3.0067619,2.3057142857,125.8112,122.0364,91.43041,3.4,-0.7010476142999997
2024-11-20,19004.779296875,5917.10986328125,72.80999755859375,2648.199951171875,0.9427199959754944,53795400.0,3772620000.0,0.1467891172340127,3.0067619,2.3057142857,125.8112,122.0364,91.43041,3.4,-0.7010476142999997
2024-11-21,19146.169921875,5948.7099609375,74.2300033569336,2672.10009765625,0.9482100009918213,55646800.0,4230120000.0,0.1495505624204993,3.0067619,2.3057142857,125.8112,122.0364,91.43041,3.4,-0.7010476142999997
2024-11-22,19322.58984375,5969.33984375,75.16999816894531,2709.89990234375,0.9551699757575989,71164000.0,4141420000.0,0.15280453731156432,3.0067619,2.3057142857,125.8112,122.0364,91.43041,3.4,-0.7010476142999997
2024-11-25,19405.19921875,5987.3701171875,73.01000213623047,2616.800048828125,0.9542099833488464,121851800.0,5633150000.0,0.15355645775880722,3.0067619,2.3057142857,125.8112,122.0364,91.43041,3.4,-0.7010476142999997
2024-11-26,19295.98046875,6021.6298828125,72.80999755859375,2620.300048828125,0.9574599862098694,60758200.0,3835170000.0,0.15411755523689852,3.0067619,2.3057142857,125.8112,122.0364,91.43041,3.4,-0.7010476142999997
2024-11-27,19261.75,5998.740234375,72.83000183105469,2639.89990234375,0.9531800150871277,51794500.0,3363340000.0,0.1539792081117184,3.0067619,2.3057142857,125.8112,122.0364,91.43041,3.4,-0.7010476142999997
2024-11-28,19425.73046875,5998.740234375,72.83000183105469,2639.89990234375,0.9467499852180481,42531100.0,3363340000.0,0.15169660825913106,3.0067619,2.3057142857,125.8112,122.0364,91.43041,3.4,-0.7010476142999997
2024-11-29,19626.44921875,6032.3798828125,72.94000244140625,2657.0,0.9466999769210815,52162600.0,2444420000.0,0.15099481248447044,3.0067619,2.3057142857,125.8112,122.0364,91.43041,3.4,-0.7010476142999997
2024-12-02,19933.619140625,6047.14990234375,71.83000183105469,2634.89990234375,0.9483100175857544,63210300.0,4412470000.0,0.15667951309806172,3.0067619,2.3057142857,125.8112,122.0364,91.43041,3.4,-0.7010476142999997
2024-12-03,20016.75,6049.8798828125,73.62000274658203,2644.699951171875,0.952269971370697,63234700.0,4095000000.0,0.15461074071869382,3.0067619,2.3057142857,125.8112,122.0364,91.43041,3.4,-0.7010476142999997
2024-12-04,20232.140625,6086.490234375,72.30999755859375,2653.800048828125,0.9513999819755554,63418900.0,4003390000.0,0.15705493292501102,3.0067619,2.3057142857,125.8112,122.0364,91.43041,3.4,-0.7010476142999997
2024-12-05,20358.80078125,6075.10986328125,72.08999633789062,2626.60009765625,0.9510999917984009,58274500.0,4212020000.0,0.14938092120621851,3.0067619,2.3057142857,125.8112,122.0364,91.43041,3.4,-0.7010476142999997
2024-12-06,20384.609375,6090.27001953125,71.12000274658203,2638.60009765625,0.9446799755096436,61610000.0,3924830000.0,0.1408459855352222,3.0067619,2.3057142857,125.8112,122.0364,91.43041,3.4,-0.7010476142999997
2024-12-09,20345.9609375,6052.85009765625,72.13999938964844,2664.89990234375,0.9464799761772156,58794900.0,4556460000.0,0.13703728160878048,3.0067619,2.3057142857,125.8112,122.0364,91.43041,3.4,-0.7010476142999997
2024-12-10,20329.16015625,6034.91015625,72.19000244140625,2697.60009765625,0.9473999738693237,66183800.0,4048410000.0,0.13317013702959,3.0067619,2.3057142857,125.8112,122.0364,91.43041,3.4,-0.7010476142999997
2024-12-11,20399.16015625,6084.18994140625,73.5199966430664,2733.800048828125,0.949400007724762,59728100.0,4269950000.0,0.10217753622055886,3.0067619,2.3057142857,125.8112,122.0364,91.43041,3.4,-0.7010476142999997
2024-12-12,20426.26953125,6051.25,73.41000366210938,2687.5,0.9517599940299988,55684800.0,3678010000.0,0.10089205249477663,3.0067619,2.3057142857,125.8112,122.0364,91.43041,3.4,-0.7010476142999997
2024-12-13,20405.919921875,6051.08984375,74.48999786376953,2656.0,0.9547399878501892,52015900.0,3584960000.0,0.09474464661126472,3.0067619,2.3057142857,125.8112,122.0364,91.43041,3.4,-0.7010476142999997
2024-12-16,20313.810546875,6074.080078125,73.91000366210938,2651.39990234375,0.9514700174331665,64212700.0,4391100000.0,0.09622667517233154,3.0067619,2.3057142857,125.8112,122.0364,91.43041,3.4,-0.7010476142999997
2024-12-17,20246.369140625,6050.60986328125,73.19000244140625,2644.39990234375,0.9508100152015686,70862400.0,4544500000.0,0.09761035298986093,3.0067619,2.3057142857,125.8112,122.0364,91.43041,3.4,-0.7010476142999997
2024-12-18,20242.5703125,5872.16015625,73.38999938964844,2636.5,0.9528300166130066,62488100.0,5246960000.0,0.09225326731861978,3.0067619,2.3057142857,125.8112,122.0364,91.43041,3.4,-0.7010476142999997
2024-12-19,19969.859375,5867.080078125,72.87999725341797,2592.199951171875,0.966159999370575,70045700.0,4896880000.0,0.10673126677984739,3.0067619,2.3057142857,125.8112,122.0364,91.43041,3.4,-0.7010476142999997
2024-12-20,19884.75,5930.85009765625,72.94000244140625,2628.699951171875,0.9647899866104126,135977900.0,8223220000.0,0.10744100884871817,3.0067619,2.3057142857,125.8112,122.0364,91.43041,3.4,-0.7010476142999997
2024-12-23,19848.76953125,5974.06982421875,72.62999725341797,2612.300048828125,0.9584900140762329,38341600.0,3593280000.0,0.10463899243857441,3.0067619,2.3057142857,125.8112,122.0364,91.43041,3.4,-0.7010476142999997
2024-12-24,19848.76953125,6040.0400390625,73.58000183105469,2620.0,0.9610000252723694,38341600.0,1757720000.0,0.10463899243857441,3.0067619,2.3057142857,125.8112,122.0364,91.43041,3.4,-0.7010476142999997
2024-12-25,19848.76953125,6040.0400390625,73.58000183105469,2620.0,0.9613000154495239,38341600.0,1757720000.0,0.10463899243857441,3.0067619,2.3057142857,125.8112,122.0364,91.43041,3.4,-0.7010476142999997
2024-12-26,19848.76953125,6037.58984375,73.26000213623047,2638.800048828125,0.9615799784660339,38341600.0,2904530000.0,0.10463899243857441,3.0067619,2.3057142857,125.8112,122.0364,91.43041,3.4,-0.7010476142999997
2024-12-27,19984.3203125,5970.83984375,74.16999816894531,2617.199951171875,0.9593999981880188,43396400.0,3159610000.0,0.10463899243857441,3.0067619,2.3057142857,125.8112,122.0364,91.43041,3.4,-0.7010476142999997
2024-12-30,19909.140625,5906.93994140625,74.38999938964844,2606.10009765625,0.9588299989700317,26662200.0,3433250000.0,0.10463899243857441,3.0067619,2.3057142857,125.8112,122.0364,91.43041,3.4,-0.7010476142999997
