,DAX,VOL_DAX,REALIZED_VOL_DAX,TASSO_3M_DE,YIELD_10Y_DE,CPI_DE,CORE_CPI_DE,INDPROD_DE,UNEMP_DE,TERM_SPREAD_DE
2014-01-31,9306.48046875,126856500,0.1380138551220012,0.2920455,1.7559090909,99.48821,97.42345,99.16237,4.8,1.4638635909
2014-02-03,9186.51953125,105545400,0.14358045467209013,0.2881,1.5585,99.48821,97.9819,99.16237,4.8,1.2704
2014-02-04,9127.91015625,114598200,0.14466338686781788,0.2881,1.5585,99.48821,97.9819,99.16237,4.8,1.2704
2014-02-05,9116.3203125,95608700,0.14023074871852348,0.2881,1.5585,99.48821,97.9819,99.16237,4.8,1.2704
2014-02-06,9256.580078125,122685200,0.15257815099300023,0.2881,1.5585,99.48821,97.9819,99.16237,4.8,1.2704
2014-02-07,9301.919921875,89003400,0.15183861756612527,0.2881,1.5585,99.48821,97.9819,99.16237,4.8,1.2704
2014-02-10,9289.8603515625,59599900,0.1502455928669436,0.2881,1.5585,99.48821,97.9819,99.16237,4.8,1.2704
2014-02-11,9478.76953125,76248400,0.166727563992009,0.2881,1.5585,99.48821,97.9819,99.16237,4.8,1.2704
2014-02-12,9540.0,85292300,0.16792216431477713,0.2881,1.5585,99.48821,97.9819,99.16237,4.8,1.2704
2014-02-13,9596.76953125,93209100,0.15286291735482754,0.2881,1.5585,99.48821,97.9819,99.16237,4.8,1.2704
2014-02-14,9662.400390625,91504800,0.15496325729974783,0.2881,1.5585,99.48821,97.9819,99.16237,4.8,1.2704
2014-02-17,9656.759765625,45850100,0.1546241088717546,0.2881,1.5585,99.48821,97.9819,99.16237,4.8,1.2704
2014-02-18,9659.7802734375,58827300,0.1543902467158794,0.2881,1.5585,99.48821,97.9819,99.16237,4.8,1.2704
2014-02-19,9660.0498046875,72892900,0.15427179554108464,0.2881,1.5585,99.48821,97.9819,99.16237,4.8,1.2704
2014-02-20,9618.849609375,88676900,0.15487084267932189,0.2881,1.5585,99.48821,97.9819,99.16237,4.8,1.2704
2014-02-21,9656.9501953125,78587700,0.15222079522372858,0.2881,1.5585,99.48821,97.9819,99.16237,4.8,1.2704
2014-02-24,9708.9404296875,67953500,0.12287284845060403,0.2881,1.5585,99.48821,97.9819,99.16237,4.8,1.2704
2014-02-25,9699.349609375,90676100,0.12122673066127279,0.2881,1.5585,99.48821,97.9819,99.16237,4.8,1.2704
2014-02-26,9661.73046875,87277200,0.12163822980280711,0.2881,1.5585,99.48821,97.9819,99.16237,4.8,1.2704
2014-02-27,9588.330078125,86422200,0.12176304970302426,0.2881,1.5585,99.48821,97.9819,99.16237,4.8,1.2704
2014-02-28,9692.080078125,83200800,0.1259094082139207,0.2881,1.5585,99.48821,97.9819,99.16237,4.8,1.2704
2014-03-03,9358.8896484375,118040200,0.17541090886121752,0.3053333,1.5085714286,99.48821,98.42543,99.45232,4.8,1.2032381286
2014-03-04,9589.150390625,95630200,0.18748609726219234,0.3053333,1.5085714286,99.48821,98.42543,99.45232,4.8,1.2032381286
2014-03-05,9542.01953125,73341700,0.18671722029400986,0.3053333,1.5085714286,99.48821,98.42543,99.45232,4.8,1.2032381286
2014-03-06,9542.8701171875,103682600,0.1864599317473381,0.3053333,1.5085714286,99.48821,98.42543,99.45232,4.8,1.2032381286
2014-03-07,9350.75,103246700,0.19530728263844818,0.3053333,1.5085714286,99.48821,98.42543,99.45232,4.8,1.2032381286
2014-03-10,9265.5,84875400,0.1974030423411738,0.3053333,1.5085714286,99.48821,98.42543,99.45232,4.8,1.2032381286
2014-03-11,9307.7900390625,72300800,0.19800331813124955,0.3053333,1.5085714286,99.48821,98.42543,99.45232,4.8,1.2032381286
2014-03-12,9188.6904296875,107430600,0.18851616682571817,0.3053333,1.5085714286,99.48821,98.42543,99.45232,4.8,1.2032381286
2014-03-13,9017.7900390625,113773100,0.19520042705082113,0.3053333,1.5085714286,99.48821,98.42543,99.45232,4.8,1.2032381286
2014-03-14,9056.41015625,141175500,0.19436301015217294,0.3053333,1.5085714286,99.48821,98.42543,99.45232,4.8,1.2032381286
2014-03-17,9180.8896484375,86964500,0.2000164821577564,0.3053333,1.5085714286,99.48821,98.42543,99.45232,4.8,1.2032381286
2014-03-18,9242.5498046875,99301200,0.2024152152108445,0.3053333,1.5085714286,99.48821,98.42543,99.45232,4.8,1.2032381286
2014-03-19,9277.0498046875,89476800,0.20325413855309973,0.3053333,1.5085714286,99.48821,98.42543,99.45232,4.8,1.2032381286
2014-03-20,9296.1201171875,96945700,0.20361059317771718,0.3053333,1.5085714286,99.48821,98.42543,99.45232,4.8,1.2032381286
2014-03-21,9342.9404296875,198583500,0.20470844429443452,0.3053333,1.5085714286,99.48821,98.42543,99.45232,4.8,1.2032381286
2014-03-24,9188.76953125,86790900,0.21027244638702708,0.3053333,1.5085714286,99.48821,98.42543,99.45232,4.8,1.2032381286
2014-03-25,9338.400390625,82230600,0.21850711241925197,0.3053333,1.5085714286,99.48821,98.42543,99.45232,4.8,1.2032381286
2014-03-26,9448.580078125,75841600,0.22350892319880028,0.3053333,1.5085714286,99.48821,98.42543,99.45232,4.8,1.2032381286
2014-03-27,9451.2099609375,66826100,0.22333370967681276,0.3053333,1.5085714286,99.48821,98.42543,99.45232,4.8,1.2032381286
2014-03-28,9587.1904296875,70498400,0.22802930223450196,0.3053333,1.5085714286,99.48821,98.42543,99.45232,4.8,1.2032381286
2014-03-31,9555.91015625,68772900,0.22487846874764797,0.3053333,1.5085714286,99.48821,98.42543,99.45232,4.8,1.2032381286
2014-04-01,9603.7099609375,72835100,0.18877833458474846,0.32975,1.4565,99.48821,98.14576,99.06572,4.8,1.12675
2014-04-02,9623.3603515625,73976000,0.16880545904894836,0.32975,1.4565,99.48821,98.14576,99.06572,4.8,1.12675
2014-04-03,9628.8203125,76385800,0.16776777973871201,0.32975,1.4565,99.48821,98.14576,99.06572,4.8,1.12675
2014-04-04,9695.76953125,75314000,0.1692423202743586,0.32975,1.4565,99.48821,98.14576,99.06572,4.8,1.12675
2014-04-07,9510.849609375,78800000,0.1676214407744339,0.32975,1.4565,99.48821,98.14576,99.06572,4.8,1.12675
2014-04-08,9490.7900390625,86190900,0.16408538948308946,0.32975,1.4565,99.48821,98.14576,99.06572,4.8,1.12675
2014-04-09,9506.349609375,69917100,0.16364104271798954,0.32975,1.4565,99.48821,98.14576,99.06572,4.8,1.12675
2014-04-10,9454.5400390625,77873700,0.15767597389778207,0.32975,1.4565,99.48821,98.14576,99.06572,4.8,1.12675
2014-04-11,9315.2900390625,100489700,0.15195456893817724,0.32975,1.4565,99.48821,98.14576,99.06572,4.8,1.12675
2014-04-14,9339.169921875,90916500,0.1516872696978914,0.32975,1.4565,99.48821,98.14576,99.06572,4.8,1.12675
2014-04-15,9173.7099609375,88156800,0.15870028443000023,0.32975,1.4565,99.48821,98.14576,99.06572,4.8,1.12675
2014-04-16,9317.8203125,78803200,0.16636072657716922,0.32975,1.4565,99.48821,98.14576,99.06572,4.8,1.12675
2014-04-17,9409.7099609375,86295200,0.16922003667255425,0.32975,1.4565,99.48821,98.14576,99.06572,4.8,1.12675
2014-04-22,9600.08984375,70194100,0.18222798783428357,0.32975,1.4565,99.48821,98.14576,99.06572,4.8,1.12675
2014-04-23,9544.1904296875,61216900,0.1835229213635486,0.32975,1.4565,99.48821,98.14576,99.06572,4.8,1.12675
2014-04-24,9548.6796875,87813900,0.1720994889319099,0.32975,1.4565,99.48821,98.14576,99.06572,4.8,1.12675
2014-04-25,9401.5498046875,79230200,0.17370412966106955,0.32975,1.4565,99.48821,98.14576,99.06572,4.8,1.12675
2014-04-28,9446.3603515625,67539100,0.1695367034033579,0.32975,1.4565,99.48821,98.14576,99.06572,4.8,1.12675
2014-04-29,9584.1201171875,91467900,0.17687021113792475,0.32975,1.4565,99.48821,98.14576,99.06572,4.8,1.12675
2014-04-30,9603.23046875,90290900,0.16987935487782313,0.32975,1.4565,99.48821,98.14576,99.06572,4.8,1.12675
2014-05-02,9556.01953125,88062300,0.17039172313429785,0.3245714,1.3271428571,99.48821,98.05037,98.58247,4.7,1.0025714571
2014-05-05,9529.5,61911600,0.1696752494515246,0.3245714,1.3271428571,99.48821,98.05037,98.58247,4.7,1.0025714571
2014-05-06,9467.5302734375,82062900,0.17075737406409455,0.3245714,1.3271428571,99.48821,98.05037,98.58247,4.7,1.0025714571
2014-05-07,9521.2998046875,92732600,0.17215622970275218,0.3245714,1.3271428571,99.48821,98.05037,98.58247,4.7,1.0025714571
2014-05-08,9607.400390625,102022500,0.17344041005997246,0.3245714,1.3271428571,99.48821,98.05037,98.58247,4.7,1.0025714571
2014-05-09,9581.4501953125,80084100,0.15995566722404592,0.3245714,1.3271428571,99.48821,98.05037,98.58247,4.7,1.0025714571
2014-05-12,9702.4599609375,87508500,0.1651073579132325,0.3245714,1.3271428571,99.48821,98.05037,98.58247,4.7,1.0025714571
2014-05-13,9754.4296875,96844100,0.1657604520201356,0.3245714,1.3271428571,99.48821,98.05037,98.58247,4.7,1.0025714571
2014-05-14,9754.3896484375,76079000,0.16403933507467486,0.3245714,1.3271428571,99.48821,98.05037,98.58247,4.7,1.0025714571
2014-05-15,9656.0498046875,133897400,0.1589438838080624,0.3245714,1.3271428571,99.48821,98.05037,98.58247,4.7,1.0025714571
2014-05-16,9629.099609375,113085400,0.1596833972607617,0.3245714,1.3271428571,99.48821,98.05037,98.58247,4.7,1.0025714571
2014-05-19,9659.3896484375,97857300,0.14358324249342216,0.3245714,1.3271428571,99.48821,98.05037,98.58247,4.7,1.0025714571
2014-05-20,9639.080078125,67588400,0.13599110582511986,0.3245714,1.3271428571,99.48821,98.05037,98.58247,4.7,1.0025714571
2014-05-21,9697.8701171875,86239200,0.13373437438086017,0.3245714,1.3271428571,99.48821,98.05037,98.58247,4.7,1.0025714571
2014-05-22,9720.91015625,63696000,0.11519079838891899,0.3245714,1.3271428571,99.48821,98.05037,98.58247,4.7,1.0025714571
2014-05-23,9768.009765625,65280800,0.11358844231641153,0.3245714,1.3271428571,99.48821,98.05037,98.58247,4.7,1.0025714571
2014-05-26,9892.8203125,53846400,0.12048114219904778,0.3245714,1.3271428571,99.48821,98.05037,98.58247,4.7,1.0025714571
2014-05-27,9940.8203125,79797700,0.10343608014801953,0.3245714,1.3271428571,99.48821,98.05037,98.58247,4.7,1.0025714571
2014-05-28,9939.169921875,72748500,0.10359342010968403,0.3245714,1.3271428571,99.48821,98.05037,98.58247,4.7,1.0025714571
2014-05-29,9938.900390625,65743400,0.09393589165062279,0.3245714,1.3271428571,99.48821,98.05037,98.58247,4.7,1.0025714571
2014-05-30,9943.26953125,103680100,0.09403908996181877,0.3245714,1.3271428571,99.48821,98.05037,98.58247,4.7,1.0025714571
2014-06-02,9950.1201171875,57920300,0.09104593784876797,0.2414286,1.2642857143,99.48821,98.34804,98.67912,4.7,1.0228571142999998
2014-06-03,9919.740234375,71968600,0.09123235654194325,0.2414286,1.2642857143,99.48821,98.34804,98.67912,4.7,1.0228571142999998
2014-06-04,9926.669921875,66442200,0.08611346796173551,0.2414286,1.2642857143,99.48821,98.34804,98.67912,4.7,1.0228571142999998
2014-06-05,9947.830078125,129942500,0.08521680584174451,0.2414286,1.2642857143,99.48821,98.34804,98.67912,4.7,1.0228571142999998
2014-06-06,9987.1904296875,92994900,0.0817482964031534,0.2414286,1.2642857143,99.48821,98.34804,98.67912,4.7,1.0228571142999998
2014-06-09,10008.6298828125,43200400,0.08004710945301383,0.2414286,1.2642857143,99.48821,98.34804,98.67912,4.7,1.0228571142999998
2014-06-10,10028.7998046875,64853100,0.07029025487842253,0.2414286,1.2642857143,99.48821,98.34804,98.67912,4.7,1.0228571142999998
2014-06-11,9949.8095703125,96286500,0.07605690297077633,0.2414286,1.2642857143,99.48821,98.34804,98.67912,4.7,1.0228571142999998
2014-06-12,9938.7001953125,68482900,0.07633092813624506,0.2414286,1.2642857143,99.48821,98.34804,98.67912,4.7,1.0228571142999998
2014-06-13,9912.8701171875,79417700,0.0665360534412588,0.2414286,1.2642857143,99.48821,98.34804,98.67912,4.7,1.0228571142999998
2014-06-16,9883.98046875,64029200,0.066631955404344,0.2414286,1.2642857143,99.48821,98.34804,98.67912,4.7,1.0228571142999998
2014-06-17,9920.3203125,72084200,0.06684700577373939,0.2414286,1.2642857143,99.48821,98.34804,98.67912,4.7,1.0228571142999998
2014-06-18,9930.330078125,72976800,0.06572358070475644,0.2414286,1.2642857143,99.48821,98.34804,98.67912,4.7,1.0228571142999998
2014-06-19,10004.0,86693500,0.06705113360228528,0.2414286,1.2642857143,99.48821,98.34804,98.67912,4.7,1.0228571142999998
2014-06-20,9987.240234375,209559600,0.06784034822999664,0.2414286,1.2642857143,99.48821,98.34804,98.67912,4.7,1.0228571142999998
2014-06-23,9920.919921875,68730100,0.07182106252623599,0.2414286,1.2642857143,99.48821,98.34804,98.67912,4.7,1.0228571142999998
2014-06-24,9938.080078125,61266100,0.05722161025970596,0.2414286,1.2642857143,99.48821,98.34804,98.67912,4.7,1.0228571142999998
2014-06-25,9867.75,82312000,0.05992112535401364,0.2414286,1.2642857143,99.48821,98.34804,98.67912,4.7,1.0228571142999998
2014-06-26,9804.900390625,94925000,0.0634381538875798,0.2414286,1.2642857143,99.48821,98.34804,98.67912,4.7,1.0228571142999998
2014-06-27,9815.169921875,63248900,0.0636776684597108,0.2414286,1.2642857143,99.48821,98.34804,98.67912,4.7,1.0228571142999998
2014-06-30,9833.0703125,66649700,0.06413815523330181,0.2414286,1.2642857143,99.48821,98.34804,98.67912,4.7,1.0228571142999998
2014-07-01,9902.41015625,54519000,0.06923732112175905,0.2050435,1.1143478261,99.48821,98.72049,100.3222,4.7,0.9093043261
2014-07-02,9911.26953125,70229500,0.06854886940654008,0.2050435,1.1143478261,99.48821,98.72049,100.3222,4.7,0.9093043261
2014-07-03,10029.4296875,78288000,0.08010644538548546,0.2050435,1.1143478261,99.48821,98.72049,100.3222,4.7,0.9093043261
2014-07-04,10009.080078125,52046500,0.08033664121365938,0.2050435,1.1143478261,99.48821,98.72049,100.3222,4.7,0.9093043261
2014-07-07,9906.0703125,60506300,0.08705638511291727,0.2050435,1.1143478261,99.48821,98.72049,100.3222,4.7,0.9093043261
2014-07-08,9772.669921875,85865100,0.09753114402169386,0.2050435,1.1143478261,99.48821,98.72049,100.3222,4.7,0.9093043261
2014-07-09,9808.2001953125,73589700,0.09834508912052094,0.2050435,1.1143478261,99.48821,98.72049,100.3222,4.7,0.9093043261
2014-07-10,9659.1298828125,96879100,0.1075942151278269,0.2050435,1.1143478261,99.48821,98.72049,100.3222,4.7,0.9093043261
2014-07-11,9666.33984375,62278400,0.10784689717836246,0.2050435,1.1143478261,99.48821,98.72049,100.3222,4.7,0.9093043261
2014-07-14,9783.009765625,56259600,0.11718756892201845,0.2050435,1.1143478261,99.48821,98.72049,100.3222,4.7,0.9093043261
2014-07-15,9719.41015625,72125500,0.11872792283714503,0.2050435,1.1143478261,99.48821,98.72049,100.3222,4.7,0.9093043261
2014-07-16,9859.26953125,69460000,0.1291305405037582,0.2050435,1.1143478261,99.48821,98.72049,100.3222,4.7,0.9093043261
2014-07-17,9753.8798828125,76538100,0.13394819297014976,0.2050435,1.1143478261,99.48821,98.72049,100.3222,4.7,0.9093043261
2014-07-18,9720.01953125,118113800,0.1307840010430295,0.2050435,1.1143478261,99.48821,98.72049,100.3222,4.7,0.9093043261
2014-07-21,9612.0498046875,65236500,0.13510117029227375,0.2050435,1.1143478261,99.48821,98.72049,100.3222,4.7,0.9093043261
2014-07-22,9734.330078125,62368600,0.1427689238987903,0.2050435,1.1143478261,99.48821,98.72049,100.3222,4.7,0.9093043261
2014-07-23,9753.5595703125,64736900,0.14282772625804313,0.2050435,1.1143478261,99.48821,98.72049,100.3222,4.7,0.9093043261
2014-07-24,9794.0595703125,70366600,0.14195719814475594,0.2050435,1.1143478261,99.48821,98.72049,100.3222,4.7,0.9093043261
2014-07-25,9644.009765625,73401600,0.14992718419383122,0.2050435,1.1143478261,99.48821,98.72049,100.3222,4.7,0.9093043261
2014-07-28,9598.169921875,71997100,0.15039918052942014,0.2050435,1.1143478261,99.48821,98.72049,100.3222,4.7,0.9093043261
2014-07-29,9653.6298828125,66002300,0.15195747446890354,0.2050435,1.1143478261,99.48821,98.72049,100.3222,4.7,0.9093043261
2014-07-30,9593.6796875,79991300,0.1502216693681613,0.2050435,1.1143478261,99.48821,98.72049,100.3222,4.7,0.9093043261
2014-07-31,9407.48046875,131077400,0.16219172971410745,0.2050435,1.1143478261,99.48821,98.72049,100.3222,4.7,0.9093043261
2014-08-01,9210.080078125,141582500,0.1655216595924309,0.1915714,0.9561904762,99.48821,98.85288000000001,96.74613,4.7,0.7646190762
2014-08-04,9154.1396484375,85304300,0.165508388933311,0.1915714,0.9561904762,99.48821,98.85288000000001,96.74613,4.7,0.7646190762
2014-08-05,9189.740234375,80560700,0.16621063062088975,0.1915714,0.9561904762,99.48821,98.85288000000001,96.74613,4.7,0.7646190762
2014-08-06,9130.0400390625,98898300,0.16266868870980852,0.1915714,0.9561904762,99.48821,98.85288000000001,96.74613,4.7,0.7646190762
2014-08-07,9038.9697265625,97954700,0.1623118266765617,0.1915714,0.9561904762,99.48821,98.85288000000001,96.74613,4.7,0.7646190762
2014-08-08,9009.3203125,102515800,0.1569578444324397,0.1915714,0.9561904762,99.48821,98.85288000000001,96.74613,4.7,0.7646190762
2014-08-11,9180.740234375,81228900,0.1746238028377451,0.1915714,0.9561904762,99.48821,98.85288000000001,96.74613,4.7,0.7646190762
2014-08-12,9069.4697265625,74774600,0.16940647955299154,0.1915714,0.9561904762,99.48821,98.85288000000001,96.74613,4.7,0.7646190762
2014-08-13,9198.8798828125,82251600,0.17980072324802823,0.1915714,0.9561904762,99.48821,98.85288000000001,96.74613,4.7,0.7646190762
2014-08-14,9225.099609375,80394300,0.17028900335519204,0.1915714,0.9561904762,99.48821,98.85288000000001,96.74613,4.7,0.7646190762
2014-08-15,9092.599609375,110261800,0.17280715276188224,0.1915714,0.9561904762,99.48821,98.85288000000001,96.74613,4.7,0.7646190762
2014-08-18,9245.330078125,63822100,0.18626556489182383,0.1915714,0.9561904762,99.48821,98.85288000000001,96.74613,4.7,0.7646190762
2014-08-19,9334.2802734375,57793200,0.1877722237612986,0.1915714,0.9561904762,99.48821,98.85288000000001,96.74613,4.7,0.7646190762
2014-08-20,9314.5703125,63229700,0.18068411276697105,0.1915714,0.9561904762,99.48821,98.85288000000001,96.74613,4.7,0.7646190762
2014-08-21,9401.5302734375,67874900,0.18450135077830476,0.1915714,0.9561904762,99.48821,98.85288000000001,96.74613,4.7,0.7646190762
2014-08-22,9339.169921875,70036600,0.18398429292851434,0.1915714,0.9561904762,99.48821,98.85288000000001,96.74613,4.7,0.7646190762
2014-08-25,9510.1396484375,53554100,0.19052492059638218,0.1915714,0.9561904762,99.48821,98.85288000000001,96.74613,4.7,0.7646190762
2014-08-26,9588.150390625,66737100,0.19224216203542344,0.1915714,0.9561904762,99.48821,98.85288000000001,96.74613,4.7,0.7646190762
2014-08-27,9569.7099609375,69031300,0.19118391722009587,0.1915714,0.9561904762,99.48821,98.85288000000001,96.74613,4.7,0.7646190762
2014-08-28,9462.5595703125,72124500,0.19387246804089237,0.1915714,0.9561904762,99.48821,98.85288000000001,96.74613,4.7,0.7646190762
2014-08-29,9470.169921875,68471200,0.18138564867576587,0.1915714,0.9561904762,99.48821,98.85288000000001,96.74613,4.7,0.7646190762
2014-09-01,9479.0302734375,43071900,0.16391065252277492,0.0970909,0.9213636364,99.48821,98.81272000000001,99.16237,4.7,0.8242727364
2014-09-02,9507.01953125,55157400,0.16167663595212425,0.0970909,0.9213636364,99.48821,98.81272000000001,99.16237,4.7,0.8242727364
2014-09-03,9626.490234375,90121000,0.16579618085689848,0.0970909,0.9213636364,99.48821,98.81272000000001,99.16237,4.7,0.8242727364
2014-09-04,9724.259765625,106652400,0.16474015066904016,0.0970909,0.9213636364,99.48821,98.81272000000001,99.16237,4.7,0.8242727364
2014-09-05,9747.01953125,77345000,0.15784351098170316,0.0970909,0.9213636364,99.48821,98.81272000000001,99.16237,4.7,0.8242727364
2014-09-08,9758.0302734375,53013300,0.156135808432214,0.0970909,0.9213636364,99.48821,98.81272000000001,99.16237,4.7,0.8242727364
2014-09-09,9710.7001953125,57197900,0.14862911403789836,0.0970909,0.9213636364,99.48821,98.81272000000001,99.16237,4.7,0.8242727364
2014-09-10,9700.169921875,62415400,0.13937619025270018,0.0970909,0.9213636364,99.48821,98.81272000000001,99.16237,4.7,0.8242727364
2014-09-11,9691.2802734375,62050300,0.13406590750835512,0.0970909,0.9213636364,99.48821,98.81272000000001,99.16237,4.7,0.8242727364
2014-09-12,9651.1298828125,52625100,0.13602327691478486,0.0970909,0.9213636364,99.48821,98.81272000000001,99.16237,4.7,0.8242727364
2014-09-15,9659.6298828125,55750900,0.12220159180628068,0.0970909,0.9213636364,99.48821,98.81272000000001,99.16237,4.7,0.8242727364
2014-09-16,9632.9296875,62265100,0.11260893590509118,0.0970909,0.9213636364,99.48821,98.81272000000001,99.16237,4.7,0.8242727364
2014-09-17,9661.5,67216900,0.1092291975507418,0.0970909,0.9213636364,99.48821,98.81272000000001,99.16237,4.7,0.8242727364
2014-09-18,9798.1298828125,81235700,0.11642344418879703,0.0970909,0.9213636364,99.48821,98.81272000000001,99.16237,4.7,0.8242727364
2014-09-19,9799.259765625,195350400,0.11389456813082852,0.0970909,0.9213636364,99.48821,98.81272000000001,99.16237,4.7,0.8242727364
2014-09-22,9749.5400390625,73981000,0.11252540638138611,0.0970909,0.9213636364,99.48821,98.81272000000001,99.16237,4.7,0.8242727364
2014-09-23,9595.0302734375,88196000,0.11264402912309603,0.0970909,0.9213636364,99.48821,98.81272000000001,99.16237,4.7,0.8242727364
2014-09-24,9661.9697265625,85850600,0.11165585582527385,0.0970909,0.9213636364,99.48821,98.81272000000001,99.16237,4.7,0.8242727364
2014-09-25,9510.009765625,97697000,0.12473200335083821,0.0970909,0.9213636364,99.48821,98.81272000000001,99.16237,4.7,0.8242727364
2014-09-26,9490.5498046875,83499600,0.11850257102052218,0.0970909,0.9213636364,99.48821,98.81272000000001,99.16237,4.7,0.8242727364
2014-09-29,9422.91015625,77424800,0.12112145108645553,0.0970909,0.9213636364,99.48821,98.81272000000001,99.16237,4.7,0.8242727364
2014-09-30,9474.2998046875,89859600,0.12266151828639088,0.0970909,0.9213636364,99.48821,98.81272000000001,99.16237,4.7,0.8242727364
2014-10-01,9382.0302734375,83526600,0.1266329961830384,0.0826087,0.7909090909,99.48821,98.65598,99.45232,4.7,0.7083003909
2014-10-02,9195.6796875,122375300,0.1337760556599289,0.0826087,0.7909090909,99.48821,98.65598,99.45232,4.7,0.7083003909
2014-10-06,9209.509765625,103676300,0.12693488557080165,0.0826087,0.7909090909,99.48821,98.65598,99.45232,4.7,0.7083003909
2014-10-07,9086.2099609375,105001700,0.13092147680719635,0.0826087,0.7909090909,99.48821,98.65598,99.45232,4.7,0.7083003909
2014-10-08,8995.330078125,112047000,0.1318461819735979,0.0826087,0.7909090909,99.48821,98.65598,99.45232,4.7,0.7083003909
2014-10-09,9005.01953125,104101300,0.13286599629905912,0.0826087,0.7909090909,99.48821,98.65598,99.45232,4.7,0.7083003909
2014-10-10,8788.8095703125,162566100,0.15011436963322786,0.0826087,0.7909090909,99.48821,98.65598,99.45232,4.7,0.7083003909
2014-10-13,8812.4296875,112875000,0.15175230291881098,0.0826087,0.7909090909,99.48821,98.65598,99.45232,4.7,0.7083003909
2014-10-14,8825.2099609375,116078300,0.15313608800151246,0.0826087,0.7909090909,99.48821,98.65598,99.45232,4.7,0.7083003909
2014-10-15,8571.9501953125,153532200,0.17365817803459624,0.0826087,0.7909090909,99.48821,98.65598,99.45232,4.7,0.7083003909
2014-10-16,8582.900390625,224468500,0.1750529098899074,0.0826087,0.7909090909,99.48821,98.65598,99.45232,4.7,0.7083003909
2014-10-17,8850.26953125,181971200,0.2147897211266255,0.0826087,0.7909090909,99.48821,98.65598,99.45232,4.7,0.7083003909
2014-10-20,8717.759765625,103016000,0.20721282557548354,0.0826087,0.7909090909,99.48821,98.65598,99.45232,4.7,0.7083003909
2014-10-21,8886.9599609375,118317300,0.22387027304365112,0.0826087,0.7909090909,99.48821,98.65598,99.45232,4.7,0.7083003909
2014-10-22,8940.1396484375,97874300,0.22680096163350671,0.0826087,0.7909090909,99.48821,98.65598,99.45232,4.7,0.7083003909
2014-10-23,9047.3095703125,108376900,0.22899928587464743,0.0826087,0.7909090909,99.48821,98.65598,99.45232,4.7,0.7083003909
2014-10-24,8987.7998046875,98966500,0.22658663584144542,0.0826087,0.7909090909,99.48821,98.65598,99.45232,4.7,0.7083003909
2014-10-27,8902.6103515625,111764500,0.22329247009938755,0.0826087,0.7909090909,99.48821,98.65598,99.45232,4.7,0.7083003909
2014-10-28,9068.1904296875,78580500,0.23557001998549262,0.0826087,0.7909090909,99.48821,98.65598,99.45232,4.7,0.7083003909
2014-10-29,9082.8095703125,89708100,0.23514666525278521,0.0826087,0.7909090909,99.48821,98.65598,99.45232,4.7,0.7083003909
2014-10-30,9114.83984375,119733200,0.2345075562004926,0.0826087,0.7909090909,99.48821,98.65598,99.45232,4.7,0.7083003909
2014-10-31,9326.8701171875,123211200,0.24780514456950303,0.0826087,0.7909090909,99.48821,98.65598,99.45232,4.7,0.7083003909
2014-11-03,9251.7001953125,79777600,0.23920769329373182,0.0809,0.719,99.48821,98.8599,99.35567,4.6,0.6381
2014-11-04,9166.4697265625,90365900,0.24145297273296668,0.0809,0.719,99.48821,98.8599,99.35567,4.6,0.6381
2014-11-05,9315.48046875,81034800,0.24275065260958847,0.0809,0.719,99.48821,98.8599,99.35567,4.6,0.6381
2014-11-06,9377.41015625,124002400,0.23981882208955566,0.0809,0.719,99.48821,98.8599,99.35567,4.6,0.6381
2014-11-07,9291.830078125,104437000,0.24294683766768216,0.0809,0.719,99.48821,98.8599,99.35567,4.6,0.6381
2014-11-10,9351.8701171875,71162800,0.22471233968751322,0.0809,0.719,99.48821,98.8599,99.35567,4.6,0.6381
2014-11-11,9369.0302734375,79810300,0.22474938880396172,0.0809,0.719,99.48821,98.8599,99.35567,4.6,0.6381
2014-11-12,9210.9599609375,93733900,0.23508185754164612,0.0809,0.719,99.48821,98.8599,99.35567,4.6,0.6381
2014-11-13,9248.509765625,82312000,0.20659503250394817,0.0809,0.719,99.48821,98.8599,99.35567,4.6,0.6381
2014-11-14,9252.9404296875,76730500,0.20673166248732194,0.0809,0.719,99.48821,98.8599,99.35567,4.6,0.6381
2014-11-17,9306.349609375,72034400,0.1813529736390342,0.0809,0.719,99.48821,98.8599,99.35567,4.6,0.6381
2014-11-18,9456.5302734375,73982400,0.17560801989869831,0.0809,0.719,99.48821,98.8599,99.35567,4.6,0.6381
2014-11-19,9472.7998046875,73153500,0.16642468911824995,0.0809,0.719,99.48821,98.8599,99.35567,4.6,0.6381
2014-11-20,9483.9697265625,82097800,0.16620656295336828,0.0809,0.719,99.48821,98.8599,99.35567,4.6,0.6381
2014-11-21,9732.5498046875,166634400,0.1825398533360744,0.0809,0.719,99.48821,98.8599,99.35567,4.6,0.6381
2014-11-24,9785.5400390625,97612300,0.1788529601393337,0.0809,0.719,99.48821,98.8599,99.35567,4.6,0.6381
2014-11-25,9861.2099609375,117773900,0.17218060983763678,0.0809,0.719,99.48821,98.8599,99.35567,4.6,0.6381
2014-11-26,9915.5595703125,89124300,0.16491162410054147,0.0809,0.719,99.48821,98.8599,99.35567,4.6,0.6381
2014-11-27,9974.8701171875,84700200,0.16470408201889283,0.0809,0.719,99.48821,98.8599,99.35567,4.6,0.6381
2014-11-28,9980.849609375,98906800,0.16523827294741097,0.0809,0.719,99.48821,98.8599,99.35567,4.6,0.6381
2014-12-01,9963.509765625,97092800,0.15135932898767052,0.0809048,0.5889473684,99.48821,99.32378000000001,100.9987,4.6,0.5080425684
2014-12-02,9934.080078125,86630800,0.14756271060318885,0.0809048,0.5889473684,99.48821,99.32378000000001,100.9987,4.6,0.5080425684
2014-12-03,9971.7900390625,83605000,0.1402114579086752,0.0809048,0.5889473684,99.48821,99.32378000000001,100.9987,4.6,0.5080425684
2014-12-04,9851.349609375,119705200,0.14346177358423007,0.0809048,0.5889473684,99.48821,99.32378000000001,100.9987,4.6,0.5080425684
2014-12-05,10087.1201171875,93445100,0.16088394703881267,0.0809048,0.5889473684,99.48821,99.32378000000001,100.9987,4.6,0.5080425684
2014-12-08,10014.990234375,68931200,0.15906124059655893,0.0809048,0.5889473684,99.48821,99.32378000000001,100.9987,4.6,0.5080425684
2014-12-09,9793.7099609375,110063600,0.18177820809817352,0.0809048,0.5889473684,99.48821,99.32378000000001,100.9987,4.6,0.5080425684
2014-12-10,9799.73046875,88531300,0.1818635370739461,0.0809048,0.5889473684,99.48821,99.32378000000001,100.9987,4.6,0.5080425684
2014-12-11,9862.5302734375,98963300,0.16848298880497584,0.0809048,0.5889473684,99.48821,99.32378000000001,100.9987,4.6,0.5080425684
2014-12-12,9594.73046875,94544800,0.1987198286956839,0.0809048,0.5889473684,99.48821,99.32378000000001,100.9987,4.6,0.5080425684
2014-12-15,9334.009765625,112718700,0.22272009813170632,0.0809048,0.5889473684,99.48821,99.32378000000001,100.9987,4.6,0.5080425684
2014-12-16,9563.8896484375,171052400,0.2374268379706478,0.0809048,0.5889473684,99.48821,99.32378000000001,100.9987,4.6,0.5080425684
2014-12-17,9544.4296875,102078900,0.2314925499219629,0.0809048,0.5889473684,99.48821,99.32378000000001,100.9987,4.6,0.5080425684
2014-12-18,9811.0595703125,121015600,0.2502280728584901,0.0809048,0.5889473684,99.48821,99.32378000000001,100.9987,4.6,0.5080425684
2014-12-19,9786.9599609375,173452900,0.25065653089712026,0.0809048,0.5889473684,99.48821,99.32378000000001,100.9987,4.6,0.5080425684
2014-12-22,9865.759765625,61833300,0.2356515467814236,0.0809048,0.5889473684,99.48821,99.32378000000001,100.9987,4.6,0.5080425684
2014-12-23,9922.1103515625,47508200,0.2357203605722794,0.0809048,0.5889473684,99.48821,99.32378000000001,100.9987,4.6,0.5080425684
2014-12-29,9927.1298828125,47150800,0.23435425761460452,0.0809048,0.5889473684,99.48821,99.32378000000001,100.9987,4.6,0.5080425684
2014-12-30,9805.5498046875,34753300,0.23754659399271635,0.0809048,0.5889473684,99.48821,99.32378000000001,100.9987,4.6,0.5080425684
2015-01-02,9764.73046875,67673900,0.23669740955865698,0.0626667,0.39,100.0,98.42036,98.58247,4.5,0.3273333
2015-01-05,9473.16015625,105538300,0.2569084442125185,0.0626667,0.39,100.0,98.42036,98.58247,4.5,0.3273333
2015-01-06,9469.66015625,96812300,0.2569937635250234,0.0626667,0.39,100.0,98.42036,98.58247,4.5,0.3273333
2015-01-07,9518.1796875,82466600,0.2582522064451634,0.0626667,0.39,100.0,98.42036,98.58247,4.5,0.3273333
2015-01-08,9837.6103515625,114825000,0.28566316058448765,0.0626667,0.39,100.0,98.42036,98.58247,4.5,0.3273333
2015-01-09,9648.5,107473400,0.2903487999775377,0.0626667,0.39,100.0,98.42036,98.58247,4.5,0.3273333
2015-01-12,9781.900390625,101315800,0.2814623331455511,0.0626667,0.39,100.0,98.42036,98.58247,4.5,0.3273333
2015-01-13,9941.0,116360600,0.28697631265920703,0.0626667,0.39,100.0,98.42036,98.58247,4.5,0.3273333
2015-01-14,9817.080078125,121316800,0.2795611543177357,0.0626667,0.39,100.0,98.42036,98.58247,4.5,0.3273333
2015-01-15,10032.6103515625,147822300,0.28949827826541763,0.0626667,0.39,100.0,98.42036,98.58247,4.5,0.3273333
2015-01-16,10167.76953125,141081500,0.2920981488156816,0.0626667,0.39,100.0,98.42036,98.58247,4.5,0.3273333
2015-01-19,10242.349609375,80650300,0.27311735611481885,0.0626667,0.39,100.0,98.42036,98.58247,4.5,0.3273333
2015-01-20,10257.1298828125,109024400,0.24995249748129686,0.0626667,0.39,100.0,98.42036,98.58247,4.5,0.3273333
2015-01-21,10299.23046875,116237900,0.23912772381232578,0.0626667,0.39,100.0,98.42036,98.58247,4.5,0.3273333
2015-01-22,10435.6201171875,151255800,0.24041132786353034,0.0626667,0.39,100.0,98.42036,98.58247,4.5,0.3273333
2015-01-23,10649.580078125,167797300,0.2324787201845323,0.0626667,0.39,100.0,98.42036,98.58247,4.5,0.3273333
2015-01-26,10798.330078125,105118600,0.2336770396695942,0.0626667,0.39,100.0,98.42036,98.58247,4.5,0.3273333
2015-01-27,10628.580078125,115893500,0.24379587625234525,0.0626667,0.39,100.0,98.42036,98.58247,4.5,0.3273333
2015-01-28,10710.9697265625,113074200,0.2441138680844412,0.0626667,0.39,100.0,98.42036,98.58247,4.5,0.3273333
2015-01-29,10737.8701171875,100310000,0.24387552569622914,0.0626667,0.39,100.0,98.42036,98.58247,4.5,0.3273333
2015-01-30,10694.3203125,108714500,0.23865454357591656,0.0626667,0.39,100.0,98.42036,98.58247,4.5,0.3273333
2015-02-02,10828.009765625,100490400,0.23823583565849474,0.0482,0.302,100.0,98.96485,99.64562,4.5,0.25379999999999997
2015-02-03,10890.9501953125,134336000,0.20162498756876934,0.0482,0.302,100.0,98.96485,99.64562,4.5,0.25379999999999997
2015-02-04,10911.3203125,98694500,0.20077737146230645,0.0482,0.302,100.0,98.96485,99.64562,4.5,0.25379999999999997
2015-02-05,10905.41015625,87662700,0.20234299370305445,0.0482,0.302,100.0,98.96485,99.64562,4.5,0.25379999999999997
2015-02-06,10846.3896484375,78680500,0.18074422872053747,0.0482,0.302,100.0,98.96485,99.64562,4.5,0.25379999999999997
2015-02-09,10663.509765625,102797300,0.17694643446291855,0.0482,0.302,100.0,98.96485,99.64562,4.5,0.25379999999999997
2015-02-10,10753.830078125,93678100,0.17447222514817193,0.0482,0.302,100.0,98.96485,99.64562,4.5,0.25379999999999997
2015-02-11,10752.1103515625,69851700,0.1698259516784087,0.0482,0.302,100.0,98.96485,99.64562,4.5,0.25379999999999997
2015-02-12,10919.650390625,107103000,0.16366720716759442,0.0482,0.302,100.0,98.96485,99.64562,4.5,0.25379999999999997
2015-02-13,10963.400390625,99482300,0.1518018979224089,0.0482,0.302,100.0,98.96485,99.64562,4.5,0.25379999999999997
2015-02-16,10923.23046875,61995500,0.15032302198219158,0.0482,0.302,100.0,98.96485,99.64562,4.5,0.25379999999999997
2015-02-17,10895.6201171875,77400400,0.15100171773387508,0.0482,0.302,100.0,98.96485,99.64562,4.5,0.25379999999999997
2015-02-18,10961.0,70942100,0.1512379375923357,0.0482,0.302,100.0,98.96485,99.64562,4.5,0.25379999999999997
2015-02-19,11001.9404296875,87999500,0.15121577871978167,0.0482,0.302,100.0,98.96485,99.64562,4.5,0.25379999999999997
2015-02-20,11050.6396484375,136029000,0.14685286441922235,0.0482,0.302,100.0,98.96485,99.64562,4.5,0.25379999999999997
2015-02-23,11130.919921875,76625500,0.1332421645814971,0.0482,0.302,100.0,98.96485,99.64562,4.5,0.25379999999999997
2015-02-24,11205.740234375,82593800,0.12737340012207282,0.0482,0.302,100.0,98.96485,99.64562,4.5,0.25379999999999997
2015-02-25,11210.26953125,80915300,0.11057414408349722,0.0482,0.302,100.0,98.96485,99.64562,4.5,0.25379999999999997
2015-02-26,11327.1904296875,85073000,0.1125292780679386,0.0482,0.302,100.0,98.96485,99.64562,4.5,0.25379999999999997
2015-02-27,11401.66015625,94058100,0.11332488055206306,0.0482,0.302,100.0,98.96485,99.64562,4.5,0.25379999999999997
2015-03-02,11410.3603515625,80280900,0.11080786289294653,0.0271818,0.2272727273,100.0,99.40934,99.64562,4.5,0.2000909273
2015-03-03,11280.3603515625,84804300,0.1160922665676886,0.0271818,0.2272727273,100.0,99.40934,99.64562,4.5,0.2000909273
2015-03-04,11390.3798828125,79990900,0.11851031635587524,0.0271818,0.2272727273,100.0,99.40934,99.64562,4.5,0.2000909273
2015-03-05,11504.009765625,83133300,0.1215447774508377,0.0271818,0.2272727273,100.0,99.40934,99.64562,4.5,0.2000909273
2015-03-06,11550.9697265625,83005800,0.1211175174817954,0.0271818,0.2272727273,100.0,99.40934,99.64562,4.5,0.2000909273
2015-03-09,11582.1103515625,70116300,0.11741609514137362,0.0271818,0.2272727273,100.0,99.40934,99.64562,4.5,0.2000909273
2015-03-10,11500.3798828125,93041600,0.09997220449176585,0.0271818,0.2272727273,100.0,99.40934,99.64562,4.5,0.2000909273
2015-03-11,11805.990234375,107890400,0.12703829246490558,0.0271818,0.2272727273,100.0,99.40934,99.64562,4.5,0.2000909273
2015-03-12,11799.3896484375,119851500,0.1272295764009144,0.0271818,0.2272727273,100.0,99.40934,99.64562,4.5,0.2000909273
2015-03-13,11901.6103515625,104888400,0.12175261127695151,0.0271818,0.2272727273,100.0,99.40934,99.64562,4.5,0.2000909273
2015-03-16,12167.7197265625,112369900,0.1371324427656821,0.0271818,0.2272727273,100.0,99.40934,99.64562,4.5,0.2000909273
2015-03-17,11980.849609375,104121300,0.15166589916392706,0.0271818,0.2272727273,100.0,99.40934,99.64562,4.5,0.2000909273
2015-03-18,11922.76953125,114361600,0.15321655624739033,0.0271818,0.2272727273,100.0,99.40934,99.64562,4.5,0.2000909273
2015-03-19,11899.400390625,110433600,0.15460694393995422,0.0271818,0.2272727273,100.0,99.40934,99.64562,4.5,0.2000909273
2015-03-20,12039.3701171875,181425200,0.15694036083218393,0.0271818,0.2272727273,100.0,99.40934,99.64562,4.5,0.2000909273
2015-03-23,11895.83984375,88385400,0.16674679679207213,0.0271818,0.2272727273,100.0,99.40934,99.64562,4.5,0.2000909273
2015-03-24,12005.6904296875,104205600,0.1674351576063313,0.0271818,0.2272727273,100.0,99.40934,99.64562,4.5,0.2000909273
2015-03-25,11865.3203125,84585800,0.17516678322839402,0.0271818,0.2272727273,100.0,99.40934,99.64562,4.5,0.2000909273
2015-03-26,11843.6796875,120047400,0.17571751161969473,0.0271818,0.2272727273,100.0,99.40934,99.64562,4.5,0.2000909273
2015-03-27,11868.330078125,88495700,0.1734426409548741,0.0271818,0.2272727273,100.0,99.40934,99.64562,4.5,0.2000909273
2015-03-30,12086.009765625,75164200,0.18170540100510016,0.0271818,0.2272727273,100.0,99.40934,99.64562,4.5,0.2000909273
2015-03-31,11966.169921875,87376600,0.18693474478872185,0.0271818,0.2272727273,100.0,99.40934,99.64562,4.5,0.2000909273
2015-04-01,12001.3798828125,93234700,0.18014438513095365,0.0047,0.122,100.0,99.88544,100.4188,4.4,0.1173
2015-04-02,11967.3896484375,70758500,0.17948792502225058,0.0047,0.122,100.0,99.88544,100.4188,4.4,0.1173
2015-04-07,12123.51953125,91113100,0.18142197386279865,0.0047,0.122,100.0,99.88544,100.4188,4.4,0.1173
2015-04-08,12035.8603515625,72017900,0.18443556762700952,0.0047,0.122,100.0,99.88544,100.4188,4.4,0.1173
2015-04-09,12166.4404296875,60312600,0.18695523950900175,0.0047,0.122,100.0,99.88544,100.4188,4.4,0.1173
2015-04-10,12374.73046875,80849100,0.19025636870315124,0.0047,0.122,100.0,99.88544,100.4188,4.4,0.1173
2015-04-13,12338.73046875,62629800,0.1718498193813631,0.0047,0.122,100.0,99.88544,100.4188,4.4,0.1173
2015-04-14,12227.599609375,73456600,0.17597567523208177,0.0047,0.122,100.0,99.88544,100.4188,4.4,0.1173
2015-04-15,12231.33984375,69854000,0.17421582247737477,0.0047,0.122,100.0,99.88544,100.4188,4.4,0.1173
2015-04-16,11998.8603515625,97991100,0.17027686740404882,0.0047,0.122,100.0,99.88544,100.4188,4.4,0.1173
2015-04-17,11688.7001953125,136933600,0.1849700562681771,0.0047,0.122,100.0,99.88544,100.4188,4.4,0.1173
2015-04-20,11891.91015625,73533300,0.19506782143491358,0.0047,0.122,100.0,99.88544,100.4188,4.4,0.1173
2015-04-21,11939.580078125,80145600,0.1954274028422351,0.0047,0.122,100.0,99.88544,100.4188,4.4,0.1173
2015-04-22,11867.3701171875,81502800,0.19189464753474614,0.0047,0.122,100.0,99.88544,100.4188,4.4,0.1173
2015-04-23,11723.580078125,89480500,0.19204030427800217,0.0047,0.122,100.0,99.88544,100.4188,4.4,0.1173
2015-04-24,11810.849609375,84712000,0.1909793736005603,0.0047,0.122,100.0,99.88544,100.4188,4.4,0.1173
2015-04-27,12039.16015625,103024800,0.19858601645751825,0.0047,0.122,100.0,99.88544,100.4188,4.4,0.1173
2015-04-28,11811.66015625,125624200,0.20987864449477095,0.0047,0.122,100.0,99.88544,100.4188,4.4,0.1173
2015-04-29,11432.7197265625,134679800,0.23711495922593603,0.0047,0.122,100.0,99.88544,100.4188,4.4,0.1173
2015-04-30,11454.3798828125,126690900,0.2262181898036259,0.0047,0.122,100.0,99.88544,100.4188,4.4,0.1173
2015-05-04,11619.849609375,80328700,0.23176861372899502,-0.0103684,0.5557894737,100.0,100.0254,100.6121,4.4,0.5661578736999999
2015-05-05,11327.6796875,121580000,0.24532303282733592,-0.0103684,0.5557894737,100.0,100.0254,100.6121,4.4,0.5661578736999999
2015-05-06,11350.150390625,101726700,0.24584043532710886,-0.0103684,0.5557894737,100.0,100.0254,100.6121,4.4,0.5661578736999999
2015-05-07,11407.9697265625,119253400,0.2410400405511115,-0.0103684,0.5557894737,100.0,100.0254,100.6121,4.4,0.5661578736999999
2015-05-08,11709.73046875,111159500,0.26065032545231603,-0.0103684,0.5557894737,100.0,100.0254,100.6121,4.4,0.5661578736999999
2015-05-11,11673.349609375,73175600,0.25699384622530735,-0.0103684,0.5557894737,100.0,100.0254,100.6121,4.4,0.5661578736999999
2015-05-12,11472.41015625,104691800,0.25255591838328817,-0.0103684,0.5557894737,100.0,100.0254,100.6121,4.4,0.5661578736999999
2015-05-13,11351.4599609375,108123400,0.2537210014861551,-0.0103684,0.5557894737,100.0,100.0254,100.6121,4.4,0.5661578736999999
2015-05-14,11559.8203125,72926200,0.264191068207097,-0.0103684,0.5557894737,100.0,100.0254,100.6121,4.4,0.5661578736999999
2015-05-15,11447.0302734375,97759100,0.2651241333353137,-0.0103684,0.5557894737,100.0,100.0254,100.6121,4.4,0.5661578736999999
2015-05-18,11594.2802734375,78737700,0.2638900575721972,-0.0103684,0.5557894737,100.0,100.0254,100.6121,4.4,0.5661578736999999
2015-05-19,11853.330078125,99880500,0.26064730479759224,-0.0103684,0.5557894737,100.0,100.0254,100.6121,4.4,0.5661578736999999
2015-05-20,11848.4697265625,68486700,0.25356918323701433,-0.0103684,0.5557894737,100.0,100.0254,100.6121,4.4,0.5661578736999999
2015-05-21,11864.58984375,71402900,0.2532004665647075,-0.0103684,0.5557894737,100.0,100.0254,100.6121,4.4,0.5661578736999999
2015-05-22,11815.009765625,64150300,0.2527369017765997,-0.0103684,0.5557894737,100.0,100.0254,100.6121,4.4,0.5661578736999999
2015-05-26,11625.1298828125,96666700,0.2554646266983132,-0.0103684,0.5557894737,100.0,100.0254,100.6121,4.4,0.5661578736999999
2015-05-27,11771.1298828125,100896100,0.2580145014165633,-0.0103684,0.5557894737,100.0,100.0254,100.6121,4.4,0.5661578736999999
2015-05-28,11677.5703125,84031300,0.24937752999952467,-0.0103684,0.5557894737,100.0,100.0254,100.6121,4.4,0.5661578736999999
2015-05-29,11413.8203125,124443600,0.2529533383033254,-0.0103684,0.5557894737,100.0,100.0254,100.6121,4.4,0.5661578736999999
2015-06-01,11436.0498046875,75686700,0.22729689950481974,-0.0139091,0.7927272727,100.0,100.1531,100.5155,4.4,0.8066363727
2015-06-02,11328.7998046875,88144800,0.2295261615319666,-0.0139091,0.7927272727,100.0,100.1531,100.5155,4.4,0.8066363727
2015-06-03,11419.6201171875,85463100,0.22531951105365028,-0.0139091,0.7927272727,100.0,100.1531,100.5155,4.4,0.8066363727
2015-06-04,11340.599609375,106480100,0.2086692608322476,-0.0139091,0.7927272727,100.0,100.1531,100.5155,4.4,0.8066363727
2015-06-05,11197.150390625,91468900,0.21314572276428959,-0.0139091,0.7927272727,100.0,100.1531,100.5155,4.4,0.8066363727
2015-06-08,11064.919921875,98832900,0.21552525851858903,-0.0139091,0.7927272727,100.0,100.1531,100.5155,4.4,0.8066363727
2015-06-09,11001.2900390625,102708500,0.19058185189374546,-0.0139091,0.7927272727,100.0,100.1531,100.5155,4.4,0.8066363727
2015-06-10,11265.3896484375,102696900,0.2121338118673985,-0.0139091,0.7927272727,100.0,100.1531,100.5155,4.4,0.8066363727
2015-06-11,11332.7802734375,92249900,0.20575507980032198,-0.0139091,0.7927272727,100.0,100.1531,100.5155,4.4,0.8066363727
2015-06-12,11196.490234375,88895900,0.20672898871189843,-0.0139091,0.7927272727,100.0,100.1531,100.5155,4.4,0.8066363727
2015-06-15,10984.9697265625,80597400,0.2040038038045798,-0.0139091,0.7927272727,100.0,100.1531,100.5155,4.4,0.8066363727
2015-06-16,11044.009765625,88926100,0.20381305047186965,-0.0139091,0.7927272727,100.0,100.1531,100.5155,4.4,0.8066363727
2015-06-17,10978.009765625,83259000,0.19728009428859541,-0.0139091,0.7927272727,100.0,100.1531,100.5155,4.4,0.8066363727
2015-06-18,11100.2998046875,100028200,0.1827705238857975,-0.0139091,0.7927272727,100.0,100.1531,100.5155,4.4,0.8066363727
2015-06-19,11040.099609375,212137500,0.18268055491329682,-0.0139091,0.7927272727,100.0,100.1531,100.5155,4.4,0.8066363727
2015-06-22,11460.5,119290900,0.23207868961259748,-0.0139091,0.7927272727,100.0,100.1531,100.5155,4.4,0.8066363727
2015-06-23,11542.5400390625,88926100,0.23377605524220454,-0.0139091,0.7927272727,100.0,100.1531,100.5155,4.4,0.8066363727
2015-06-24,11471.259765625,94706700,0.22818856947360225,-0.0139091,0.7927272727,100.0,100.1531,100.5155,4.4,0.8066363727
2015-06-25,11473.1298828125,75830400,0.22321097032145149,-0.0139091,0.7927272727,100.0,100.1531,100.5155,4.4,0.8066363727
2015-06-26,11492.4296875,94560500,0.22199244765879814,-0.0139091,0.7927272727,100.0,100.1531,100.5155,4.4,0.8066363727
2015-06-29,11083.2001953125,134211000,0.2418850885559808,-0.0139091,0.7927272727,100.0,100.1531,100.5155,4.4,0.8066363727
2015-06-30,10944.9697265625,135591300,0.24459681561982666,-0.0139091,0.7927272727,100.0,100.1531,100.5155,4.4,0.8066363727
2015-07-01,11180.5,122763900,0.255967625126054,-0.0187391,0.71,100.0,100.5453,101.9652,4.3,0.7287391
2015-07-02,11099.349609375,77178000,0.2550284275333708,-0.0187391,0.71,100.0,100.5453,101.9652,4.3,0.7287391
2015-07-03,11058.3896484375,65584100,0.25436530874916274,-0.0187391,0.71,100.0,100.5453,101.9652,4.3,0.7287391
2015-07-06,10890.6298828125,101564300,0.2559554369464154,-0.0187391,0.71,100.0,100.5453,101.9652,4.3,0.7287391
2015-07-07,10676.7802734375,107402600,0.2614217349468078,-0.0187391,0.71,100.0,100.5453,101.9652,4.3,0.7287391
2015-07-08,10747.2998046875,94415000,0.2624340375714224,-0.0187391,0.71,100.0,100.5453,101.9652,4.3,0.7287391
2015-07-09,10996.41015625,83835900,0.26145525281130877,-0.0187391,0.71,100.0,100.5453,101.9652,4.3,0.7287391
2015-07-10,11315.6298828125,104804000,0.2807142591896009,-0.0187391,0.71,100.0,100.5453,101.9652,4.3,0.7287391
2015-07-13,11484.3798828125,91886300,0.2815904304265745,-0.0187391,0.71,100.0,100.5453,101.9652,4.3,0.7287391
2015-07-14,11516.900390625,67809700,0.27179067654972283,-0.0187391,0.71,100.0,100.5453,101.9652,4.3,0.7287391
2015-07-15,11539.66015625,66692300,0.27157588695984175,-0.0187391,0.71,100.0,100.5453,101.9652,4.3,0.7287391
2015-07-16,11716.759765625,86470600,0.273494370964167,-0.0187391,0.71,100.0,100.5453,101.9652,4.3,0.7287391
2015-07-17,11673.419921875,69953700,0.2729287804764506,-0.0187391,0.71,100.0,100.5453,101.9652,4.3,0.7287391
2015-07-20,11735.7197265625,62910700,0.27151438778929504,-0.0187391,0.71,100.0,100.5453,101.9652,4.3,0.7287391
2015-07-21,11604.7998046875,65376100,0.24362049198195454,-0.0187391,0.71,100.0,100.5453,101.9652,4.3,0.7287391
2015-07-22,11520.669921875,70077600,0.24392645639645857,-0.0187391,0.71,100.0,100.5453,101.9652,4.3,0.7287391
2015-07-23,11512.1103515625,65094600,0.2429110997204027,-0.0187391,0.71,100.0,100.5453,101.9652,4.3,0.7287391
2015-07-24,11347.4501953125,68500200,0.2481129909983607,-0.0187391,0.71,100.0,100.5453,101.9652,4.3,0.7287391
2015-07-27,11056.400390625,88788400,0.2628390790237811,-0.0187391,0.71,100.0,100.5453,101.9652,4.3,0.7287391
2015-07-28,11173.91015625,75649000,0.2350323986632549,-0.0187391,0.71,100.0,100.5453,101.9652,4.3,0.7287391
2015-07-29,11211.849609375,72184300,0.2303857343727596,-0.0187391,0.71,100.0,100.5453,101.9652,4.3,0.7287391
2015-07-30,11257.150390625,96920800,0.21866581661908574,-0.0187391,0.71,100.0,100.5453,101.9652,4.3,0.7287391
2015-07-31,11308.990234375,85130600,0.21727738779784028,-0.0187391,0.71,100.0,100.5453,101.9652,4.3,0.7287391
2015-08-03,11443.7197265625,80392800,0.2197602298877348,-0.0276667,0.6085714286,100.0,100.8415,99.45232,4.3,0.6362381286000001
2015-08-04,11456.0703125,68762800,0.21105747895273935,-0.0276667,0.6085714286,100.0,100.8415,99.45232,4.3,0.6362381286000001
2015-08-05,11636.2998046875,76082500,0.19957236155581742,-0.0276667,0.6085714286,100.0,100.8415,99.45232,4.3,0.6362381286000001
2015-08-06,11585.099609375,69557600,0.20152016855983249,-0.0276667,0.6085714286,100.0,100.8415,99.45232,4.3,0.6362381286000001
2015-08-07,11490.830078125,62073800,0.19228401955268623,-0.0276667,0.6085714286,100.0,100.8415,99.45232,4.3,0.6362381286000001
2015-08-10,11604.7802734375,61246000,0.16857722525068108,-0.0276667,0.6085714286,100.0,100.8415,99.45232,4.3,0.6362381286000001
2015-08-11,11293.650390625,87068000,0.1869471111150968,-0.0276667,0.6085714286,100.0,100.8415,99.45232,4.3,0.6362381286000001
2015-08-12,10924.6103515625,120520400,0.21654506365098258,-0.0276667,0.6085714286,100.0,100.8415,99.45232,4.3,0.6362381286000001
2015-08-13,11014.6298828125,88821100,0.21921857177553522,-0.0276667,0.6085714286,100.0,100.8415,99.45232,4.3,0.6362381286000001
2015-08-14,10985.1396484375,69223800,0.20980954781724398,-0.0276667,0.6085714286,100.0,100.8415,99.45232,4.3,0.6362381286000001
2015-08-17,10940.330078125,71128300,0.20983005653660228,-0.0276667,0.6085714286,100.0,100.8415,99.45232,4.3,0.6362381286000001
2015-08-18,10915.919921875,60549700,0.20766810930609161,-0.0276667,0.6085714286,100.0,100.8415,99.45232,4.3,0.6362381286000001
2015-08-19,10682.150390625,82082100,0.21541756635488699,-0.0276667,0.6085714286,100.0,100.8415,99.45232,4.3,0.6362381286000001
2015-08-20,10432.1904296875,110742000,0.22565195467788948,-0.0276667,0.6085714286,100.0,100.8415,99.45232,4.3,0.6362381286000001
2015-08-21,10124.51953125,157939600,0.24089417945308958,-0.0276667,0.6085714286,100.0,100.8415,99.45232,4.3,0.6362381286000001
2015-08-24,9648.4296875,294378200,0.27880949153732176,-0.0276667,0.6085714286,100.0,100.8415,99.45232,4.3,0.6362381286000001
2015-08-25,10128.1201171875,213162900,0.33393300763128797,-0.0276667,0.6085714286,100.0,100.8415,99.45232,4.3,0.6362381286000001
2015-08-26,9997.4296875,139035100,0.3309195978167647,-0.0276667,0.6085714286,100.0,100.8415,99.45232,4.3,0.6362381286000001
2015-08-27,10315.6201171875,108343500,0.35394662000971744,-0.0276667,0.6085714286,100.0,100.8415,99.45232,4.3,0.6362381286000001
2015-08-28,10298.5302734375,78726500,0.352920909459122,-0.0276667,0.6085714286,100.0,100.8415,99.45232,4.3,0.6362381286000001
2015-08-31,10259.4599609375,78175000,0.3515390005992879,-0.0276667,0.6085714286,100.0,100.8415,99.45232,4.3,0.6362381286000001
2015-09-01,10015.5703125,119366700,0.3524150831136163,-0.0370455,0.6540909091,100.0,100.7491,99.64562,4.3,0.6911364091
2015-09-02,10048.0498046875,92312300,0.3530490602504296,-0.0370455,0.6540909091,100.0,100.7491,99.64562,4.3,0.6911364091
2015-09-03,10317.83984375,118778000,0.3636107932269979,-0.0370455,0.6540909091,100.0,100.7491,99.64562,4.3,0.6911364091
2015-09-04,10038.0400390625,137385500,0.37121268317707584,-0.0370455,0.6540909091,100.0,100.7491,99.64562,4.3,0.6911364091
2015-09-07,10108.6103515625,56074300,0.3740989049257474,-0.0370455,0.6540909091,100.0,100.7491,99.64562,4.3,0.6911364091
2015-09-08,10271.3603515625,99156000,0.3779696043202237,-0.0370455,0.6540909091,100.0,100.7491,99.64562,4.3,0.6911364091
2015-09-09,10303.1201171875,99939900,0.37088011276063054,-0.0370455,0.6540909091,100.0,100.7491,99.64562,4.3,0.6911364091
2015-09-10,10210.4404296875,104453600,0.35669188908198496,-0.0370455,0.6540909091,100.0,100.7491,99.64562,4.3,0.6911364091
2015-09-11,10123.5595703125,83247500,0.3547706125964531,-0.0370455,0.6540909091,100.0,100.7491,99.64562,4.3,0.6911364091
2015-09-14,10131.740234375,77501900,0.3551113860729774,-0.0370455,0.6540909091,100.0,100.7491,99.64562,4.3,0.6911364091
2015-09-15,10188.1298828125,141958400,0.35651833587614773,-0.0370455,0.6540909091,100.0,100.7491,99.64562,4.3,0.6911364091
2015-09-16,10227.2099609375,122166400,0.3573331522841583,-0.0370455,0.6540909091,100.0,100.7491,99.64562,4.3,0.6911364091
2015-09-17,10229.580078125,120023700,0.350979680738365,-0.0370455,0.6540909091,100.0,100.7491,99.64562,4.3,0.6911364091
2015-09-18,9916.16015625,284561600,0.35742248871813254,-0.0370455,0.6540909091,100.0,100.7491,99.64562,4.3,0.6911364091
2015-09-21,9948.509765625,117875400,0.34361912278436885,-0.0370455,0.6540909091,100.0,100.7491,99.64562,4.3,0.6911364091
2015-09-22,9570.66015625,154642400,0.32936154176484794,-0.0370455,0.6540909091,100.0,100.7491,99.64562,4.3,0.6911364091
2015-09-23,9612.6201171875,116043300,0.27592907180790194,-0.0370455,0.6540909091,100.0,100.7491,99.64562,4.3,0.6911364091
2015-09-24,9427.6396484375,156737900,0.27983365151480594,-0.0370455,0.6540909091,100.0,100.7491,99.64562,4.3,0.6911364091
2015-09-25,9688.5302734375,124073000,0.27368867509935485,-0.0370455,0.6540909091,100.0,100.7491,99.64562,4.3,0.6911364091
2015-09-28,9483.5498046875,106339000,0.28086893575690247,-0.0370455,0.6540909091,100.0,100.7491,99.64562,4.3,0.6911364091
2015-09-29,9450.400390625,116110100,0.2808704942365641,-0.0370455,0.6540909091,100.0,100.7491,99.64562,4.3,0.6911364091
2015-09-30,9660.4404296875,113184200,0.28473453429466655,-0.0370455,0.6540909091,100.0,100.7491,99.64562,4.3,0.6911364091
2015-10-01,9509.25,115443600,0.2882166324354937,-0.0535909,0.5181818182,100.0,100.8245,100.5155,4.2,0.5717727182
2015-10-02,9553.0703125,126685600,0.26939802541256186,-0.0535909,0.5181818182,100.0,100.8245,100.5155,4.2,0.5717727182
2015-10-05,9814.7900390625,121330200,0.27535862181415427,-0.0535909,0.5181818182,100.0,100.8245,100.5155,4.2,0.5717727182
2015-10-06,9902.830078125,99017000,0.27614577428784837,-0.0535909,0.5181818182,100.0,100.8245,100.5155,4.2,0.5717727182
2015-10-07,9970.400390625,118894100,0.2707958330164211,-0.0535909,0.5181818182,100.0,100.8245,100.5155,4.2,0.5717727182
2015-10-08,9993.0703125,103509100,0.2706443091423066,-0.0535909,0.5181818182,100.0,100.8245,100.5155,4.2,0.5717727182
2015-10-09,10096.599609375,105247200,0.2720252463082271,-0.0535909,0.5181818182,100.0,100.8245,100.5155,4.2,0.5717727182
2015-10-12,10119.830078125,105142500,0.2705349172516484,-0.0535909,0.5181818182,100.0,100.8245,100.5155,4.2,0.5717727182
2015-10-13,10032.8203125,102166100,0.272191297231976,-0.0535909,0.5181818182,100.0,100.8245,100.5155,4.2,0.5717727182
2015-10-14,9915.849609375,98815500,0.27402708327259084,-0.0535909,0.5181818182,100.0,100.8245,100.5155,4.2,0.5717727182
2015-10-15,10064.7998046875,91564800,0.2792788259334758,-0.0535909,0.5181818182,100.0,100.8245,100.5155,4.2,0.5717727182
2015-10-16,10104.4296875,100189500,0.2797148899614249,-0.0535909,0.5181818182,100.0,100.8245,100.5155,4.2,0.5717727182
2015-10-19,10164.3095703125,68180300,0.25779034759309316,-0.0535909,0.5181818182,100.0,100.8245,100.5155,4.2,0.5717727182
2015-10-20,10147.6796875,67235200,0.2578798818082298,-0.0535909,0.5181818182,100.0,100.8245,100.5155,4.2,0.5717727182
2015-10-21,10238.099609375,72187000,0.21620000790339164,-0.0535909,0.5181818182,100.0,100.8245,100.5155,4.2,0.5717727182
2015-10-22,10491.9697265625,110836700,0.2286884175751505,-0.0535909,0.5181818182,100.0,100.8245,100.5155,4.2,0.5717727182
2015-10-23,10794.5400390625,120121400,0.227032425809989,-0.0535909,0.5181818182,100.0,100.8245,100.5155,4.2,0.5717727182
2015-10-26,10801.33984375,75352100,0.21432430679395434,-0.0535909,0.5181818182,100.0,100.8245,100.5155,4.2,0.5717727182
2015-10-27,10692.1904296875,83819800,0.2000962361012532,-0.0535909,0.5181818182,100.0,100.8245,100.5155,4.2,0.5717727182
2015-10-28,10831.9599609375,79923400,0.19862012706713109,-0.0535909,0.5181818182,100.0,100.8245,100.5155,4.2,0.5717727182
2015-10-29,10800.83984375,126302200,0.19266954620406831,-0.0535909,0.5181818182,100.0,100.8245,100.5155,4.2,0.5717727182
2015-10-30,10850.1396484375,92030900,0.17692708727698986,-0.0535909,0.5181818182,100.0,100.8245,100.5155,4.2,0.5717727182
2015-11-02,10950.669921875,95950600,0.17708155838314069,-0.087619,0.5161904762,100.0,99.91132,99.25902,4.2,0.6038094762
2015-11-03,10951.150390625,84574500,0.16120971292301428,-0.087619,0.5161904762,100.0,99.91132,99.25902,4.2,0.6038094762
2015-11-04,10845.240234375,99251200,0.16859620888644816,-0.087619,0.5161904762,100.0,99.91132,99.25902,4.2,0.6038094762
2015-11-05,10887.740234375,94791800,0.1683684131487563,-0.087619,0.5161904762,100.0,99.91132,99.25902,4.2,0.6038094762
2015-11-06,10988.0302734375,92252100,0.16905446974800026,-0.087619,0.5161904762,100.0,99.91132,99.25902,4.2,0.6038094762
2015-11-09,10815.4501953125,75764100,0.18148937140248592,-0.087619,0.5161904762,100.0,99.91132,99.25902,4.2,0.6038094762
2015-11-10,10832.51953125,80064500,0.18155886673005076,-0.087619,0.5161904762,100.0,99.91132,99.25902,4.2,0.6038094762
2015-11-11,10907.8701171875,82513200,0.17663553585417346,-0.087619,0.5161904762,100.0,99.91132,99.25902,4.2,0.6038094762
2015-11-12,10782.6298828125,97216300,0.17643798428228213,-0.087619,0.5161904762,100.0,99.91132,99.25902,4.2,0.6038094762
2015-11-13,10708.400390625,85245700,0.17560191123767796,-0.087619,0.5161904762,100.0,99.91132,99.25902,4.2,0.6038094762
2015-11-16,10713.23046875,65211900,0.1757860842320527,-0.087619,0.5161904762,100.0,99.91132,99.25902,4.2,0.6038094762
2015-11-17,10971.0400390625,76119400,0.19040967109387474,-0.087619,0.5161904762,100.0,99.91132,99.25902,4.2,0.6038094762
2015-11-18,10959.9501953125,63453500,0.19020060711418368,-0.087619,0.5161904762,100.0,99.91132,99.25902,4.2,0.6038094762
2015-11-19,11085.4404296875,77557200,0.19127062418088603,-0.087619,0.5161904762,100.0,99.91132,99.25902,4.2,0.6038094762
2015-11-20,11119.830078125,78613900,0.1754635369589867,-0.087619,0.5161904762,100.0,99.91132,99.25902,4.2,0.6038094762
2015-11-23,11092.3095703125,61688400,0.1484254151759051,-0.087619,0.5161904762,100.0,99.91132,99.25902,4.2,0.6038094762
2015-11-24,10933.990234375,86968600,0.15799113161944917,-0.087619,0.5161904762,100.0,99.91132,99.25902,4.2,0.6038094762
2015-11-25,11169.5400390625,86833400,0.16858227583290972,-0.087619,0.5161904762,100.0,99.91132,99.25902,4.2,0.6038094762
2015-11-26,11320.76953125,88740700,0.16897161009006242,-0.087619,0.5161904762,100.0,99.91132,99.25902,4.2,0.6038094762
2015-11-27,11293.759765625,63973400,0.1687972049859947,-0.087619,0.5161904762,100.0,99.91132,99.25902,4.2,0.6038094762
2015-11-30,11382.23046875,95920300,0.16975600403613747,-0.087619,0.5161904762,100.0,99.91132,99.25902,4.2,0.6038094762
2015-12-01,11261.240234375,111657500,0.17347371647500603,-0.1263182,0.5455,100.0,100.2697,99.74227,4.2,0.6718181999999999
2015-12-02,11190.01953125,87503200,0.17548703518022724,-0.1263182,0.5455,100.0,100.2697,99.74227,4.2,0.6718181999999999
2015-12-03,10789.240234375,159632000,0.2146753345287687,-0.1263182,0.5455,100.0,100.2697,99.74227,4.2,0.6718181999999999
2015-12-04,10752.099609375,111673700,0.21442787093689766,-0.1263182,0.5455,100.0,100.2697,99.74227,4.2,0.6718181999999999
2015-12-07,10886.08984375,72014100,0.2165695114593805,-0.1263182,0.5455,100.0,100.2697,99.74227,4.2,0.6718181999999999
2015-12-08,10673.599609375,91022500,0.22034523057529826,-0.1263182,0.5455,100.0,100.2697,99.74227,4.2,0.6718181999999999
2015-12-09,10592.490234375,88869000,0.22152577689493916,-0.1263182,0.5455,100.0,100.2697,99.74227,4.2,0.6718181999999999
2015-12-10,10598.9296875,77722100,0.2197471046842086,-0.1263182,0.5455,100.0,100.2697,99.74227,4.2,0.6718181999999999
2015-12-11,10340.0595703125,105118400,0.2315763776831187,-0.1263182,0.5455,100.0,100.2697,99.74227,4.2,0.6718181999999999
2015-12-14,10139.33984375,97320100,0.2389288090194148,-0.1263182,0.5455,100.0,100.2697,99.74227,4.2,0.6718181999999999
2015-12-15,10450.3798828125,101824100,0.2651206025288681,-0.1263182,0.5455,100.0,100.2697,99.74227,4.2,0.6718181999999999
2015-12-16,10469.259765625,84332300,0.2492942274130154,-0.1263182,0.5455,100.0,100.2697,99.74227,4.2,0.6718181999999999
2015-12-17,10738.1201171875,115513300,0.2672746202537083,-0.1263182,0.5455,100.0,100.2697,99.74227,4.2,0.6718181999999999
2015-12-18,10608.1904296875,197070900,0.2660798723504615,-0.1263182,0.5455,100.0,100.2697,99.74227,4.2,0.6718181999999999
2015-12-21,10497.76953125,79428900,0.2669564154864486,-0.1263182,0.5455,100.0,100.2697,99.74227,4.2,0.6718181999999999
2015-12-22,10488.75,61732200,0.2670248365448949,-0.1263182,0.5455,100.0,100.2697,99.74227,4.2,0.6718181999999999
2015-12-23,10727.6396484375,71407200,0.27713935025185993,-0.1263182,0.5455,100.0,100.2697,99.74227,4.2,0.6718181999999999
2015-12-28,10653.91015625,35335900,0.26556334256811054,-0.1263182,0.5455,100.0,100.2697,99.74227,4.2,0.6718181999999999
2015-12-29,10860.1396484375,53347400,0.2706012763954463,-0.1263182,0.5455,100.0,100.2697,99.74227,4.2,0.6718181999999999
2015-12-30,10743.009765625,35240300,0.27237413506394287,-0.1263182,0.5455,100.0,100.2697,99.74227,4.2,0.6718181999999999
2016-01-04,10283.4404296875,119844300,0.3034491648128014,-0.14615,0.4305,100.4917,99.66638,101.2887,4.1,0.57665
2016-01-05,10310.099609375,84894800,0.3036217141824196,-0.14615,0.4305,100.4917,99.66638,101.2887,4.1,0.57665
2016-01-06,10214.01953125,90465700,0.3040851743050418,-0.14615,0.4305,100.4917,99.66638,101.2887,4.1,0.57665
2016-01-07,9979.849609375,128029000,0.29013697543085254,-0.14615,0.4305,100.4917,99.66638,101.2887,4.1,0.57665
2016-01-08,9849.33984375,98631100,0.2920069196887007,-0.14615,0.4305,100.4917,99.66638,101.2887,4.1,0.57665
2016-01-11,9825.0703125,92547600,0.28591506740415823,-0.14615,0.4305,100.4917,99.66638,101.2887,4.1,0.57665
2016-01-12,9985.4296875,99681300,0.28946930009572985,-0.14615,0.4305,100.4917,99.66638,101.2887,4.1,0.57665
2016-01-13,9960.9599609375,93643400,0.28898987959706596,-0.14615,0.4305,100.4917,99.66638,101.2887,4.1,0.57665
2016-01-14,9794.2001953125,137020800,0.2926646329954133,-0.14615,0.4305,100.4917,99.66638,101.2887,4.1,0.57665
2016-01-15,9545.26953125,142005800,0.2935731091060135,-0.14615,0.4305,100.4917,99.66638,101.2887,4.1,0.57665
2016-01-18,9521.849609375,91275200,0.2879154071445633,-0.14615,0.4305,100.4917,99.66638,101.2887,4.1,0.57665
2016-01-19,9664.2099609375,102829600,0.26941495520889536,-0.14615,0.4305,100.4917,99.66638,101.2887,4.1,0.57665
2016-01-20,9391.6396484375,138206200,0.2816360052896916,-0.14615,0.4305,100.4917,99.66638,101.2887,4.1,0.57665
2016-01-21,9574.16015625,147730300,0.27378119299139,-0.14615,0.4305,100.4917,99.66638,101.2887,4.1,0.57665
2016-01-22,9764.8798828125,127518300,0.2859677340006488,-0.14615,0.4305,100.4917,99.66638,101.2887,4.1,0.57665
2016-01-25,9736.150390625,94406900,0.2849552014183764,-0.14615,0.4305,100.4917,99.66638,101.2887,4.1,0.57665
2016-01-26,9822.75,113632600,0.28804849170230107,-0.14615,0.4305,100.4917,99.66638,101.2887,4.1,0.57665
2016-01-27,9880.8203125,91926100,0.27467648278533235,-0.14615,0.4305,100.4917,99.66638,101.2887,4.1,0.57665
2016-01-28,9639.58984375,117743700,0.2837492196504547,-0.14615,0.4305,100.4917,99.66638,101.2887,4.1,0.57665
2016-01-29,9798.1103515625,117174600,0.2808151544060219,-0.14615,0.4305,100.4917,99.66638,101.2887,4.1,0.57665
2016-02-01,9757.8798828125,92729400,0.279954756570747,-0.1835714,0.1728571429,100.4917,100.0764,101.0954,4.1,0.35642854290000003
2016-02-02,9581.0400390625,107857900,0.2486696031277447,-0.1835714,0.1728571429,100.4917,100.0764,101.0954,4.1,0.35642854290000003
2016-02-03,9434.8203125,125091400,0.25106742217244576,-0.1835714,0.1728571429,100.4917,100.0764,101.0954,4.1,0.35642854290000003
2016-02-04,9393.3603515625,133766200,0.2503551858952424,-0.1835714,0.1728571429,100.4917,100.0764,101.0954,4.1,0.35642854290000003
2016-02-05,9286.23046875,134856000,0.2423538905481275,-0.1835714,0.1728571429,100.4917,100.0764,101.0954,4.1,0.35642854290000003
2016-02-08,8979.3603515625,154467600,0.2615982729893343,-0.1835714,0.1728571429,100.4917,100.0764,101.0954,4.1,0.35642854290000003
2016-02-09,8879.400390625,159802700,0.2625683446490894,-0.1835714,0.1728571429,100.4917,100.0764,101.0954,4.1,0.35642854290000003
2016-02-10,9017.2900390625,136822300,0.2617831686006683,-0.1835714,0.1728571429,100.4917,100.0764,101.0954,4.1,0.35642854290000003
2016-02-11,8752.8701171875,153636300,0.27506960268492153,-0.1835714,0.1728571429,100.4917,100.0764,101.0954,4.1,0.35642854290000003
2016-02-12,8967.509765625,160471700,0.2914104132669614,-0.1835714,0.1728571429,100.4917,100.0764,101.0954,4.1,0.35642854290000003
2016-02-15,9206.83984375,127182100,0.29902665056976374,-0.1835714,0.1728571429,100.4917,100.0764,101.0954,4.1,0.35642854290000003
2016-02-16,9135.1103515625,106014200,0.2998009034230456,-0.1835714,0.1728571429,100.4917,100.0764,101.0954,4.1,0.35642854290000003
2016-02-17,9377.2099609375,128613000,0.3104164788133609,-0.1835714,0.1728571429,100.4917,100.0764,101.0954,4.1,0.35642854290000003
2016-02-18,9463.6396484375,123801400,0.2962201966236513,-0.1835714,0.1728571429,100.4917,100.0764,101.0954,4.1,0.35642854290000003
2016-02-19,9388.0498046875,109839900,0.28932039500405693,-0.1835714,0.1728571429,100.4917,100.0764,101.0954,4.1,0.35642854290000003
2016-02-22,9573.58984375,93879900,0.28917951636175665,-0.1835714,0.1728571429,100.4917,100.0764,101.0954,4.1,0.35642854290000003
2016-02-23,9416.76953125,89938900,0.2941477844714466,-0.1835714,0.1728571429,100.4917,100.0764,101.0954,4.1,0.35642854290000003
2016-02-24,9167.7998046875,102284500,0.3038376085806002,-0.1835714,0.1728571429,100.4917,100.0764,101.0954,4.1,0.35642854290000003
2016-02-25,9331.48046875,98941300,0.31103444614654235,-0.1835714,0.1728571429,100.4917,100.0764,101.0954,4.1,0.35642854290000003
2016-02-26,9513.2998046875,98620700,0.3092997652268131,-0.1835714,0.1728571429,100.4917,100.0764,101.0954,4.1,0.35642854290000003
2016-02-29,9495.400390625,93792500,0.3031430061759762,-0.1835714,0.1728571429,100.4917,100.0764,101.0954,4.1,0.35642854290000003
2016-03-01,9717.16015625,99543300,0.3146685948905646,-0.2285238,0.1714285714,100.4917,100.8026,100.3222,4.0,0.3999523714
2016-03-02,9776.6201171875,106449600,0.3082279471154408,-0.2285238,0.1714285714,100.4917,100.8026,100.3222,4.0,0.3999523714
2016-03-03,9751.919921875,85246700,0.3027974127970754,-0.2285238,0.1714285714,100.4917,100.8026,100.3222,4.0,0.3999523714
2016-03-04,9824.169921875,93446800,0.30254055326864615,-0.2285238,0.1714285714,100.4917,100.8026,100.3222,4.0,0.3999523714
2016-03-07,9778.9296875,78146900,0.2995585817513312,-0.2285238,0.1714285714,100.4917,100.8026,100.3222,4.0,0.3999523714
2016-03-08,9692.8203125,95752700,0.27384460551358636,-0.2285238,0.1714285714,100.4917,100.8026,100.3222,4.0,0.3999523714
2016-03-09,9723.08984375,100899200,0.26845709588720634,-0.2285238,0.1714285714,100.4917,100.8026,100.3222,4.0,0.3999523714
2016-03-10,9498.150390625,177504400,0.28147921646941765,-0.2285238,0.1714285714,100.4917,100.8026,100.3222,4.0,0.3999523714
2016-03-11,9831.1298828125,118955200,0.27772837959945923,-0.2285238,0.1714285714,100.4917,100.8026,100.3222,4.0,0.3999523714
2016-03-14,9990.259765625,91438200,0.2720504708900914,-0.2285238,0.1714285714,100.4917,100.8026,100.3222,4.0,0.3999523714
2016-03-15,9933.849609375,77982800,0.26291862327023474,-0.2285238,0.1714285714,100.4917,100.8026,100.3222,4.0,0.3999523714
2016-03-16,9983.41015625,93635200,0.2595524101717999,-0.2285238,0.1714285714,100.4917,100.8026,100.3222,4.0,0.3999523714
2016-03-17,9892.2001953125,114653200,0.2504534963718437,-0.2285238,0.1714285714,100.4917,100.8026,100.3222,4.0,0.3999523714
2016-03-18,9950.7998046875,209129900,0.2496268225936003,-0.2285238,0.1714285714,100.4917,100.8026,100.3222,4.0,0.3999523714
2016-03-21,9948.6396484375,78954200,0.24694628540043226,-0.2285238,0.1714285714,100.4917,100.8026,100.3222,4.0,0.3999523714
2016-03-22,9990.0,81627700,0.2393020587401626,-0.2285238,0.1714285714,100.4917,100.8026,100.3222,4.0,0.3999523714
2016-03-23,10022.9296875,83248100,0.2296288173593418,-0.2285238,0.1714285714,100.4917,100.8026,100.3222,4.0,0.3999523714
2016-03-24,9851.349609375,73414500,0.2164255195185589,-0.2285238,0.1714285714,100.4917,100.8026,100.3222,4.0,0.3999523714
2016-03-29,9887.9404296875,67558000,0.2100740086208272,-0.2285238,0.1714285714,100.4917,100.8026,100.3222,4.0,0.3999523714
2016-03-30,10046.6103515625,89486700,0.20695751005344906,-0.2285238,0.1714285714,100.4917,100.8026,100.3222,4.0,0.3999523714
2016-03-31,9965.509765625,84529500,0.2097693303500184,-0.2285238,0.1714285714,100.4917,100.8026,100.3222,4.0,0.3999523714
2016-04-01,9794.6396484375,97643700,0.205636637471625,-0.2491905,0.1342857143,100.4917,100.7853,100.9987,4.0,0.3834762143
2016-04-04,9822.080078125,73483200,0.20480529110751436,-0.2491905,0.1342857143,100.4917,100.7853,100.9987,4.0,0.3834762143
2016-04-05,9563.3603515625,93710900,0.22460335642964033,-0.2491905,0.1342857143,100.4917,100.7853,100.9987,4.0,0.3834762143
2016-04-06,9624.509765625,92588500,0.22416122025052398,-0.2491905,0.1342857143,100.4917,100.7853,100.9987,4.0,0.3834762143
2016-04-07,9530.6201171875,83206400,0.22594177090263506,-0.2491905,0.1342857143,100.4917,100.7853,100.9987,4.0,0.3834762143
2016-04-08,9622.259765625,78334700,0.22706284887851863,-0.2491905,0.1342857143,100.4917,100.7853,100.9987,4.0,0.3834762143
2016-04-11,9682.990234375,78479700,0.22792675774306,-0.2491905,0.1342857143,100.4917,100.7853,100.9987,4.0,0.3834762143
2016-04-12,9761.4697265625,75912900,0.21337026074233614,-0.2491905,0.1342857143,100.4917,100.7853,100.9987,4.0,0.3834762143
2016-04-13,10026.099609375,106641000,0.198850938789122,-0.2491905,0.1342857143,100.4917,100.7853,100.9987,4.0,0.3834762143
2016-04-14,10093.650390625,82082700,0.19235255948617036,-0.2491905,0.1342857143,100.4917,100.7853,100.9987,4.0,0.3834762143
2016-04-15,10051.5703125,81966400,0.19181916948829192,-0.2491905,0.1342857143,100.4917,100.7853,100.9987,4.0,0.3834762143
2016-04-18,10120.3095703125,66507700,0.19245462975044922,-0.2491905,0.1342857143,100.4917,100.7853,100.9987,4.0,0.3834762143
2016-04-19,10349.58984375,99464200,0.20315493153675343,-0.2491905,0.1342857143,100.4917,100.7853,100.9987,4.0,0.3834762143
2016-04-20,10421.2900390625,96317900,0.20341438106736814,-0.2491905,0.1342857143,100.4917,100.7853,100.9987,4.0,0.3834762143
2016-04-21,10435.73046875,101414400,0.20324211614423296,-0.2491905,0.1342857143,100.4917,100.7853,100.9987,4.0,0.3834762143
2016-04-22,10373.490234375,83529500,0.20512791897367386,-0.2491905,0.1342857143,100.4917,100.7853,100.9987,4.0,0.3834762143
2016-04-25,10294.349609375,75159700,0.2076499580653157,-0.2491905,0.1342857143,100.4917,100.7853,100.9987,4.0,0.3834762143
2016-04-26,10259.58984375,79903800,0.19745197185519814,-0.2491905,0.1342857143,100.4917,100.7853,100.9987,4.0,0.3834762143
2016-04-27,10299.830078125,99071900,0.19747590834669523,-0.2491905,0.1342857143,100.4917,100.7853,100.9987,4.0,0.3834762143
2016-04-28,10321.150390625,93064300,0.1907881387766186,-0.2491905,0.1342857143,100.4917,100.7853,100.9987,4.0,0.3834762143
2016-04-29,10038.9697265625,112470200,0.21314700491114189,-0.2491905,0.1342857143,100.4917,100.7853,100.9987,4.0,0.3834762143
2016-05-02,10123.26953125,62290300,0.2048018381859421,-0.2571818,0.1328571429,100.4917,101.3116,99.35567,4.0,0.3900389429
2016-05-03,9926.76953125,125616200,0.2173041194587153,-0.2571818,0.1328571429,100.4917,101.3116,99.35567,4.0,0.3900389429
2016-05-04,9828.25,102911700,0.19827328401092278,-0.2571818,0.1328571429,100.4917,101.3116,99.35567,4.0,0.3900389429
2016-05-05,9851.8603515625,71084400,0.1974809809060842,-0.2571818,0.1328571429,100.4917,101.3116,99.35567,4.0,0.3900389429
2016-05-06,9869.9501953125,87146300,0.1934296997231314,-0.2571818,0.1328571429,100.4917,101.3116,99.35567,4.0,0.3900389429
2016-05-09,9980.490234375,80186000,0.1943184928233727,-0.2571818,0.1328571429,100.4917,101.3116,99.35567,4.0,0.3900389429
2016-05-10,10045.4404296875,83009900,0.19437691329347173,-0.2571818,0.1328571429,100.4917,101.3116,99.35567,4.0,0.3900389429
2016-05-11,9975.3203125,97288300,0.19525638984408103,-0.2571818,0.1328571429,100.4917,101.3116,99.35567,4.0,0.3900389429
2016-05-12,9862.1201171875,103137100,0.17513014820213316,-0.2571818,0.1328571429,100.4917,101.3116,99.35567,4.0,0.3900389429
2016-05-13,9952.900390625,85100100,0.17665716738310544,-0.2571818,0.1328571429,100.4917,101.3116,99.35567,4.0,0.3900389429
2016-05-17,9890.1904296875,98583200,0.17735136906947738,-0.2571818,0.1328571429,100.4917,101.3116,99.35567,4.0,0.3900389429
2016-05-18,9943.23046875,76853600,0.17663205963198225,-0.2571818,0.1328571429,100.4917,101.3116,99.35567,4.0,0.3900389429
2016-05-19,9795.8896484375,93387300,0.16099141913601545,-0.2571818,0.1328571429,100.4917,101.3116,99.35567,4.0,0.3900389429
2016-05-20,9916.01953125,78255500,0.16594052830144398,-0.2571818,0.1328571429,100.4917,101.3116,99.35567,4.0,0.3900389429
2016-05-23,9842.2900390625,76899500,0.1662773532413956,-0.2571818,0.1328571429,100.4917,101.3116,99.35567,4.0,0.3900389429
2016-05-24,10057.3095703125,85241400,0.18618218687849056,-0.2571818,0.1328571429,100.4917,101.3116,99.35567,4.0,0.3900389429
2016-05-25,10205.2099609375,97691100,0.1927382131170429,-0.2571818,0.1328571429,100.4917,101.3116,99.35567,4.0,0.3900389429
2016-05-26,10272.7099609375,74689600,0.19386132917567447,-0.2571818,0.1328571429,100.4917,101.3116,99.35567,4.0,0.3900389429
2016-05-27,10286.3095703125,62475500,0.19342974050606038,-0.2571818,0.1328571429,100.4917,101.3116,99.35567,4.0,0.3900389429
2016-05-30,10333.23046875,35396900,0.1939561663051262,-0.2571818,0.1328571429,100.4917,101.3116,99.35567,4.0,0.3900389429
2016-05-31,10262.740234375,91591200,0.1687270797498615,-0.2571818,0.1328571429,100.4917,101.3116,99.35567,4.0,0.3900389429
2016-06-01,10204.4404296875,79532000,0.1681063672508993,-0.2679091,-0.0168181818,100.4917,101.3349,101.192,4.0,0.2510909182
2016-06-02,10208.0,63118000,0.1518672573861694,-0.2679091,-0.0168181818,100.4917,101.3349,101.192,4.0,0.2510909182
2016-06-03,10103.259765625,83303400,0.15218634507264384,-0.2679091,-0.0168181818,100.4917,101.3349,101.192,4.0,0.2510909182
2016-06-06,10121.080078125,55122000,0.15214724426969561,-0.2679091,-0.0168181818,100.4917,101.3349,101.192,4.0,0.2510909182
2016-06-07,10287.6796875,78493400,0.16094245006880828,-0.2679091,-0.0168181818,100.4917,101.3349,101.192,4.0,0.2510909182
2016-06-08,10217.0302734375,75767900,0.1601318605579093,-0.2679091,-0.0168181818,100.4917,101.3349,101.192,4.0,0.2510909182
2016-06-09,10088.8701171875,108383500,0.1656272343824842,-0.2679091,-0.0168181818,100.4917,101.3349,101.192,4.0,0.2510909182
2016-06-10,9834.6201171875,109159600,0.18638529497898523,-0.2679091,-0.0168181818,100.4917,101.3349,101.192,4.0,0.2510909182
2016-06-13,9657.4404296875,102325200,0.19255450338302524,-0.2679091,-0.0168181818,100.4917,101.3349,101.192,4.0,0.2510909182
2016-06-14,9519.2001953125,102835400,0.1941891948633957,-0.2679091,-0.0168181818,100.4917,101.3349,101.192,4.0,0.2510909182
2016-06-15,9606.7099609375,95301400,0.19730604549617653,-0.2679091,-0.0168181818,100.4917,101.3349,101.192,4.0,0.2510909182
2016-06-16,9550.4697265625,101528000,0.19634985164538013,-0.2679091,-0.0168181818,100.4917,101.3349,101.192,4.0,0.2510909182
2016-06-17,9631.3603515625,145900500,0.19351343490213632,-0.2679091,-0.0168181818,100.4917,101.3349,101.192,4.0,0.2510909182
2016-06-20,9962.01953125,94347700,0.2247673500184052,-0.2679091,-0.0168181818,100.4917,101.3349,101.192,4.0,0.2510909182
2016-06-21,10015.5400390625,83050100,0.22357819943831572,-0.2679091,-0.0168181818,100.4917,101.3349,101.192,4.0,0.2510909182
2016-06-22,10071.0595703125,80461200,0.21114328986975406,-0.2679091,-0.0168181818,100.4917,101.3349,101.192,4.0,0.2510909182
2016-06-23,10257.0302734375,110233000,0.21478003704939808,-0.2679091,-0.0168181818,100.4917,101.3349,101.192,4.0,0.2510909182
2016-06-24,9557.16015625,325189500,0.3185897325276389,-0.2679091,-0.0168181818,100.4917,101.3349,101.192,4.0,0.2510909182
2016-06-27,9268.66015625,209916500,0.3313510825403053,-0.2679091,-0.0168181818,100.4917,101.3349,101.192,4.0,0.2510909182
2016-06-28,9447.2802734375,136518900,0.34034810958397377,-0.2679091,-0.0168181818,100.4917,101.3349,101.192,4.0,0.2510909182
2016-06-29,9612.26953125,115823900,0.34815187534789355,-0.2679091,-0.0168181818,100.4917,101.3349,101.192,4.0,0.2510909182
2016-06-30,9680.08984375,136896600,0.3496530914668069,-0.2679091,-0.0168181818,100.4917,101.3349,101.192,4.0,0.2510909182
2016-07-01,9776.1201171875,101971100,0.3521208612431671,-0.2945238,-0.1542857143,100.4917,101.9383,99.93557,3.9,0.14023808570000001
2016-07-04,9709.08984375,79934200,0.3512888742859253,-0.2945238,-0.1542857143,100.4917,101.9383,99.93557,3.9,0.14023808570000001
2016-07-05,9532.6103515625,97702100,0.3556083039464185,-0.2945238,-0.1542857143,100.4917,101.9383,99.93557,3.9,0.14023808570000001
2016-07-06,9373.259765625,134692400,0.3517469534373369,-0.2945238,-0.1542857143,100.4917,101.9383,99.93557,3.9,0.14023808570000001
2016-07-07,9418.7802734375,91497000,0.3529627758258412,-0.2945238,-0.1542857143,100.4917,101.9383,99.93557,3.9,0.14023808570000001
2016-07-08,9629.66015625,97029700,0.36245895948502077,-0.2945238,-0.1542857143,100.4917,101.9383,99.93557,3.9,0.14023808570000001
2016-07-11,9833.41015625,80795500,0.36058131902133345,-0.2945238,-0.1542857143,100.4917,101.9383,99.93557,3.9,0.14023808570000001
2016-07-12,9964.0703125,101659000,0.3568934287389131,-0.2945238,-0.1542857143,100.4917,101.9383,99.93557,3.9,0.14023808570000001
2016-07-13,9930.7099609375,96306000,0.35267647934764534,-0.2945238,-0.1542857143,100.4917,101.9383,99.93557,3.9,0.14023808570000001
2016-07-14,10068.2998046875,100410000,0.3541981235104339,-0.2945238,-0.1542857143,100.4917,101.9383,99.93557,3.9,0.14023808570000001
2016-07-15,10066.900390625,89992500,0.35305525729837683,-0.2945238,-0.1542857143,100.4917,101.9383,99.93557,3.9,0.14023808570000001
2016-07-18,10063.1298828125,70742900,0.35257940245135194,-0.2945238,-0.1542857143,100.4917,101.9383,99.93557,3.9,0.14023808570000001
2016-07-19,9981.240234375,69292500,0.334226790113486,-0.2945238,-0.1542857143,100.4917,101.9383,99.93557,3.9,0.14023808570000001
2016-07-20,10142.009765625,79709200,0.33831985850330487,-0.2945238,-0.1542857143,100.4917,101.9383,99.93557,3.9,0.14023808570000001
2016-07-21,10156.2099609375,97531500,0.33789509012970653,-0.2945238,-0.1542857143,100.4917,101.9383,99.93557,3.9,0.14023808570000001
2016-07-22,10147.4599609375,62724900,0.33160945323859736,-0.2945238,-0.1542857143,100.4917,101.9383,99.93557,3.9,0.14023808570000001
2016-07-25,10198.240234375,58553200,0.2212464537039034,-0.2945238,-0.1542857143,100.4917,101.9383,99.93557,3.9,0.14023808570000001
2016-07-26,10247.759765625,79527300,0.18496585571824478,-0.2945238,-0.1542857143,100.4917,101.9383,99.93557,3.9,0.14023808570000001
2016-07-27,10319.5498046875,85864200,0.1776585343363084,-0.2945238,-0.1542857143,100.4917,101.9383,99.93557,3.9,0.14023808570000001
2016-07-28,10274.9296875,95731500,0.17325373908068215,-0.2945238,-0.1542857143,100.4917,101.9383,99.93557,3.9,0.14023808570000001
2016-07-29,10337.5,94143200,0.1730175757211684,-0.2945238,-0.1542857143,100.4917,101.9383,99.93557,3.9,0.14023808570000001
2016-08-01,10330.51953125,84752800,0.17171277170398613,-0.2982174,-0.1317391304,100.4917,101.9856,101.482,3.9,0.16647826960000003
2016-08-02,10144.33984375,124503800,0.18348387400604443,-0.2982174,-0.1317391304,100.4917,101.9856,101.482,3.9,0.16647826960000003
2016-08-03,10170.2099609375,89966300,0.16793596408525716,-0.2982174,-0.1317391304,100.4917,101.9856,101.482,3.9,0.16647826960000003
2016-08-04,10227.8603515625,79200100,0.15170357384647515,-0.2982174,-0.1317391304,100.4917,101.9856,101.482,3.9,0.16647826960000003
2016-08-05,10367.2099609375,83144400,0.15517743353693775,-0.2982174,-0.1317391304,100.4917,101.9856,101.482,3.9,0.16647826960000003
2016-08-08,10432.3603515625,66865100,0.1413601713129712,-0.2982174,-0.1317391304,100.4917,101.9856,101.482,3.9,0.16647826960000003
2016-08-09,10692.900390625,81923600,0.1477192211441171,-0.2982174,-0.1317391304,100.4917,101.9856,101.482,3.9,0.16647826960000003
2016-08-10,10650.8896484375,101105900,0.14616928955509392,-0.2982174,-0.1317391304,100.4917,101.9856,101.482,3.9,0.16647826960000003
2016-08-11,10742.83984375,73242600,0.14527610768882485,-0.2982174,-0.1317391304,100.4917,101.9856,101.482,3.9,0.16647826960000003
2016-08-12,10713.4296875,60464400,0.14212811794182487,-0.2982174,-0.1317391304,100.4917,101.9856,101.482,3.9,0.16647826960000003
2016-08-15,10739.2099609375,42913900,0.14169267573975816,-0.2982174,-0.1317391304,100.4917,101.9856,101.482,3.9,0.16647826960000003
2016-08-16,10676.650390625,63827500,0.1446150164444918,-0.2982174,-0.1317391304,100.4917,101.9856,101.482,3.9,0.16647826960000003
2016-08-17,10537.669921875,68616100,0.15017242466778138,-0.2982174,-0.1317391304,100.4917,101.9856,101.482,3.9,0.16647826960000003
2016-08-18,10603.0302734375,55434500,0.14270564433749705,-0.2982174,-0.1317391304,100.4917,101.9856,101.482,3.9,0.16647826960000003
2016-08-19,10544.3603515625,75389100,0.14516920344315526,-0.2982174,-0.1317391304,100.4917,101.9856,101.482,3.9,0.16647826960000003
2016-08-22,10494.349609375,60733200,0.1466897134416688,-0.2982174,-0.1317391304,100.4917,101.9856,101.482,3.9,0.16647826960000003
2016-08-23,10592.8798828125,57648100,0.14872802565851156,-0.2982174,-0.1317391304,100.4917,101.9856,101.482,3.9,0.16647826960000003
2016-08-24,10622.9697265625,62918100,0.1483785242644522,-0.2982174,-0.1317391304,100.4917,101.9856,101.482,3.9,0.16647826960000003
2016-08-25,10529.58984375,54747900,0.15139499126706232,-0.2982174,-0.1317391304,100.4917,101.9856,101.482,3.9,0.16647826960000003
2016-08-26,10587.76953125,49679600,0.150872029570586,-0.2982174,-0.1317391304,100.4917,101.9856,101.482,3.9,0.16647826960000003
2016-08-29,10544.4404296875,35059800,0.15106841162081217,-0.2982174,-0.1317391304,100.4917,101.9856,101.482,3.9,0.16647826960000003
2016-08-30,10657.6396484375,62085400,0.15461581440078734,-0.2982174,-0.1317391304,100.4917,101.9856,101.482,3.9,0.16647826960000003
2016-08-31,10592.6904296875,89943800,0.14048491237780658,-0.2982174,-0.1317391304,100.4917,101.9856,101.482,3.9,0.16647826960000003
2016-09-01,10534.3095703125,104480700,0.14291310961259807,-0.3016364,-0.0840909091,100.4917,101.8853,101.192,3.8,0.21754549090000003
2016-09-02,10683.8203125,83686900,0.14881333445339165,-0.3016364,-0.0840909091,100.4917,101.8853,101.192,3.8,0.21754549090000003
2016-09-05,10672.2197265625,58164200,0.14310017939252578,-0.3016364,-0.0840909091,100.4917,101.8853,101.192,3.8,0.21754549090000003
2016-09-06,10687.1396484375,67228300,0.1420043496275576,-0.3016364,-0.0840909091,100.4917,101.8853,101.192,3.8,0.21754549090000003
2016-09-07,10752.98046875,79763500,0.11460948122585374,-0.3016364,-0.0840909091,100.4917,101.8853,101.192,3.8,0.21754549090000003
2016-09-08,10675.2900390625,93703200,0.11668880679650089,-0.3016364,-0.0840909091,100.4917,101.8853,101.192,3.8,0.21754549090000003
2016-09-09,10573.4404296875,101924800,0.11699406988002943,-0.3016364,-0.0840909091,100.4917,101.8853,101.192,3.8,0.21754549090000003
2016-09-12,10431.76953125,172217200,0.12486270983341415,-0.3016364,-0.0840909091,100.4917,101.8853,101.192,3.8,0.21754549090000003
2016-09-13,10386.599609375,89963700,0.12456531930372025,-0.3016364,-0.0840909091,100.4917,101.8853,101.192,3.8,0.21754549090000003
2016-09-14,10378.400390625,94000200,0.12361006733592687,-0.3016364,-0.0840909091,100.4917,101.8853,101.192,3.8,0.21754549090000003
2016-09-15,10431.2001953125,83377500,0.11779560327104209,-0.3016364,-0.0840909091,100.4917,101.8853,101.192,3.8,0.21754549090000003
2016-09-16,10276.169921875,214977900,0.1251608632243601,-0.3016364,-0.0840909091,100.4917,101.8853,101.192,3.8,0.21754549090000003
2016-09-19,10373.8701171875,72793700,0.12975426498427373,-0.3016364,-0.0840909091,100.4917,101.8853,101.192,3.8,0.21754549090000003
2016-09-20,10393.8603515625,74047200,0.1292203470367948,-0.3016364,-0.0840909091,100.4917,101.8853,101.192,3.8,0.21754549090000003
2016-09-21,10436.490234375,79030100,0.12540153783671834,-0.3016364,-0.0840909091,100.4917,101.8853,101.192,3.8,0.21754549090000003
2016-09-22,10674.1796875,98953600,0.14920363264010553,-0.3016364,-0.0840909091,100.4917,101.8853,101.192,3.8,0.21754549090000003
2016-09-23,10626.9697265625,70001800,0.14660599392310894,-0.3016364,-0.0840909091,100.4917,101.8853,101.192,3.8,0.21754549090000003
2016-09-26,10393.7099609375,105447100,0.16449292052305794,-0.3016364,-0.0840909091,100.4917,101.8853,101.192,3.8,0.21754549090000003
2016-09-27,10361.48046875,111484400,0.16428082413480238,-0.3016364,-0.0840909091,100.4917,101.8853,101.192,3.8,0.21754549090000003
2016-09-28,10438.33984375,87738700,0.16173232277546404,-0.3016364,-0.0840909091,100.4917,101.8853,101.192,3.8,0.21754549090000003
2016-09-29,10405.5400390625,103879900,0.16086800384939273,-0.3016364,-0.0840909091,100.4917,101.8853,101.192,3.8,0.21754549090000003
2016-09-30,10511.01953125,188168400,0.1641916325812103,-0.3016364,-0.0840909091,100.4917,101.8853,101.192,3.8,0.21754549090000003
2016-10-04,10619.6103515625,131527100,0.16047245518153522,-0.309,0.002,100.4917,101.9555,101.8686,3.7,0.311
2016-10-05,10585.7802734375,96736400,0.16077675329610072,-0.309,0.002,100.4917,101.9555,101.8686,3.7,0.311
2016-10-06,10568.7998046875,108655300,0.1607045645611061,-0.309,0.002,100.4917,101.9555,101.8686,3.7,0.311
2016-10-07,10490.8603515625,125272100,0.16049571249827804,-0.309,0.002,100.4917,101.9555,101.8686,3.7,0.311
2016-10-10,10624.080078125,101673900,0.16571069521559414,-0.309,0.002,100.4917,101.9555,101.8686,3.7,0.311
2016-10-11,10577.16015625,97984000,0.1629907588165972,-0.309,0.002,100.4917,101.9555,101.8686,3.7,0.311
2016-10-12,10523.0703125,90401500,0.15677467048385604,-0.309,0.002,100.4917,101.9555,101.8686,3.7,0.311
2016-10-13,10414.0703125,98756300,0.16044387690963088,-0.309,0.002,100.4917,101.9555,101.8686,3.7,0.311
2016-10-14,10580.3798828125,101264600,0.1694272653243352,-0.309,0.002,100.4917,101.9555,101.8686,3.7,0.311
2016-10-17,10503.5703125,63729900,0.17103987150132982,-0.309,0.002,100.4917,101.9555,101.8686,3.7,0.311
2016-10-18,10631.5498046875,88963500,0.16625612722042968,-0.309,0.002,100.4917,101.9555,101.8686,3.7,0.311
2016-10-19,10645.6796875,75976500,0.1637955222217474,-0.309,0.002,100.4917,101.9555,101.8686,3.7,0.311
2016-10-20,10701.3896484375,106411600,0.16435872895853496,-0.309,0.002,100.4917,101.9555,101.8686,3.7,0.311
2016-10-21,10710.73046875,86862500,0.16408039374972896,-0.309,0.002,100.4917,101.9555,101.8686,3.7,0.311
2016-10-24,10761.169921875,79892800,0.145107600434101,-0.309,0.002,100.4917,101.9555,101.8686,3.7,0.311
2016-10-25,10757.3095703125,92480500,0.14407561349209355,-0.309,0.002,100.4917,101.9555,101.8686,3.7,0.311
2016-10-26,10709.6796875,78207200,0.1203172592860049,-0.309,0.002,100.4917,101.9555,101.8686,3.7,0.311
2016-10-27,10717.080078125,84114600,0.11922042414348759,-0.309,0.002,100.4917,101.9555,101.8686,3.7,0.311
2016-10-28,10696.1904296875,72757200,0.1179040005328947,-0.309,0.002,100.4917,101.9555,101.8686,3.7,0.311
2016-10-31,10665.009765625,70462700,0.11780145645062955,-0.309,0.002,100.4917,101.9555,101.8686,3.7,0.311
2016-11-01,10526.16015625,77982300,0.12286768803743475,-0.3126818,0.1890909091,100.4917,101.0803,101.6753,3.7,0.5017727091
2016-11-02,10370.9296875,92787200,0.1271841370908749,-0.3126818,0.1890909091,100.4917,101.0803,101.6753,3.7,0.5017727091
2016-11-03,10325.8798828125,85258600,0.12748669868626433,-0.3126818,0.1890909091,100.4917,101.0803,101.6753,3.7,0.5017727091
2016-11-04,10259.1298828125,90278800,0.1288085806867648,-0.3126818,0.1890909091,100.4917,101.0803,101.6753,3.7,0.5017727091
2016-11-07,10456.9501953125,84888900,0.14523925985826247,-0.3126818,0.1890909091,100.4917,101.0803,101.6753,3.7,0.5017727091
2016-11-08,10482.3203125,75733000,0.13799946815162306,-0.3126818,0.1890909091,100.4917,101.0803,101.6753,3.7,0.5017727091
2016-11-09,10646.009765625,173824300,0.14810320913616204,-0.3126818,0.1890909091,100.4917,101.0803,101.6753,3.7,0.5017727091
2016-11-10,10630.1201171875,191298200,0.14694653997781576,-0.3126818,0.1890909091,100.4917,101.0803,101.6753,3.7,0.5017727091
2016-11-11,10667.9501953125,129405900,0.141779526335586,-0.3126818,0.1890909091,100.4917,101.0803,101.6753,3.7,0.5017727091
2016-11-14,10693.6904296875,134894100,0.1313625522583073,-0.3126818,0.1890909091,100.4917,101.0803,101.6753,3.7,0.5017727091
2016-11-15,10735.1396484375,107326300,0.12866802443800912,-0.3126818,0.1890909091,100.4917,101.0803,101.6753,3.7,0.5017727091
2016-11-16,10663.8701171875,98808300,0.12464055942276156,-0.3126818,0.1890909091,100.4917,101.0803,101.6753,3.7,0.5017727091
2016-11-17,10685.5400390625,98108200,0.12474640896527205,-0.3126818,0.1890909091,100.4917,101.0803,101.6753,3.7,0.5017727091
2016-11-18,10664.5595703125,106647500,0.12357875220687038,-0.3126818,0.1890909091,100.4917,101.0803,101.6753,3.7,0.5017727091
2016-11-21,10685.1298828125,73724200,0.1237413408499164,-0.3126818,0.1890909091,100.4917,101.0803,101.6753,3.7,0.5017727091
2016-11-22,10713.849609375,85867200,0.12295011316379902,-0.3126818,0.1890909091,100.4917,101.0803,101.6753,3.7,0.5017727091
2016-11-23,10662.4404296875,95534900,0.12398831307799325,-0.3126818,0.1890909091,100.4917,101.0803,101.6753,3.7,0.5017727091
2016-11-24,10689.259765625,55623300,0.12347307818952949,-0.3126818,0.1890909091,100.4917,101.0803,101.6753,3.7,0.5017727091
2016-11-25,10699.26953125,61043900,0.12349486627915413,-0.3126818,0.1890909091,100.4917,101.0803,101.6753,3.7,0.5017727091
2016-11-28,10582.669921875,75862500,0.1289965661104688,-0.3126818,0.1890909091,100.4917,101.0803,101.6753,3.7,0.5017727091
2016-11-29,10620.490234375,80835800,0.12940879447317832,-0.3126818,0.1890909091,100.4917,101.0803,101.6753,3.7,0.5017727091
2016-11-30,10640.2998046875,110326100,0.12076721635343053,-0.3126818,0.1890909091,100.4917,101.0803,101.6753,3.7,0.5017727091
2016-12-01,10534.0498046875,93397600,0.11411549017252778,-0.3157619,0.2519047619,100.4917,101.6119,99.35567,3.7,0.5676666618999999
2016-12-02,10513.349609375,86402800,0.11306556175690013,-0.3157619,0.2519047619,100.4917,101.6119,99.35567,3.7,0.5676666618999999
2016-12-05,10684.830078125,107266900,0.12162413036489039,-0.3157619,0.2519047619,100.4917,101.6119,99.35567,3.7,0.5676666618999999
2016-12-06,10775.3203125,142691700,0.10713007703907446,-0.3157619,0.2519047619,100.4917,101.6119,99.35567,3.7,0.5676666618999999
2016-12-07,10986.6904296875,148433100,0.12427914195025429,-0.3157619,0.2519047619,100.4917,101.6119,99.35567,3.7,0.5676666618999999
2016-12-08,11179.419921875,174835000,0.12703429401550542,-0.3157619,0.2519047619,100.4917,101.6119,99.35567,3.7,0.5676666618999999
2016-12-09,11203.6298828125,103830000,0.12626577599682134,-0.3157619,0.2519047619,100.4917,101.6119,99.35567,3.7,0.5676666618999999
2016-12-12,11190.2099609375,89811700,0.12685373279332618,-0.3157619,0.2519047619,100.4917,101.6119,99.35567,3.7,0.5676666618999999
2016-12-13,11284.650390625,98486400,0.12862163956112477,-0.3157619,0.2519047619,100.4917,101.6119,99.35567,3.7,0.5676666618999999
2016-12-14,11244.83984375,90297900,0.13024004780573928,-0.3157619,0.2519047619,100.4917,101.6119,99.35567,3.7,0.5676666618999999
2016-12-15,11366.400390625,141375800,0.12926920551719345,-0.3157619,0.2519047619,100.4917,101.6119,99.35567,3.7,0.5676666618999999
2016-12-16,11404.009765625,178636700,0.12921517512717964,-0.3157619,0.2519047619,100.4917,101.6119,99.35567,3.7,0.5676666618999999
2016-12-19,11426.7001953125,80884600,0.1279695016817638,-0.3157619,0.2519047619,100.4917,101.6119,99.35567,3.7,0.5676666618999999
2016-12-20,11464.740234375,75800700,0.12786915594768639,-0.3157619,0.2519047619,100.4917,101.6119,99.35567,3.7,0.5676666618999999
2016-12-21,11468.6396484375,62382000,0.1282894971897789,-0.3157619,0.2519047619,100.4917,101.6119,99.35567,3.7,0.5676666618999999
2016-12-22,11456.099609375,49975200,0.12597165524658321,-0.3157619,0.2519047619,100.4917,101.6119,99.35567,3.7,0.5676666618999999
2016-12-23,11449.9296875,53446200,0.12670062816342983,-0.3157619,0.2519047619,100.4917,101.6119,99.35567,3.7,0.5676666618999999
2016-12-27,11472.240234375,28662200,0.12651018759815574,-0.3157619,0.2519047619,100.4917,101.6119,99.35567,3.7,0.5676666618999999
2016-12-28,11474.990234375,45728200,0.11615687108681702,-0.3157619,0.2519047619,100.4917,101.6119,99.35567,3.7,0.5676666618999999
2016-12-29,11451.0498046875,43753300,0.11798992879997632,-0.3157619,0.2519047619,100.4917,101.6119,99.35567,3.7,0.5676666618999999
2016-12-30,11481.0595703125,41810900,0.1178774830947157,-0.3157619,0.2519047619,100.4917,101.6119,99.35567,3.7,0.5676666618999999
2017-01-02,11598.330078125,47456100,0.10885043284781808,-0.3255455,0.2509090909,102.0087,100.6491,101.0954,3.7,0.5764545909000001
2017-01-03,11584.240234375,88413500,0.10830857248791212,-0.3255455,0.2509090909,102.0087,100.6491,101.0954,3.7,0.5764545909000001
2017-01-04,11584.3095703125,82173600,0.10064999554362096,-0.3255455,0.2509090909,102.0087,100.6491,101.0954,3.7,0.5764545909000001
2017-01-05,11584.9404296875,74924900,0.10002993691106667,-0.3255455,0.2509090909,102.0087,100.6491,101.0954,3.7,0.5764545909000001
2017-01-06,11599.009765625,67084900,0.08114340891896944,-0.3255455,0.2509090909,102.0087,100.6491,101.0954,3.7,0.5764545909000001
2017-01-09,11563.990234375,78728200,0.0625652843915599,-0.3255455,0.2509090909,102.0087,100.6491,101.0954,3.7,0.5764545909000001
2017-01-10,11583.2998046875,86076700,0.06253429547445798,-0.3255455,0.2509090909,102.0087,100.6491,101.0954,3.7,0.5764545909000001
2017-01-11,11646.169921875,98191900,0.06301513155933468,-0.3255455,0.2509090909,102.0087,100.6491,101.0954,3.7,0.5764545909000001
2017-01-12,11521.0400390625,98548200,0.07232616154663143,-0.3255455,0.2509090909,102.0087,100.6491,101.0954,3.7,0.5764545909000001
2017-01-13,11629.1796875,80130600,0.07589224295583821,-0.3255455,0.2509090909,102.0087,100.6491,101.0954,3.7,0.5764545909000001
2017-01-16,11554.7099609375,61105200,0.07297642769143642,-0.3255455,0.2509090909,102.0087,100.6491,101.0954,3.7,0.5764545909000001
2017-01-17,11540.0,84637400,0.07271160181977902,-0.3255455,0.2509090909,102.0087,100.6491,101.0954,3.7,0.5764545909000001
2017-01-18,11599.3896484375,79838900,0.07429080137205978,-0.3255455,0.2509090909,102.0087,100.6491,101.0954,3.7,0.5764545909000001
2017-01-19,11596.8896484375,89132300,0.07373794887563613,-0.3255455,0.2509090909,102.0087,100.6491,101.0954,3.7,0.5764545909000001
2017-01-20,11630.1298828125,111382900,0.07416273395848566,-0.3255455,0.2509090909,102.0087,100.6491,101.0954,3.7,0.5764545909000001
2017-01-23,11545.75,77901600,0.078933888761445,-0.3255455,0.2509090909,102.0087,100.6491,101.0954,3.7,0.5764545909000001
2017-01-24,11594.9404296875,79231000,0.07997170565198157,-0.3255455,0.2509090909,102.0087,100.6491,101.0954,3.7,0.5764545909000001
2017-01-25,11806.0498046875,119515300,0.10057490587993209,-0.3255455,0.2509090909,102.0087,100.6491,101.0954,3.7,0.5764545909000001
2017-01-26,11848.6298828125,90690800,0.10076758345599746,-0.3255455,0.2509090909,102.0087,100.6491,101.0954,3.7,0.5764545909000001
2017-01-27,11814.26953125,71214800,0.10117572327752852,-0.3255455,0.2509090909,102.0087,100.6491,101.0954,3.7,0.5764545909000001
2017-01-30,11681.8896484375,75301200,0.1101928182343343,-0.3255455,0.2509090909,102.0087,100.6491,101.0954,3.7,0.5764545909000001
2017-01-31,11535.3095703125,97413600,0.11396397935593447,-0.3255455,0.2509090909,102.0087,100.6491,101.0954,3.7,0.5764545909000001
2017-02-01,11659.5,94496600,0.12006017916261395,-0.3286,0.258,102.0087,101.1213,101.8686,3.6,0.5866
2017-02-02,11627.9501953125,97613900,0.12052065125919063,-0.3286,0.258,102.0087,101.1213,101.8686,3.6,0.5866
2017-02-03,11651.490234375,80185400,0.12068243666971128,-0.3286,0.258,102.0087,101.1213,101.8686,3.6,0.5866
2017-02-06,11509.83984375,92395100,0.12806967922957385,-0.3286,0.258,102.0087,101.1213,101.8686,3.6,0.5866
2017-02-07,11549.4404296875,70078100,0.12831943286978725,-0.3286,0.258,102.0087,101.1213,101.8686,3.6,0.5866
2017-02-08,11543.3798828125,95316900,0.12817850459230395,-0.3286,0.258,102.0087,101.1213,101.8686,3.6,0.5866
2017-02-09,11642.8603515625,106780800,0.13038001858603318,-0.3286,0.258,102.0087,101.1213,101.8686,3.6,0.5866
2017-02-10,11666.9697265625,76846100,0.12447452256126634,-0.3286,0.258,102.0087,101.1213,101.8686,3.6,0.5866
2017-02-13,11774.4296875,76660400,0.12432019486928286,-0.3286,0.258,102.0087,101.1213,101.8686,3.6,0.5866
2017-02-14,11771.8095703125,70471800,0.12173691391881757,-0.3286,0.258,102.0087,101.1213,101.8686,3.6,0.5866
2017-02-15,11793.9296875,86209800,0.12151262872944824,-0.3286,0.258,102.0087,101.1213,101.8686,3.6,0.5866
2017-02-16,11757.240234375,74134300,0.12138456060077239,-0.3286,0.258,102.0087,101.1213,101.8686,3.6,0.5866
2017-02-17,11757.01953125,89889600,0.12136835304236335,-0.3286,0.258,102.0087,101.1213,101.8686,3.6,0.5866
2017-02-20,11827.6201171875,54693400,0.12256155182878703,-0.3286,0.258,102.0087,101.1213,101.8686,3.6,0.5866
2017-02-21,11967.490234375,75495100,0.12450851445783795,-0.3286,0.258,102.0087,101.1213,101.8686,3.6,0.5866
2017-02-22,11998.58984375,91868800,0.1242172340386467,-0.3286,0.258,102.0087,101.1213,101.8686,3.6,0.5866
2017-02-23,11947.830078125,69772500,0.11006866194847457,-0.3286,0.258,102.0087,101.1213,101.8686,3.6,0.5866
2017-02-24,11804.0302734375,98702100,0.11774027665976752,-0.3286,0.258,102.0087,101.1213,101.8686,3.6,0.5866
2017-02-27,11822.669921875,62847100,0.11744572959644199,-0.3286,0.258,102.0087,101.1213,101.8686,3.6,0.5866
2017-02-28,11834.41015625,71294600,0.11007379091216668,-0.3286,0.258,102.0087,101.1213,101.8686,3.6,0.5866
2017-03-01,12067.1904296875,106268000,0.1177470095512709,-0.3293478,0.3482608696,102.0087,101.7034,101.3853,3.6,0.6776086696000001
2017-03-02,12059.5703125,79637900,0.11382301965578111,-0.3293478,0.3482608696,102.0087,101.7034,101.3853,3.6,0.6776086696000001
2017-03-03,12027.3603515625,100194300,0.11380626233814868,-0.3293478,0.3482608696,102.0087,101.7034,101.3853,3.6,0.6776086696000001
2017-03-06,11958.400390625,96192800,0.11660943047744006,-0.3293478,0.3482608696,102.0087,101.7034,101.3853,3.6,0.6776086696000001
2017-03-07,11966.1396484375,76452900,0.10599236330323772,-0.3293478,0.3482608696,102.0087,101.7034,101.3853,3.6,0.6776086696000001
2017-03-08,11967.3095703125,96140500,0.1060024732314586,-0.3293478,0.3482608696,102.0087,101.7034,101.3853,3.6,0.6776086696000001
2017-03-09,11978.3896484375,102964600,0.10573504468385875,-0.3293478,0.3482608696,102.0087,101.7034,101.3853,3.6,0.6776086696000001
2017-03-10,11963.1796875,107316000,0.10320033318108146,-0.3293478,0.3482608696,102.0087,101.7034,101.3853,3.6,0.6776086696000001
2017-03-13,11990.0302734375,75690500,0.10321814924456313,-0.3293478,0.3482608696,102.0087,101.7034,101.3853,3.6,0.6776086696000001
2017-03-14,11988.7900390625,105152600,0.09921353754726786,-0.3293478,0.3482608696,102.0087,101.7034,101.3853,3.6,0.6776086696000001
2017-03-15,12009.8701171875,101358200,0.09917396530070516,-0.3293478,0.3482608696,102.0087,101.7034,101.3853,3.6,0.6776086696000001
2017-03-16,12083.1796875,119337500,0.10072848801455257,-0.3293478,0.3482608696,102.0087,101.7034,101.3853,3.6,0.6776086696000001
2017-03-17,12095.240234375,187435700,0.0995248663699163,-0.3293478,0.3482608696,102.0087,101.7034,101.3853,3.6,0.6776086696000001
2017-03-20,12052.900390625,107350200,0.1008585732635008,-0.3293478,0.3482608696,102.0087,101.7034,101.3853,3.6,0.6776086696000001
2017-03-21,11962.1298828125,130893800,0.10360151426454564,-0.3293478,0.3482608696,102.0087,101.7034,101.3853,3.6,0.6776086696000001
2017-03-22,11904.1201171875,106874600,0.09662037914146554,-0.3293478,0.3482608696,102.0087,101.7034,101.3853,3.6,0.6776086696000001
2017-03-23,12039.6796875,84715200,0.10435565199095087,-0.3293478,0.3482608696,102.0087,101.7034,101.3853,3.6,0.6776086696000001
2017-03-24,12064.26953125,92696000,0.1032694418327357,-0.3293478,0.3482608696,102.0087,101.7034,101.3853,3.6,0.6776086696000001
2017-03-27,11996.0703125,86289200,0.09560368609136277,-0.3293478,0.3482608696,102.0087,101.7034,101.3853,3.6,0.6776086696000001
2017-03-28,12149.419921875,92961200,0.10426134477030452,-0.3293478,0.3482608696,102.0087,101.7034,101.3853,3.6,0.6776086696000001
2017-03-29,12203.0,101247900,0.10479711126036971,-0.3293478,0.3482608696,102.0087,101.7034,101.3853,3.6,0.6776086696000001
2017-03-30,12256.4296875,85850100,0.08234008888282439,-0.3293478,0.3482608696,102.0087,101.7034,101.3853,3.6,0.6776086696000001
2017-03-31,12312.8701171875,109664900,0.08322323077472886,-0.3293478,0.3482608696,102.0087,101.7034,101.3853,3.6,0.6776086696000001
2017-04-03,12257.2001953125,85845700,0.08448977695498114,-0.3303889,0.2255555556,102.0087,102.1703,103.3183,3.6,0.5559444555999999
2017-04-04,12282.33984375,114566700,0.08100249393801658,-0.3303889,0.2255555556,102.0087,102.1703,103.3183,3.6,0.5559444555999999
2017-04-05,12217.5400390625,84216400,0.08412928149303082,-0.3303889,0.2255555556,102.0087,102.1703,103.3183,3.6,0.5559444555999999
2017-04-06,12230.8896484375,74256200,0.08406483000396411,-0.3303889,0.2255555556,102.0087,102.1703,103.3183,3.6,0.5559444555999999
2017-04-07,12225.0595703125,71891000,0.08423142912745403,-0.3303889,0.2255555556,102.0087,102.1703,103.3183,3.6,0.5559444555999999
2017-04-10,12200.51953125,56772300,0.08451841042079004,-0.3303889,0.2255555556,102.0087,102.1703,103.3183,3.6,0.5559444555999999
2017-04-11,12139.349609375,81596000,0.08682544030649965,-0.3303889,0.2255555556,102.0087,102.1703,103.3183,3.6,0.5559444555999999
2017-04-12,12154.7001953125,74185200,0.08681436756120825,-0.3303889,0.2255555556,102.0087,102.1703,103.3183,3.6,0.5559444555999999
2017-04-13,12109.0,73577600,0.08803775420994334,-0.3303889,0.2255555556,102.0087,102.1703,103.3183,3.6,0.5559444555999999
2017-04-18,12000.4404296875,87088100,0.09116941386503528,-0.3303889,0.2255555556,102.0087,102.1703,103.3183,3.6,0.5559444555999999
2017-04-19,12016.4501953125,83247900,0.0912376248512282,-0.3303889,0.2255555556,102.0087,102.1703,103.3183,3.6,0.5559444555999999
2017-04-20,12027.3203125,82816800,0.09056143805942318,-0.3303889,0.2255555556,102.0087,102.1703,103.3183,3.6,0.5559444555999999
2017-04-21,12048.5703125,106406900,0.0865695890179859,-0.3303889,0.2255555556,102.0087,102.1703,103.3183,3.6,0.5559444555999999
2017-04-24,12454.98046875,186060600,0.14245627601751654,-0.3303889,0.2255555556,102.0087,102.1703,103.3183,3.6,0.5559444555999999
2017-04-25,12467.0400390625,91489400,0.13850146511523312,-0.3303889,0.2255555556,102.0087,102.1703,103.3183,3.6,0.5559444555999999
2017-04-26,12472.7998046875,87667300,0.13856014577835654,-0.3303889,0.2255555556,102.0087,102.1703,103.3183,3.6,0.5559444555999999
2017-04-27,12443.7900390625,101179400,0.13682733772766814,-0.3303889,0.2255555556,102.0087,102.1703,103.3183,3.6,0.5559444555999999
2017-04-28,12438.009765625,101811900,0.1309762801658193,-0.3303889,0.2255555556,102.0087,102.1703,103.3183,3.6,0.5559444555999999
2017-05-02,12507.900390625,85263200,0.13142161741205782,-0.3294545,0.3363636364,102.0087,102.3391,103.6082,3.6,0.6658181364
2017-05-03,12527.83984375,79318800,0.13092829193325692,-0.3294545,0.3363636364,102.0087,102.3391,103.6082,3.6,0.6658181364
2017-05-04,12647.7802734375,102442000,0.13371787086216136,-0.3294545,0.3363636364,102.0087,102.3391,103.6082,3.6,0.6658181364
2017-05-05,12716.8896484375,104480300,0.13269940531851732,-0.3294545,0.3363636364,102.0087,102.3391,103.6082,3.6,0.6658181364
2017-05-08,12694.5498046875,97719300,0.13325851033225922,-0.3294545,0.3363636364,102.0087,102.3391,103.6082,3.6,0.6658181364
2017-05-09,12749.1201171875,109857600,0.13113890040829737,-0.3294545,0.3363636364,102.0087,102.3391,103.6082,3.6,0.6658181364
2017-05-10,12757.4599609375,104830700,0.13118853385917623,-0.3294545,0.3363636364,102.0087,102.3391,103.6082,3.6,0.6658181364
2017-05-11,12711.0595703125,100141500,0.13240402455136924,-0.3294545,0.3363636364,102.0087,102.3391,103.6082,3.6,0.6658181364
2017-05-12,12770.41015625,106195300,0.13194655965664026,-0.3294545,0.3363636364,102.0087,102.3391,103.6082,3.6,0.6658181364
2017-05-15,12807.0400390625,84466400,0.1293091379820704,-0.3294545,0.3363636364,102.0087,102.3391,103.6082,3.6,0.6658181364
2017-05-16,12804.5302734375,77912000,0.12959557066324476,-0.3294545,0.3363636364,102.0087,102.3391,103.6082,3.6,0.6658181364
2017-05-17,12631.6103515625,105679600,0.13955389198095222,-0.3294545,0.3363636364,102.0087,102.3391,103.6082,3.6,0.6658181364
2017-05-18,12590.0595703125,119778200,0.13522686860380942,-0.3294545,0.3363636364,102.0087,102.3391,103.6082,3.6,0.6658181364
2017-05-19,12638.6904296875,118293100,0.13527809813417463,-0.3294545,0.3363636364,102.0087,102.3391,103.6082,3.6,0.6658181364
2017-05-22,12619.4599609375,73068700,0.13588501869682912,-0.3294545,0.3363636364,102.0087,102.3391,103.6082,3.6,0.6658181364
2017-05-23,12659.150390625,88301200,0.13589749458680214,-0.3294545,0.3363636364,102.0087,102.3391,103.6082,3.6,0.6658181364
2017-05-24,12642.8701171875,71515700,0.07434576006574911,-0.3294545,0.3363636364,102.0087,102.3391,103.6082,3.6,0.6658181364
2017-05-25,12621.7197265625,57697300,0.07479789628172182,-0.3294545,0.3363636364,102.0087,102.3391,103.6082,3.6,0.6658181364
2017-05-26,12602.1796875,73290800,0.07516714100761612,-0.3294545,0.3363636364,102.0087,102.3391,103.6082,3.6,0.6658181364
2017-05-29,12628.9501953125,36925100,0.07463640970257117,-0.3294545,0.3363636364,102.0087,102.3391,103.6082,3.6,0.6658181364
2017-05-30,12598.6796875,72307400,0.07531799209371734,-0.3294545,0.3363636364,102.0087,102.3391,103.6082,3.6,0.6658181364
2017-05-31,12615.0595703125,136040800,0.07316268142681485,-0.3294545,0.3363636364,102.0087,102.3391,103.6082,3.6,0.6658181364
2017-06-01,12664.919921875,87581100,0.07409120250104657,-0.33,0.2504761905,102.0087,102.8404,103.4149,3.5,0.5804761905
2017-06-02,12822.9404296875,88411500,0.07907194664444522,-0.33,0.2504761905,102.0087,102.8404,103.4149,3.5,0.5804761905
2017-06-06,12690.1201171875,81639700,0.08569568747310112,-0.33,0.2504761905,102.0087,102.8404,103.4149,3.5,0.5804761905
2017-06-07,12672.490234375,123266300,0.0856148643645686,-0.33,0.2504761905,102.0087,102.8404,103.4149,3.5,0.5804761905
2017-06-08,12713.580078125,97505300,0.08501196683216604,-0.33,0.2504761905,102.0087,102.8404,103.4149,3.5,0.5804761905
2017-06-09,12815.7197265625,90523800,0.08957896527216899,-0.33,0.2504761905,102.0087,102.8404,103.4149,3.5,0.5804761905
2017-06-12,12690.4404296875,94035600,0.09526312513909571,-0.33,0.2504761905,102.0087,102.8404,103.4149,3.5,0.5804761905
2017-06-13,12764.98046875,74520800,0.09610424218003465,-0.33,0.2504761905,102.0087,102.8404,103.4149,3.5,0.5804761905
2017-06-14,12805.9501953125,103932600,0.09623985096322193,-0.33,0.2504761905,102.0087,102.8404,103.4149,3.5,0.5804761905
2017-06-15,12691.8095703125,119859300,0.10109390357221491,-0.33,0.2504761905,102.0087,102.8404,103.4149,3.5,0.5804761905
2017-06-16,12752.73046875,216892800,0.09053505453197716,-0.33,0.2504761905,102.0087,102.8404,103.4149,3.5,0.5804761905
2017-06-19,12888.9501953125,77935300,0.0959962737337177,-0.33,0.2504761905,102.0087,102.8404,103.4149,3.5,0.5804761905
2017-06-20,12814.7900390625,79018800,0.09830598622126052,-0.33,0.2504761905,102.0087,102.8404,103.4149,3.5,0.5804761905
2017-06-21,12774.259765625,69868700,0.09893096303769902,-0.33,0.2504761905,102.0087,102.8404,103.4149,3.5,0.5804761905
2017-06-22,12794.0,71786400,0.09856676197973843,-0.33,0.2504761905,102.0087,102.8404,103.4149,3.5,0.5804761905
2017-06-23,12733.41015625,76118600,0.10007740954606792,-0.33,0.2504761905,102.0087,102.8404,103.4149,3.5,0.5804761905
2017-06-26,12770.830078125,68282500,0.10017277542546744,-0.33,0.2504761905,102.0087,102.8404,103.4149,3.5,0.5804761905
2017-06-27,12671.01953125,107010400,0.10412397362564291,-0.33,0.2504761905,102.0087,102.8404,103.4149,3.5,0.5804761905
2017-06-28,12647.26953125,103590500,0.10415288834894276,-0.33,0.2504761905,102.0087,102.8404,103.4149,3.5,0.5804761905
2017-06-29,12416.1904296875,115458700,0.1219275744921596,-0.33,0.2504761905,102.0087,102.8404,103.4149,3.5,0.5804761905
2017-06-30,12325.1201171875,103836900,0.12382714795961237,-0.33,0.2504761905,102.0087,102.8404,103.4149,3.5,0.5804761905
2017-07-03,12475.3095703125,77064400,0.13111140180786315,-0.3304286,0.4557142857,102.0087,103.3389,103.8982,3.5,0.7861428857
2017-07-04,12437.1298828125,64565700,0.12220243429104351,-0.3304286,0.4557142857,102.0087,103.3389,103.8982,3.5,0.7861428857
2017-07-05,12453.6796875,82624300,0.11807536925644548,-0.3304286,0.4557142857,102.0087,103.3389,103.8982,3.5,0.7861428857
2017-07-06,12381.25,112350300,0.11931050299186852,-0.3304286,0.4557142857,102.0087,103.3389,103.8982,3.5,0.7861428857
2017-07-07,12388.6796875,79018600,0.11845246810685363,-0.3304286,0.4557142857,102.0087,103.3389,103.8982,3.5,0.7861428857
2017-07-10,12445.919921875,69350000,0.11565482108204057,-0.3304286,0.4557142857,102.0087,103.3389,103.8982,3.5,0.7861428857
2017-07-11,12437.01953125,72659800,0.11154154154099533,-0.3304286,0.4557142857,102.0087,103.3389,103.8982,3.5,0.7861428857
2017-07-12,12626.580078125,96765800,0.1228914772734542,-0.3304286,0.4557142857,102.0087,103.3389,103.8982,3.5,0.7861428857
2017-07-13,12641.330078125,79125000,0.12231919543908894,-0.3304286,0.4557142857,102.0087,103.3389,103.8982,3.5,0.7861428857
2017-07-14,12631.7197265625,68298600,0.1185290401726946,-0.3304286,0.4557142857,102.0087,103.3389,103.8982,3.5,0.7861428857
2017-07-17,12587.16015625,53127900,0.11761022203344852,-0.3304286,0.4557142857,102.0087,103.3389,103.8982,3.5,0.7861428857
2017-07-18,12430.3896484375,86983300,0.11696340013043176,-0.3304286,0.4557142857,102.0087,103.3389,103.8982,3.5,0.7861428857
2017-07-19,12452.0498046875,75200200,0.11656993221744442,-0.3304286,0.4557142857,102.0087,103.3389,103.8982,3.5,0.7861428857
2017-07-20,12447.25,104089900,0.11641988159853514,-0.3304286,0.4557142857,102.0087,103.3389,103.8982,3.5,0.7861428857
2017-07-21,12240.0595703125,132722600,0.12752289633524103,-0.3304286,0.4557142857,102.0087,103.3389,103.8982,3.5,0.7861428857
2017-07-24,12208.9501953125,86156000,0.1271720132187247,-0.3304286,0.4557142857,102.0087,103.3389,103.8982,3.5,0.7861428857
2017-07-25,12264.3095703125,78204400,0.1280650518326984,-0.3304286,0.4557142857,102.0087,103.3389,103.8982,3.5,0.7861428857
2017-07-26,12305.1103515625,79222400,0.12738860714460581,-0.3304286,0.4557142857,102.0087,103.3389,103.8982,3.5,0.7861428857
2017-07-27,12212.0400390625,99753700,0.12918776625658512,-0.3304286,0.4557142857,102.0087,103.3389,103.8982,3.5,0.7861428857
2017-07-28,12162.7001953125,90333400,0.11468891961020004,-0.3304286,0.4557142857,102.0087,103.3389,103.8982,3.5,0.7861428857
2017-07-31,12118.25,86603200,0.11280329852659665,-0.3304286,0.4557142857,102.0087,103.3389,103.8982,3.5,0.7861428857
2017-08-01,12251.2900390625,86925400,0.11111976656635172,-0.329087,0.3460869565,102.0087,103.431,106.3144,3.5,0.6751739565
2017-08-02,12181.48046875,85734300,0.11215499432976182,-0.329087,0.3460869565,102.0087,103.431,106.3144,3.5,0.6751739565
2017-08-03,12154.7197265625,78980400,0.11191074484205221,-0.329087,0.3460869565,102.0087,103.431,106.3144,3.5,0.6751739565
2017-08-04,12297.7197265625,95613700,0.11898837758772247,-0.329087,0.3460869565,102.0087,103.431,106.3144,3.5,0.6751739565
2017-08-07,12257.169921875,66014200,0.11938404214184195,-0.329087,0.3460869565,102.0087,103.431,106.3144,3.5,0.6751739565
2017-08-08,12292.0498046875,69019400,0.11858411896103033,-0.329087,0.3460869565,102.0087,103.431,106.3144,3.5,0.6751739565
2017-08-09,12154.0,114678900,0.12421257518562284,-0.329087,0.3460869565,102.0087,103.431,106.3144,3.5,0.6751739565
2017-08-10,12014.2998046875,94920700,0.11410082054167443,-0.329087,0.3460869565,102.0087,103.431,106.3144,3.5,0.6751739565
2017-08-11,12014.0595703125,91074000,0.11371416569832926,-0.329087,0.3460869565,102.0087,103.431,106.3144,3.5,0.6751739565
2017-08-14,12165.1201171875,77716000,0.12495637055080418,-0.329087,0.3460869565,102.0087,103.431,106.3144,3.5,0.6751739565
2017-08-15,12177.0400390625,60311100,0.12512894700094873,-0.329087,0.3460869565,102.0087,103.431,106.3144,3.5,0.6751739565
2017-08-16,12263.8603515625,64669800,0.12196866105902285,-0.329087,0.3460869565,102.0087,103.431,106.3144,3.5,0.6751739565
2017-08-17,12203.4599609375,74151700,0.12253122030697372,-0.329087,0.3460869565,102.0087,103.431,106.3144,3.5,0.6751739565
2017-08-18,12165.1904296875,87826700,0.12274706129619568,-0.329087,0.3460869565,102.0087,103.431,106.3144,3.5,0.6751739565
2017-08-21,12065.990234375,69988000,0.11223918497415207,-0.329087,0.3460869565,102.0087,103.431,106.3144,3.5,0.6751739565
2017-08-22,12229.33984375,66555500,0.12221727142705341,-0.329087,0.3460869565,102.0087,103.431,106.3144,3.5,0.6751739565
2017-08-23,12174.2998046875,63958300,0.12210141955853879,-0.329087,0.3460869565,102.0087,103.431,106.3144,3.5,0.6751739565
2017-08-24,12180.830078125,62852100,0.12143135826289878,-0.329087,0.3460869565,102.0087,103.431,106.3144,3.5,0.6751739565
2017-08-25,12167.9404296875,57519600,0.11869350742360263,-0.329087,0.3460869565,102.0087,103.431,106.3144,3.5,0.6751739565
2017-08-28,12123.4697265625,34804100,0.1185415380092652,-0.329087,0.3460869565,102.0087,103.431,106.3144,3.5,0.6751739565
2017-08-29,11945.8798828125,97873800,0.1283731869134213,-0.329087,0.3460869565,102.0087,103.431,106.3144,3.5,0.6751739565
2017-08-30,12002.4697265625,57255200,0.12295547803895206,-0.329087,0.3460869565,102.0087,103.431,106.3144,3.5,0.6751739565
2017-08-31,12055.83984375,78301400,0.12303938997707864,-0.329087,0.3460869565,102.0087,103.431,106.3144,3.5,0.6751739565
2017-09-01,12142.6396484375,73532600,0.12565094018723905,-0.329381,0.3471428571,102.0087,103.3505,105.2513,3.4,0.6765238571
2017-09-04,12102.2099609375,43695300,0.11849239417680825,-0.329381,0.3471428571,102.0087,103.3505,105.2513,3.4,0.6765238571
2017-09-05,12123.7099609375,65653200,0.11841418558798418,-0.329381,0.3471428571,102.0087,103.3505,105.2513,3.4,0.6765238571
2017-09-06,12214.5400390625,83032800,0.12112837006593628,-0.329381,0.3471428571,102.0087,103.3505,105.2513,3.4,0.6765238571
2017-09-07,12296.6298828125,93698400,0.11654303992394537,-0.329381,0.3471428571,102.0087,103.3505,105.2513,3.4,0.6765238571
2017-09-08,12303.98046875,61395700,0.10796865643290561,-0.329381,0.3471428571,102.0087,103.3505,105.2513,3.4,0.6765238571
2017-09-11,12475.240234375,76820300,0.11651304346048082,-0.329381,0.3471428571,102.0087,103.3505,105.2513,3.4,0.6765238571
2017-09-12,12524.76953125,85086300,0.11014656601348694,-0.329381,0.3471428571,102.0087,103.3505,105.2513,3.4,0.6765238571
2017-09-13,12553.5703125,79884400,0.11017629773215337,-0.329381,0.3471428571,102.0087,103.3505,105.2513,3.4,0.6765238571
2017-09-14,12540.4501953125,83038500,0.1085156562940346,-0.329381,0.3471428571,102.0087,103.3505,105.2513,3.4,0.6765238571
2017-09-15,12518.8095703125,192005900,0.10683601091125071,-0.329381,0.3471428571,102.0087,103.3505,105.2513,3.4,0.6765238571
2017-09-18,12559.3896484375,58346600,0.10582618577718966,-0.329381,0.3471428571,102.0087,103.3505,105.2513,3.4,0.6765238571
2017-09-19,12561.7900390625,74220900,0.0999798016273499,-0.329381,0.3471428571,102.0087,103.3505,105.2513,3.4,0.6765238571
2017-09-20,12569.169921875,101687800,0.09068044366304122,-0.329381,0.3471428571,102.0087,103.3505,105.2513,3.4,0.6765238571
2017-09-21,12600.0302734375,100812400,0.08822121855824444,-0.329381,0.3471428571,102.0087,103.3505,105.2513,3.4,0.6765238571
2017-09-22,12592.349609375,76471000,0.08849284275481605,-0.329381,0.3471428571,102.0087,103.3505,105.2513,3.4,0.6765238571
2017-09-25,12594.8095703125,78636700,0.08812448219627163,-0.329381,0.3471428571,102.0087,103.3505,105.2513,3.4,0.6765238571
2017-09-26,12605.2001953125,73188900,0.08606389807899412,-0.329381,0.3471428571,102.0087,103.3505,105.2513,3.4,0.6765238571
2017-09-27,12657.41015625,79754300,0.06181881298346979,-0.329381,0.3471428571,102.0087,103.3505,105.2513,3.4,0.6765238571
2017-09-28,12704.650390625,84947500,0.061512322320893285,-0.329381,0.3471428571,102.0087,103.3505,105.2513,3.4,0.6765238571
2017-09-29,12828.8603515625,104900700,0.06600642571544206,-0.329381,0.3471428571,102.0087,103.3505,105.2513,3.4,0.6765238571
2017-10-02,12902.650390625,72676600,0.06502109145705648,-0.3295455,0.3725,102.0087,103.0077,103.7049,3.4,0.7020455
2017-10-04,12970.51953125,115228700,0.06135160456002663,-0.3295455,0.3725,102.0087,103.0077,103.7049,3.4,0.7020455
2017-10-05,12968.0498046875,78532500,0.06234227143257378,-0.3295455,0.3725,102.0087,103.0077,103.7049,3.4,0.7020455
2017-10-06,12955.9404296875,73029000,0.061895762541916234,-0.3295455,0.3725,102.0087,103.0077,103.7049,3.4,0.7020455
2017-10-09,12976.400390625,60873300,0.06035353691386405,-0.3295455,0.3725,102.0087,103.0077,103.7049,3.4,0.7020455
2017-10-10,12949.25,65253500,0.06215499743761611,-0.3295455,0.3725,102.0087,103.0077,103.7049,3.4,0.7020455
2017-10-11,12970.6796875,72867400,0.046062991103117894,-0.3295455,0.3725,102.0087,103.0077,103.7049,3.4,0.7020455
2017-10-12,12982.8896484375,74255600,0.045506490970548236,-0.3295455,0.3725,102.0087,103.0077,103.7049,3.4,0.7020455
2017-10-13,12991.8701171875,68144900,0.04558750263731661,-0.3295455,0.3725,102.0087,103.0077,103.7049,3.4,0.7020455
2017-10-16,13003.7001953125,54658400,0.04462970426939289,-0.3295455,0.3725,102.0087,103.0077,103.7049,3.4,0.7020455
2017-10-17,12995.0595703125,68180700,0.043736060789409364,-0.3295455,0.3725,102.0087,103.0077,103.7049,3.4,0.7020455
2017-10-18,13043.0302734375,63736500,0.043952335768839695,-0.3295455,0.3725,102.0087,103.0077,103.7049,3.4,0.7020455
2017-10-19,12990.099609375,79869000,0.048179393814175395,-0.3295455,0.3725,102.0087,103.0077,103.7049,3.4,0.7020455
2017-10-20,12991.2802734375,81061300,0.04834161565965212,-0.3295455,0.3725,102.0087,103.0077,103.7049,3.4,0.7020455
2017-10-23,13003.1396484375,59592200,0.04828440932413201,-0.3295455,0.3725,102.0087,103.0077,103.7049,3.4,0.7020455
2017-10-24,13013.1904296875,94414800,0.047756105085069375,-0.3295455,0.3725,102.0087,103.0077,103.7049,3.4,0.7020455
2017-10-25,12953.41015625,92501800,0.05217180360701371,-0.3295455,0.3725,102.0087,103.0077,103.7049,3.4,0.7020455
2017-10-26,13133.2802734375,110206500,0.0678121886966298,-0.3295455,0.3725,102.0087,103.0077,103.7049,3.4,0.7020455
2017-10-27,13217.5400390625,103764300,0.0691757361438,-0.3295455,0.3725,102.0087,103.0077,103.7049,3.4,0.7020455
2017-10-30,13229.5703125,71315000,0.06901349214976706,-0.3295455,0.3725,102.0087,103.0077,103.7049,3.4,0.7020455
2017-11-01,13465.509765625,124587600,0.08445972515524823,-0.329,0.3081818182,102.0087,102.3334,107.3776,3.4,0.6371818182
2017-11-02,13440.9296875,93972700,0.08466158320463678,-0.329,0.3081818182,102.0087,102.3334,107.3776,3.4,0.6371818182
2017-11-03,13478.8603515625,87298600,0.08388240042383883,-0.329,0.3081818182,102.0087,102.3334,107.3776,3.4,0.6371818182
2017-11-06,13468.7900390625,89626000,0.08407459899703322,-0.329,0.3081818182,102.0087,102.3334,107.3776,3.4,0.6371818182
2017-11-07,13379.26953125,86286300,0.08863664245189963,-0.329,0.3081818182,102.0087,102.3334,107.3776,3.4,0.6371818182
2017-11-08,13382.419921875,103230600,0.08875263489362843,-0.329,0.3081818182,102.0087,102.3334,107.3776,3.4,0.6371818182
2017-11-09,13182.5595703125,140940000,0.10494359175867793,-0.329,0.3081818182,102.0087,102.3334,107.3776,3.4,0.6371818182
2017-11-10,13127.4697265625,114956600,0.10633150912707516,-0.329,0.3081818182,102.0087,102.3334,107.3776,3.4,0.6371818182
2017-11-13,13074.419921875,101909100,0.10752038251417965,-0.329,0.3081818182,102.0087,102.3334,107.3776,3.4,0.6371818182
2017-11-14,13033.48046875,91396500,0.10818367864699222,-0.329,0.3081818182,102.0087,102.3334,107.3776,3.4,0.6371818182
2017-11-15,12976.3701171875,132081900,0.10927776353431694,-0.329,0.3081818182,102.0087,102.3334,107.3776,3.4,0.6371818182
2017-11-16,13047.2197265625,99945000,0.1109106102148934,-0.329,0.3081818182,102.0087,102.3334,107.3776,3.4,0.6371818182
2017-11-17,12993.73046875,100900300,0.11111625101626546,-0.329,0.3081818182,102.0087,102.3334,107.3776,3.4,0.6371818182
2017-11-20,13058.66015625,90392400,0.11153735015736006,-0.329,0.3081818182,102.0087,102.3334,107.3776,3.4,0.6371818182
2017-11-21,13167.5400390625,100582100,0.11497228590317378,-0.329,0.3081818182,102.0087,102.3334,107.3776,3.4,0.6371818182
2017-11-22,13015.0400390625,80286100,0.1225335807218352,-0.329,0.3081818182,102.0087,102.3334,107.3776,3.4,0.6371818182
2017-11-23,13008.5498046875,69158700,0.12252108732024665,-0.329,0.3081818182,102.0087,102.3334,107.3776,3.4,0.6371818182
2017-11-24,13059.83984375,64031900,0.12204602192622735,-0.329,0.3081818182,102.0087,102.3334,107.3776,3.4,0.6371818182
2017-11-27,13000.2001953125,64100100,0.11277619119551074,-0.329,0.3081818182,102.0087,102.3334,107.3776,3.4,0.6371818182
2017-11-28,13059.5302734375,66115200,0.11152891498363984,-0.329,0.3081818182,102.0087,102.3334,107.3776,3.4,0.6371818182
2017-11-29,13061.8701171875,93296900,0.11143711370088995,-0.329,0.3081818182,102.0087,102.3334,107.3776,3.4,0.6371818182
2017-11-30,13023.98046875,126013900,0.08918320780844748,-0.329,0.3081818182,102.0087,102.3334,107.3776,3.4,0.6371818182
2017-12-01,12861.490234375,114375600,0.09686662421463989,-0.3278947,0.2968421053,102.0087,102.8958,106.6044,3.4,0.6247368053
2017-12-04,13058.5498046875,85813900,0.11314432098633696,-0.3278947,0.2968421053,102.0087,102.8958,106.6044,3.4,0.6247368053
2017-12-05,13048.5400390625,81417900,0.11314274981597094,-0.3278947,0.2968421053,102.0087,102.8958,106.6044,3.4,0.6247368053
2017-12-06,12998.849609375,84631500,0.11193170784684137,-0.3278947,0.2968421053,102.0087,102.8958,106.6044,3.4,0.6247368053
2017-12-07,13045.150390625,76453600,0.11311192658769734,-0.3278947,0.2968421053,102.0087,102.8958,106.6044,3.4,0.6247368053
2017-12-08,13153.7001953125,104081300,0.10597006156553851,-0.3278947,0.2968421053,102.0087,102.8958,106.6044,3.4,0.6247368053
2017-12-11,13123.650390625,71491100,0.1052481999986991,-0.3278947,0.2968421053,102.0087,102.8958,106.6044,3.4,0.6247368053
2017-12-12,13183.5302734375,76497200,0.1052985543488341,-0.3278947,0.2968421053,102.0087,102.8958,106.6044,3.4,0.6247368053
2017-12-13,13125.6396484375,119136800,0.10592203752300841,-0.3278947,0.2968421053,102.0087,102.8958,106.6044,3.4,0.6247368053
2017-12-14,13068.080078125,121549300,0.10592398762513565,-0.3278947,0.2968421053,102.0087,102.8958,106.6044,3.4,0.6247368053
2017-12-15,13103.5595703125,183649900,0.10467713007959166,-0.3278947,0.2968421053,102.0087,102.8958,106.6044,3.4,0.6247368053
2017-12-18,13312.2998046875,93660800,0.11656864924453998,-0.3278947,0.2968421053,102.0087,102.8958,106.6044,3.4,0.6247368053
2017-12-19,13215.7900390625,73881500,0.11920544372811578,-0.3278947,0.2968421053,102.0087,102.8958,106.6044,3.4,0.6247368053
2017-12-20,13069.169921875,79842200,0.12227186518042367,-0.3278947,0.2968421053,102.0087,102.8958,106.6044,3.4,0.6247368053
2017-12-21,13109.740234375,70360200,0.11564627483937712,-0.3278947,0.2968421053,102.0087,102.8958,106.6044,3.4,0.6247368053
2017-12-22,13072.7900390625,52876700,0.11614410924409992,-0.3278947,0.2968421053,102.0087,102.8958,106.6044,3.4,0.6247368053
2017-12-27,13070.01953125,44677000,0.11537336492287771,-0.3278947,0.2968421053,102.0087,102.8958,106.6044,3.4,0.6247368053
2017-12-28,12979.9404296875,43152100,0.1168210274650803,-0.3278947,0.2968421053,102.0087,102.8958,106.6044,3.4,0.6247368053
2017-12-29,12917.6396484375,42169200,0.11666591139048546,-0.3278947,0.2968421053,102.0087,102.8958,106.6044,3.4,0.6247368053
2018-01-02,12871.3896484375,86049300,0.11711843644358687,-0.3284545,0.4745454545,103.7756,101.9768,105.9278,3.3,0.8029999545
2018-01-03,12978.2099609375,84809300,0.12080286065904623,-0.3284545,0.4745454545,103.7756,101.9768,105.9278,3.3,0.8029999545
2018-01-04,13167.8896484375,101199400,0.12238784312367984,-0.3284545,0.4745454545,103.7756,101.9768,105.9278,3.3,0.8029999545
2018-01-05,13319.6396484375,112555000,0.11745494001427388,-0.3284545,0.4745454545,103.7756,101.9768,105.9278,3.3,0.8029999545
2018-01-08,13367.7802734375,95005300,0.11761951738995897,-0.3284545,0.4745454545,103.7756,101.9768,105.9278,3.3,0.8029999545
2018-01-09,13385.58984375,94770400,0.11621350534136446,-0.3284545,0.4745454545,103.7756,101.9768,105.9278,3.3,0.8029999545
2018-01-10,13281.33984375,120334900,0.12016474105617583,-0.3284545,0.4745454545,103.7756,101.9768,105.9278,3.3,0.8029999545
2018-01-11,13202.900390625,110577300,0.11916966962838986,-0.3284545,0.4745454545,103.7756,101.9768,105.9278,3.3,0.8029999545
2018-01-12,13245.0302734375,87893300,0.11923814508904466,-0.3284545,0.4745454545,103.7756,101.9768,105.9278,3.3,0.8029999545
2018-01-15,13200.509765625,58326200,0.11896644120520752,-0.3284545,0.4745454545,103.7756,101.9768,105.9278,3.3,0.8029999545
2018-01-16,13246.330078125,85801600,0.11835269165565093,-0.3284545,0.4745454545,103.7756,101.9768,105.9278,3.3,0.8029999545
2018-01-17,13183.9599609375,88144100,0.11852466355383715,-0.3284545,0.4745454545,103.7756,101.9768,105.9278,3.3,0.8029999545
2018-01-18,13281.4296875,89644100,0.12073972786561071,-0.3284545,0.4745454545,103.7756,101.9768,105.9278,3.3,0.8029999545
2018-01-19,13434.4501953125,108147200,0.11452477250467845,-0.3284545,0.4745454545,103.7756,101.9768,105.9278,3.3,0.8029999545
2018-01-22,13463.6904296875,95295700,0.11113441995826634,-0.3284545,0.4745454545,103.7756,101.9768,105.9278,3.3,0.8029999545
2018-01-23,13559.599609375,97239000,0.10403416739300879,-0.3284545,0.4745454545,103.7756,101.9768,105.9278,3.3,0.8029999545
2018-01-24,13414.740234375,105385100,0.11244012600844823,-0.3284545,0.4745454545,103.7756,101.9768,105.9278,3.3,0.8029999545
2018-01-25,13298.3603515625,106119200,0.11677195271732448,-0.3284545,0.4745454545,103.7756,101.9768,105.9278,3.3,0.8029999545
2018-01-26,13340.169921875,75829200,0.11696928392043045,-0.3284545,0.4745454545,103.7756,101.9768,105.9278,3.3,0.8029999545
2018-01-29,13324.48046875,78822500,0.1137410260580773,-0.3284545,0.4745454545,103.7756,101.9768,105.9278,3.3,0.8029999545
2018-01-30,13197.7099609375,115152700,0.11800481614917277,-0.3284545,0.4745454545,103.7756,101.9768,105.9278,3.3,0.8029999545
2018-01-31,13189.48046875,111852500,0.11698361326943849,-0.3284545,0.4745454545,103.7756,101.9768,105.9278,3.3,0.8029999545
2018-02-01,13003.900390625,122880100,0.1252271442320801,-0.3285,0.659,103.7756,102.4151,104.1881,3.3,0.9875
2018-02-02,12785.16015625,140869300,0.1267308568318318,-0.3285,0.659,103.7756,102.4151,104.1881,3.3,0.9875
2018-02-05,12687.490234375,113937900,0.11932800471674092,-0.3285,0.659,103.7756,102.4151,104.1881,3.3,0.9875
2018-02-06,12392.66015625,204856800,0.1374745317747245,-0.3285,0.659,103.7756,102.4151,104.1881,3.3,0.9875
2018-02-07,12590.4296875,153471100,0.15254911009505873,-0.3285,0.659,103.7756,102.4151,104.1881,3.3,0.9875
2018-02-08,12260.2900390625,153991900,0.1721459441937697,-0.3285,0.659,103.7756,102.4151,104.1881,3.3,0.9875
2018-02-09,12107.48046875,175812900,0.17466335408790093,-0.3285,0.659,103.7756,102.4151,104.1881,3.3,0.9875
2018-02-12,12282.76953125,120024900,0.18465582513848966,-0.3285,0.659,103.7756,102.4151,104.1881,3.3,0.9875
2018-02-13,12196.5,94601100,0.18505143534233906,-0.3285,0.659,103.7756,102.4151,104.1881,3.3,0.9875
2018-02-14,12339.16015625,130713000,0.1911580567202977,-0.3285,0.659,103.7756,102.4151,104.1881,3.3,0.9875
2018-02-15,12346.169921875,111934900,0.19154280696610185,-0.3285,0.659,103.7756,102.4151,104.1881,3.3,0.9875
2018-02-16,12451.9599609375,104230500,0.19239195505866985,-0.3285,0.659,103.7756,102.4151,104.1881,3.3,0.9875
2018-02-19,12385.599609375,66917000,0.18508758922579432,-0.3285,0.659,103.7756,102.4151,104.1881,3.3,0.9875
2018-02-20,12487.900390625,87127600,0.18872569736031225,-0.3285,0.659,103.7756,102.4151,104.1881,3.3,0.9875
2018-02-21,12470.490234375,83382600,0.1849482076222802,-0.3285,0.659,103.7756,102.4151,104.1881,3.3,0.9875
2018-02-22,12461.91015625,104173000,0.18357490002387575,-0.3285,0.659,103.7756,102.4151,104.1881,3.3,0.9875
2018-02-23,12483.7900390625,97926500,0.18338153476971622,-0.3285,0.659,103.7756,102.4151,104.1881,3.3,0.9875
2018-02-26,12527.0400390625,78303000,0.18351886863227482,-0.3285,0.659,103.7756,102.4151,104.1881,3.3,0.9875
2018-02-27,12490.73046875,89864600,0.1834088533274904,-0.3285,0.659,103.7756,102.4151,104.1881,3.3,0.9875
2018-02-28,12435.849609375,93391300,0.18197243259643728,-0.3285,0.659,103.7756,102.4151,104.1881,3.3,0.9875
2018-03-01,12190.9404296875,113680600,0.19091666607382324,-0.3279048,0.5295238095,103.7756,103.2239,105.8312,3.3,0.8574286095
2018-03-02,11913.7099609375,120480800,0.1990555409395687,-0.3279048,0.5295238095,103.7756,103.2239,105.8312,3.3,0.8574286095
2018-03-05,12090.8701171875,109920600,0.20372600332982316,-0.3279048,0.5295238095,103.7756,103.2239,105.8312,3.3,0.8574286095
2018-03-06,12113.8701171875,104517000,0.2034193094137714,-0.3279048,0.5295238095,103.7756,103.2239,105.8312,3.3,0.8574286095
2018-03-07,12245.3603515625,92920300,0.1928359439303222,-0.3279048,0.5295238095,103.7756,103.2239,105.8312,3.3,0.8574286095
2018-03-08,12355.5703125,97759800,0.18676435106746722,-0.3279048,0.5295238095,103.7756,103.2239,105.8312,3.3,0.8574286095
2018-03-09,12346.6796875,96109700,0.16238001061062582,-0.3279048,0.5295238095,103.7756,103.2239,105.8312,3.3,0.8574286095
2018-03-12,12418.3896484375,136801400,0.15638932089808108,-0.3279048,0.5295238095,103.7756,103.2239,105.8312,3.3,0.8574286095
2018-03-13,12221.0302734375,131887900,0.1593916990286859,-0.3279048,0.5295238095,103.7756,103.2239,105.8312,3.3,0.8574286095
2018-03-14,12237.740234375,104202200,0.15749914915156016,-0.3279048,0.5295238095,103.7756,103.2239,105.8312,3.3,0.8574286095
2018-03-15,12345.5595703125,106658200,0.15514600035319023,-0.3279048,0.5295238095,103.7756,103.2239,105.8312,3.3,0.8574286095
2018-03-16,12389.580078125,212840100,0.15561394949384996,-0.3279048,0.5295238095,103.7756,103.2239,105.8312,3.3,0.8574286095
2018-03-19,12217.01953125,97309700,0.15984995427025414,-0.3279048,0.5295238095,103.7756,103.2239,105.8312,3.3,0.8574286095
2018-03-20,12307.330078125,72907500,0.16143311774736419,-0.3279048,0.5295238095,103.7756,103.2239,105.8312,3.3,0.8574286095
2018-03-21,12309.150390625,108917200,0.15846222944694094,-0.3279048,0.5295238095,103.7756,103.2239,105.8312,3.3,0.8574286095
2018-03-22,12100.080078125,138428600,0.1682973996692649,-0.3279048,0.5295238095,103.7756,103.2239,105.8312,3.3,0.8574286095
2018-03-23,11886.3095703125,145617800,0.1774454656765609,-0.3279048,0.5295238095,103.7756,103.2239,105.8312,3.3,0.8574286095
2018-03-26,11787.259765625,99857900,0.17805975472832528,-0.3279048,0.5295238095,103.7756,103.2239,105.8312,3.3,0.8574286095
2018-03-27,11970.830078125,98677800,0.18798075660473174,-0.3279048,0.5295238095,103.7756,103.2239,105.8312,3.3,0.8574286095
2018-03-28,11940.7099609375,113396700,0.18796478571504163,-0.3279048,0.5295238095,103.7756,103.2239,105.8312,3.3,0.8574286095
2018-03-29,12096.73046875,111589200,0.19485583285551178,-0.3279048,0.5295238095,103.7756,103.2239,105.8312,3.3,0.8574286095
2018-04-03,12002.4501953125,95226700,0.18475740195251653,-0.32845,0.48,103.7756,103.2559,105.1546,3.2,0.80845
2018-04-04,11957.900390625,107305000,0.1670338630080634,-0.32845,0.48,103.7756,103.2559,105.1546,3.2,0.80845
2018-04-05,12305.1904296875,109092300,0.18851957457781626,-0.32845,0.48,103.7756,103.2559,105.1546,3.2,0.80845
2018-04-06,12241.26953125,87009100,0.18964570564296288,-0.32845,0.48,103.7756,103.2559,105.1546,3.2,0.80845
2018-04-09,12261.75,77287300,0.1860016631470121,-0.32845,0.48,103.7756,103.2559,105.1546,3.2,0.80845
2018-04-10,12397.3203125,99355700,0.1873687154720456,-0.32845,0.48,103.7756,103.2559,105.1546,3.2,0.80845
2018-04-11,12293.9697265625,98812700,0.18969686626405077,-0.32845,0.48,103.7756,103.2559,105.1546,3.2,0.80845
2018-04-12,12415.009765625,82053600,0.19179487321406105,-0.32845,0.48,103.7756,103.2559,105.1546,3.2,0.80845
2018-04-13,12442.400390625,76693800,0.18287145837548413,-0.32845,0.48,103.7756,103.2559,105.1546,3.2,0.80845
2018-04-16,12391.41015625,62656800,0.1836805923062319,-0.32845,0.48,103.7756,103.2559,105.1546,3.2,0.80845
2018-04-17,12585.5703125,85350700,0.18897637185744698,-0.32845,0.48,103.7756,103.2559,105.1546,3.2,0.80845
2018-04-18,12590.830078125,83029000,0.18874909602859644,-0.32845,0.48,103.7756,103.2559,105.1546,3.2,0.80845
2018-04-19,12567.419921875,70668500,0.1813403933661942,-0.32845,0.48,103.7756,103.2559,105.1546,3.2,0.80845
2018-04-20,12540.5,111680200,0.18038207918236185,-0.32845,0.48,103.7756,103.2559,105.1546,3.2,0.80845
2018-04-23,12572.3896484375,78154600,0.18043779623693823,-0.32845,0.48,103.7756,103.2559,105.1546,3.2,0.80845
2018-04-24,12550.8203125,106073600,0.168548405357313,-0.32845,0.48,103.7756,103.2559,105.1546,3.2,0.80845
2018-04-25,12422.2998046875,108576800,0.15946086954572025,-0.32845,0.48,103.7756,103.2559,105.1546,3.2,0.80845
2018-04-26,12500.4697265625,119856800,0.15534135308000815,-0.32845,0.48,103.7756,103.2559,105.1546,3.2,0.80845
2018-04-27,12580.8701171875,0,0.14900279673570355,-0.32845,0.48,103.7756,103.2559,105.1546,3.2,0.80845
2018-04-30,12612.1103515625,96521000,0.1479222281089645,-0.32845,0.48,103.7756,103.2559,105.1546,3.2,0.80845
2018-05-02,12802.25,110911800,0.14985663080247222,-0.3252273,0.45,103.7756,103.9606,106.701,3.2,0.7752273000000001
2018-05-03,12690.150390625,98817100,0.15074386336673237,-0.3252273,0.45,103.7756,103.9606,106.701,3.2,0.7752273000000001
2018-05-04,12819.599609375,99070000,0.1509926011138933,-0.3252273,0.45,103.7756,103.9606,106.701,3.2,0.7752273000000001
2018-05-07,12948.1396484375,64800000,0.12178527213763521,-0.3252273,0.45,103.7756,103.9606,106.701,3.2,0.7752273000000001
2018-05-08,12912.2099609375,95587900,0.12014735976696264,-0.3252273,0.45,103.7756,103.9606,106.701,3.2,0.7752273000000001
2018-05-09,12943.0595703125,102677600,0.1201054973412619,-0.3252273,0.45,103.7756,103.9606,106.701,3.2,0.7752273000000001
2018-05-10,13022.8701171875,72155400,0.11692256417299851,-0.3252273,0.45,103.7756,103.9606,106.701,3.2,0.7752273000000001
2018-05-11,13001.240234375,83673800,0.11137368389937327,-0.3252273,0.45,103.7756,103.9606,106.701,3.2,0.7752273000000001
2018-05-14,12977.7099609375,77168000,0.10923710814363151,-0.3252273,0.45,103.7756,103.9606,106.701,3.2,0.7752273000000001
2018-05-15,12970.0400390625,106592400,0.10964330882289083,-0.3252273,0.45,103.7756,103.9606,106.701,3.2,0.7752273000000001
2018-05-16,12996.330078125,104171700,0.10737897171893286,-0.3252273,0.45,103.7756,103.9606,106.701,3.2,0.7752273000000001
2018-05-17,13114.6103515625,92016400,0.0991674958213246,-0.3252273,0.45,103.7756,103.9606,106.701,3.2,0.7752273000000001
2018-05-18,13077.7197265625,124262900,0.10043273549461834,-0.3252273,0.45,103.7756,103.9606,106.701,3.2,0.7752273000000001
2018-05-22,13169.919921875,109116500,0.10105222240538422,-0.3252273,0.45,103.7756,103.9606,106.701,3.2,0.7752273000000001
2018-05-23,12976.83984375,105439100,0.11609574423808426,-0.3252273,0.45,103.7756,103.9606,106.701,3.2,0.7752273000000001
2018-05-24,12855.08984375,143763000,0.1221393370777497,-0.3252273,0.45,103.7756,103.9606,106.701,3.2,0.7752273000000001
2018-05-25,12938.009765625,104044700,0.12305020321166735,-0.3252273,0.45,103.7756,103.9606,106.701,3.2,0.7752273000000001
2018-05-28,12863.4599609375,69766800,0.11857418836895166,-0.3252273,0.45,103.7756,103.9606,106.701,3.2,0.7752273000000001
2018-05-29,12666.509765625,153964500,0.13097515915194577,-0.3252273,0.45,103.7756,103.9606,106.701,3.2,0.7752273000000001
2018-05-30,12783.759765625,122609400,0.1328949279969617,-0.3252273,0.45,103.7756,103.9606,106.701,3.2,0.7752273000000001
2018-05-31,12604.8896484375,184309000,0.14218847144261176,-0.3252273,0.45,103.7756,103.9606,106.701,3.2,0.7752273000000001
2018-06-01,12724.26953125,123414600,0.13589215322726317,-0.3220476,0.3271428571,103.7756,104.0385,106.4111,3.2,0.6491904571
2018-06-04,12770.75,84511600,0.13287730854535584,-0.3220476,0.3271428571,103.7756,104.0385,106.4111,3.2,0.6491904571
2018-06-05,12787.1298828125,107898300,0.12803738741986254,-0.3220476,0.3271428571,103.7756,104.0385,106.4111,3.2,0.6491904571
2018-06-06,12830.0703125,106976800,0.1233982746534557,-0.3220476,0.3271428571,103.7756,104.0385,106.4111,3.2,0.6491904571
2018-06-07,12811.0498046875,94068000,0.12316682586204025,-0.3220476,0.3271428571,103.7756,104.0385,106.4111,3.2,0.6491904571
2018-06-08,12766.5498046875,115025300,0.12320095078217132,-0.3220476,0.3271428571,103.7756,104.0385,106.4111,3.2,0.6491904571
2018-06-11,12842.91015625,108719300,0.12307406279379811,-0.3220476,0.3271428571,103.7756,104.0385,106.4111,3.2,0.6491904571
2018-06-12,12842.2998046875,100645600,0.12303128346603481,-0.3220476,0.3271428571,103.7756,104.0385,106.4111,3.2,0.6491904571
2018-06-13,12890.580078125,105696700,0.12382669827266045,-0.3220476,0.3271428571,103.7756,104.0385,106.4111,3.2,0.6491904571
2018-06-14,13107.099609375,136091200,0.1372220124907552,-0.3220476,0.3271428571,103.7756,104.0385,106.4111,3.2,0.6491904571
2018-06-15,13010.5498046875,257670500,0.13977059524648972,-0.3220476,0.3271428571,103.7756,104.0385,106.4111,3.2,0.6491904571
2018-06-18,12834.1103515625,89102600,0.1433600798361459,-0.3220476,0.3271428571,103.7756,104.0385,106.4111,3.2,0.6491904571
2018-06-19,12677.9697265625,102502200,0.14843018945025416,-0.3220476,0.3271428571,103.7756,104.0385,106.4111,3.2,0.6491904571
2018-06-20,12695.16015625,89617400,0.14561236998804344,-0.3220476,0.3271428571,103.7756,104.0385,106.4111,3.2,0.6491904571
2018-06-21,12511.91015625,111154800,0.14536087004177087,-0.3220476,0.3271428571,103.7756,104.0385,106.4111,3.2,0.6491904571
2018-06-22,12579.7197265625,83725600,0.14454027109612244,-0.3220476,0.3271428571,103.7756,104.0385,106.4111,3.2,0.6491904571
2018-06-25,12270.330078125,98566500,0.16320400678493951,-0.3220476,0.3271428571,103.7756,104.0385,106.4111,3.2,0.6491904571
2018-06-26,12234.33984375,62457100,0.16277852262757436,-0.3220476,0.3271428571,103.7756,104.0385,106.4111,3.2,0.6491904571
2018-06-27,12348.6103515625,127889100,0.1603996166091942,-0.3220476,0.3271428571,103.7756,104.0385,106.4111,3.2,0.6491904571
2018-06-28,12177.23046875,107207500,0.16148500083098266,-0.3220476,0.3271428571,103.7756,104.0385,106.4111,3.2,0.6491904571
2018-06-29,12306.0,114043400,0.16142532534994697,-0.3220476,0.3271428571,103.7756,104.0385,106.4111,3.2,0.6491904571
2018-07-02,12238.169921875,93436600,0.15736425425075698,-0.3207273,0.2745454545,103.7756,104.6044,104.5747,3.2,0.5952727545000001
2018-07-03,12349.1396484375,93526400,0.16081105734349635,-0.3207273,0.2745454545,103.7756,104.6044,104.5747,3.2,0.5952727545000001
2018-07-04,12317.6103515625,78417600,0.16050893145038223,-0.3207273,0.2745454545,103.7756,104.6044,104.5747,3.2,0.5952727545000001
2018-07-05,12464.2900390625,114460400,0.16654380189148715,-0.3207273,0.2745454545,103.7756,104.6044,104.5747,3.2,0.5952727545000001
2018-07-06,12496.169921875,0,0.16708248421602068,-0.3207273,0.2745454545,103.7756,104.6044,104.5747,3.2,0.5952727545000001
2018-07-09,12543.8896484375,74724300,0.16770294468902538,-0.3207273,0.2745454545,103.7756,104.6044,104.5747,3.2,0.5952727545000001
2018-07-10,12609.849609375,81853500,0.16735380162061164,-0.3207273,0.2745454545,103.7756,104.6044,104.5747,3.2,0.5952727545000001
2018-07-11,12417.1298828125,84350300,0.17463332149257266,-0.3207273,0.2745454545,103.7756,104.6044,104.5747,3.2,0.5952727545000001
2018-07-12,12492.9697265625,72314800,0.17571796208091003,-0.3207273,0.2745454545,103.7756,104.6044,104.5747,3.2,0.5952727545000001
2018-07-13,12540.73046875,0,0.16412455679827892,-0.3207273,0.2745454545,103.7756,104.6044,104.5747,3.2,0.5952727545000001
2018-07-16,12561.01953125,97107500,0.16340703546812888,-0.3207273,0.2745454545,103.7756,104.6044,104.5747,3.2,0.5952727545000001
2018-07-17,12661.5400390625,91976300,0.1606053521473172,-0.3207273,0.2745454545,103.7756,104.6044,104.5747,3.2,0.5952727545000001
2018-07-18,12765.9404296875,87635000,0.15761355278722758,-0.3207273,0.2745454545,103.7756,104.6044,104.5747,3.2,0.5952727545000001
2018-07-19,12686.2900390625,75493900,0.15920689361861784,-0.3207273,0.2745454545,103.7756,104.6044,104.5747,3.2,0.5952727545000001
2018-07-20,12561.419921875,106490300,0.15468634737243986,-0.3207273,0.2745454545,103.7756,104.6044,104.5747,3.2,0.5952727545000001
2018-07-23,12548.5703125,65205400,0.1535707610786602,-0.3207273,0.2745454545,103.7756,104.6044,104.5747,3.2,0.5952727545000001
2018-07-24,12689.3896484375,90068800,0.12979072392433577,-0.3207273,0.2745454545,103.7756,104.6044,104.5747,3.2,0.5952727545000001
2018-07-25,12579.330078125,80817800,0.1337962793267481,-0.3207273,0.2745454545,103.7756,104.6044,104.5747,3.2,0.5952727545000001
2018-07-26,12809.23046875,105931000,0.14372503672384765,-0.3207273,0.2745454545,103.7756,104.6044,104.5747,3.2,0.5952727545000001
2018-07-27,12860.400390625,95634400,0.1320440517988182,-0.3207273,0.2745454545,103.7756,104.6044,104.5747,3.2,0.5952727545000001
2018-07-30,12798.2001953125,70725000,0.13115820225201202,-0.3207273,0.2745454545,103.7756,104.6044,104.5747,3.2,0.5952727545000001
2018-07-31,12805.5,106509800,0.12849156025005087,-0.3207273,0.2745454545,103.7756,104.6044,104.5747,3.2,0.5952727545000001
2018-08-01,12737.0498046875,93510500,0.12847337279458312,-0.319,0.2908695652,103.7756,104.6653,106.0245,3.2,0.6098695652
2018-08-02,12546.330078125,103271900,0.14009574812694484,-0.319,0.2908695652,103.7756,104.6653,106.0245,3.2,0.6098695652
2018-08-03,12615.759765625,79345300,0.13545598585574953,-0.319,0.2908695652,103.7756,104.6653,106.0245,3.2,0.6098695652
2018-08-06,12598.2099609375,65599400,0.13543127525336815,-0.319,0.2908695652,103.7756,104.6653,106.0245,3.2,0.6098695652
2018-08-07,12648.1904296875,87114600,0.1354791789588257,-0.319,0.2908695652,103.7756,104.6653,106.0245,3.2,0.6098695652
2018-08-08,12633.5400390625,89371000,0.13441651830601795,-0.319,0.2908695652,103.7756,104.6653,106.0245,3.2,0.6098695652
2018-08-09,12676.1103515625,71701900,0.12247838607625311,-0.319,0.2908695652,103.7756,104.6653,106.0245,3.2,0.6098695652
2018-08-10,12424.349609375,0,0.1405653598849704,-0.319,0.2908695652,103.7756,104.6653,106.0245,3.2,0.6098695652
2018-08-13,12358.740234375,92773600,0.14079957330798568,-0.319,0.2908695652,103.7756,104.6653,106.0245,3.2,0.6098695652
2018-08-14,12358.8701171875,82021800,0.14058209200253718,-0.319,0.2908695652,103.7756,104.6653,106.0245,3.2,0.6098695652
2018-08-15,12163.009765625,99703000,0.14607504059837095,-0.319,0.2908695652,103.7756,104.6653,106.0245,3.2,0.6098695652
2018-08-16,12237.169921875,81469900,0.1443802133606546,-0.319,0.2908695652,103.7756,104.6653,106.0245,3.2,0.6098695652
2018-08-17,12210.5498046875,86038300,0.14355106853440558,-0.319,0.2908695652,103.7756,104.6653,106.0245,3.2,0.6098695652
2018-08-20,12331.2998046875,59670900,0.14584084406075834,-0.319,0.2908695652,103.7756,104.6653,106.0245,3.2,0.6098695652
2018-08-21,12384.490234375,68597400,0.14692394797022965,-0.319,0.2908695652,103.7756,104.6653,106.0245,3.2,0.6098695652
2018-08-22,12385.7001953125,77192800,0.1405759295050027,-0.319,0.2908695652,103.7756,104.6653,106.0245,3.2,0.6098695652
2018-08-23,12365.580078125,63669000,0.13789597275023474,-0.319,0.2908695652,103.7756,104.6653,106.0245,3.2,0.6098695652
2018-08-24,12394.51953125,59051400,0.12004266588133891,-0.319,0.2908695652,103.7756,104.6653,106.0245,3.2,0.6098695652
2018-08-27,12538.3095703125,52201900,0.12714222903211572,-0.319,0.2908695652,103.7756,104.6653,106.0245,3.2,0.6098695652
2018-08-28,12527.419921875,72899400,0.12644402354488798,-0.319,0.2908695652,103.7756,104.6653,106.0245,3.2,0.6098695652
2018-08-29,12561.6796875,58192500,0.12700107810873182,-0.319,0.2908695652,103.7756,104.6653,106.0245,3.2,0.6098695652
2018-08-30,12494.240234375,73686200,0.12701141139177832,-0.319,0.2908695652,103.7756,104.6653,106.0245,3.2,0.6098695652
2018-08-31,12364.0595703125,90277000,0.1215068228004323,-0.319,0.2908695652,103.7756,104.6653,106.0245,3.2,0.6098695652
2018-09-03,12346.41015625,50769600,0.11940419207651762,-0.31885,0.3705,103.7756,104.5468,104.768,3.1,0.68935
2018-09-04,12210.2099609375,84476300,0.12436887639757196,-0.31885,0.3705,103.7756,104.5468,104.768,3.1,0.68935
2018-09-05,12040.4599609375,109489900,0.12983022654360118,-0.31885,0.3705,103.7756,104.5468,104.768,3.1,0.68935
2018-09-06,11955.25,87442600,0.13078404566818974,-0.31885,0.3705,103.7756,104.5468,104.768,3.1,0.68935
2018-09-07,11959.6298828125,101789700,0.12946628027052193,-0.31885,0.3705,103.7756,104.5468,104.768,3.1,0.68935
2018-09-10,11986.33984375,80490500,0.1143853708655371,-0.31885,0.3705,103.7756,104.5468,104.768,3.1,0.68935
2018-09-11,11970.26953125,0,0.11363568669490161,-0.31885,0.3705,103.7756,104.5468,104.768,3.1,0.68935
2018-09-12,12032.2998046875,112286500,0.11588888025589014,-0.31885,0.3705,103.7756,104.5468,104.768,3.1,0.68935
2018-09-13,12055.5498046875,97093400,0.10335710079469934,-0.31885,0.3705,103.7756,104.5468,104.768,3.1,0.68935
2018-09-14,12124.330078125,77747100,0.10305505337455131,-0.31885,0.3705,103.7756,104.5468,104.768,3.1,0.68935
2018-09-17,12096.41015625,69270000,0.10308333409984416,-0.31885,0.3705,103.7756,104.5468,104.768,3.1,0.68935
2018-09-18,12157.669921875,84144700,0.09824084389770447,-0.31885,0.3705,103.7756,104.5468,104.768,3.1,0.68935
2018-09-19,12219.01953125,98540100,0.09873944450077304,-0.31885,0.3705,103.7756,104.5468,104.768,3.1,0.68935
2018-09-20,12326.48046875,110135400,0.10399424222163935,-0.31885,0.3705,103.7756,104.5468,104.768,3.1,0.68935
2018-09-21,12430.8798828125,400165400,0.10806059063264829,-0.31885,0.3705,103.7756,104.5468,104.768,3.1,0.68935
2018-09-24,12350.8203125,0,0.11020364330721794,-0.31885,0.3705,103.7756,104.5468,104.768,3.1,0.68935
2018-09-25,12374.66015625,83206800,0.10200251151395638,-0.31885,0.3705,103.7756,104.5468,104.768,3.1,0.68935
2018-09-26,12385.8896484375,74964500,0.1021303059550528,-0.31885,0.3705,103.7756,104.5468,104.768,3.1,0.68935
2018-09-27,12435.58984375,89854700,0.102737735135519,-0.31885,0.3705,103.7756,104.5468,104.768,3.1,0.68935
2018-09-28,12246.73046875,110639600,0.11369381049311765,-0.31885,0.3705,103.7756,104.5468,104.768,3.1,0.68935
2018-10-01,12339.0302734375,76918300,0.1118056260424006,-0.3176957,0.3990909091,103.7756,104.6895,104.4781,3.1,0.7167866091
2018-10-02,12287.580078125,82307700,0.11262482725885666,-0.3176957,0.3990909091,103.7756,104.6895,104.4781,3.1,0.7167866091
2018-10-04,12244.1396484375,101177000,0.10636338656021145,-0.3176957,0.3990909091,103.7756,104.6895,104.4781,3.1,0.7167866091
2018-10-05,12111.900390625,94036400,0.10163590723568759,-0.3176957,0.3990909091,103.7756,104.6895,104.4781,3.1,0.7167866091
2018-10-08,11947.16015625,77268800,0.10978990465519779,-0.3176957,0.3990909091,103.7756,104.6895,104.4781,3.1,0.7167866091
2018-10-09,11977.2197265625,77186000,0.11013460370000848,-0.3176957,0.3990909091,103.7756,104.6895,104.4781,3.1,0.7167866091
2018-10-10,11712.5,0,0.13387880194204463,-0.3176957,0.3990909091,103.7756,104.6895,104.4781,3.1,0.7167866091
2018-10-11,11539.349609375,142293600,0.1420743382499531,-0.3176957,0.3990909091,103.7756,104.6895,104.4781,3.1,0.7167866091
2018-10-12,11523.8095703125,99171000,0.1398691209547419,-0.3176957,0.3990909091,103.7756,104.6895,104.4781,3.1,0.7167866091
2018-10-15,11614.16015625,71968200,0.14342311369360217,-0.3176957,0.3990909091,103.7756,104.6895,104.4781,3.1,0.7167866091
2018-10-16,11776.5498046875,85693600,0.15147344602212162,-0.3176957,0.3990909091,103.7756,104.6895,104.4781,3.1,0.7167866091
2018-10-17,11715.0302734375,93600200,0.15204397603602593,-0.3176957,0.3990909091,103.7756,104.6895,104.4781,3.1,0.7167866091
2018-10-18,11589.2099609375,97180800,0.15332358060762336,-0.3176957,0.3990909091,103.7756,104.6895,104.4781,3.1,0.7167866091
2018-10-19,11553.830078125,128743800,0.15102844835971307,-0.3176957,0.3990909091,103.7756,104.6895,104.4781,3.1,0.7167866091
2018-10-22,11524.33984375,73772600,0.14522767213481494,-0.3176957,0.3990909091,103.7756,104.6895,104.4781,3.1,0.7167866091
2018-10-23,11274.2802734375,115195200,0.1522231612022045,-0.3176957,0.3990909091,103.7756,104.6895,104.4781,3.1,0.7167866091
2018-10-24,11191.6298828125,117472700,0.15239030128818892,-0.3176957,0.3990909091,103.7756,104.6895,104.4781,3.1,0.7167866091
2018-10-25,11307.1201171875,0,0.1595490510252524,-0.3176957,0.3990909091,103.7756,104.6895,104.4781,3.1,0.7167866091
2018-10-26,11200.6201171875,138702800,0.15936241434674647,-0.3176957,0.3990909091,103.7756,104.6895,104.4781,3.1,0.7167866091
2018-10-29,11335.48046875,98716300,0.16714790436961793,-0.3176957,0.3990909091,103.7756,104.6895,104.4781,3.1,0.7167866091
2018-10-30,11287.3896484375,99304800,0.16243890181472267,-0.3176957,0.3990909091,103.7756,104.6895,104.4781,3.1,0.7167866091
2018-10-31,11447.509765625,127284000,0.16976734060756693,-0.3176957,0.3990909091,103.7756,104.6895,104.4781,3.1,0.7167866091
2018-11-01,11468.5400390625,98851100,0.1707457287781551,-0.3163636,0.3140909091,103.7756,103.5976,102.5451,3.1,0.6304545091
2018-11-02,11518.990234375,109924000,0.17276381673401275,-0.3163636,0.3140909091,103.7756,103.5976,102.5451,3.1,0.6304545091
2018-11-05,11494.9599609375,69373800,0.17032890029103118,-0.3163636,0.3140909091,103.7756,103.5976,102.5451,3.1,0.6304545091
2018-11-06,11484.33984375,0,0.16544489980641894,-0.3163636,0.3140909091,103.7756,103.5976,102.5451,3.1,0.6304545091
2018-11-07,11579.099609375,85986800,0.16850669891089376,-0.3163636,0.3140909091,103.7756,103.5976,102.5451,3.1,0.6304545091
2018-11-08,11527.3203125,80629900,0.15164303580295022,-0.3163636,0.3140909091,103.7756,103.5976,102.5451,3.1,0.6304545091
2018-11-09,11529.16015625,103701100,0.14274983334411334,-0.3163636,0.3140909091,103.7756,103.5976,102.5451,3.1,0.6304545091
2018-11-12,11325.4404296875,93211100,0.15533002852706004,-0.3163636,0.3140909091,103.7756,103.5976,102.5451,3.1,0.6304545091
2018-11-13,11472.2197265625,100043500,0.15985698748505195,-0.3163636,0.3140909091,103.7756,103.5976,102.5451,3.1,0.6304545091
2018-11-14,11412.5302734375,106400600,0.15149793164173755,-0.3163636,0.3140909091,103.7756,103.5976,102.5451,3.1,0.6304545091
2018-11-15,11353.669921875,96865000,0.15147727260542312,-0.3163636,0.3140909091,103.7756,103.5976,102.5451,3.1,0.6304545091
2018-11-16,11341.0,113018300,0.14765878926998033,-0.3163636,0.3140909091,103.7756,103.5976,102.5451,3.1,0.6304545091
2018-11-19,11244.5400390625,78718200,0.14981138776852604,-0.3163636,0.3140909091,103.7756,103.5976,102.5451,3.1,0.6304545091
2018-11-20,11066.41015625,119967800,0.1581113746225558,-0.3163636,0.3140909091,103.7756,103.5976,102.5451,3.1,0.6304545091
2018-11-21,11244.169921875,92605400,0.15248887348690163,-0.3163636,0.3140909091,103.7756,103.5976,102.5451,3.1,0.6304545091
2018-11-22,11138.490234375,64564400,0.15388894513362522,-0.3163636,0.3140909091,103.7756,103.5976,102.5451,3.1,0.6304545091
2018-11-23,11192.6904296875,63011900,0.15031818581494077,-0.3163636,0.3140909091,103.7756,103.5976,102.5451,3.1,0.6304545091
2018-11-26,11354.7197265625,89434600,0.15505343711484684,-0.3163636,0.3140909091,103.7756,103.5976,102.5451,3.1,0.6304545091
2018-11-27,11309.1103515625,75453200,0.15015082117480935,-0.3163636,0.3140909091,103.7756,103.5976,102.5451,3.1,0.6304545091
2018-11-28,11298.8798828125,72950500,0.14942508760785023,-0.3163636,0.3140909091,103.7756,103.5976,102.5451,3.1,0.6304545091
2018-11-29,11298.23046875,92388200,0.14036786089297512,-0.3163636,0.3140909091,103.7756,103.5976,102.5451,3.1,0.6304545091
2018-11-30,11257.240234375,109013100,0.14045501483792028,-0.3163636,0.3140909091,103.7756,103.5976,102.5451,3.1,0.6304545091
2018-12-03,11465.4599609375,101248500,0.15484340048166664,-0.3118947,0.1870588235,103.7756,104.1211,103.7049,3.1,0.4989535235
2018-12-04,11335.3203125,83807700,0.15953763110460423,-0.3118947,0.1870588235,103.7756,104.1211,103.7049,3.1,0.4989535235
2018-12-05,11200.240234375,73386400,0.16427776383613626,-0.3118947,0.1870588235,103.7756,104.1211,103.7049,3.1,0.4989535235
2018-12-06,10810.98046875,132009900,0.19748972172583534,-0.3118947,0.1870588235,103.7756,104.1211,103.7049,3.1,0.4989535235
2018-12-07,10788.08984375,100383400,0.19746545430454865,-0.3118947,0.1870588235,103.7756,104.1211,103.7049,3.1,0.4989535235
2018-12-10,10622.0703125,119543200,0.20155790213030927,-0.3118947,0.1870588235,103.7756,104.1211,103.7049,3.1,0.4989535235
2018-12-11,10780.509765625,101814600,0.20492069204708852,-0.3118947,0.1870588235,103.7756,104.1211,103.7049,3.1,0.4989535235
2018-12-12,10929.4296875,103230400,0.20573959341610107,-0.3118947,0.1870588235,103.7756,104.1211,103.7049,3.1,0.4989535235
2018-12-13,10924.7001953125,87998300,0.2055331222957027,-0.3118947,0.1870588235,103.7756,104.1211,103.7049,3.1,0.4989535235
2018-12-14,10865.76953125,81422700,0.20558060914123988,-0.3118947,0.1870588235,103.7756,104.1211,103.7049,3.1,0.4989535235
2018-12-17,10772.2001953125,85598700,0.20680632158234236,-0.3118947,0.1870588235,103.7756,104.1211,103.7049,3.1,0.4989535235
2018-12-18,10740.8896484375,96287600,0.20561812523806655,-0.3118947,0.1870588235,103.7756,104.1211,103.7049,3.1,0.4989535235
2018-12-19,10766.2099609375,96506200,0.1998773561984234,-0.3118947,0.1870588235,103.7756,104.1211,103.7049,3.1,0.4989535235
2018-12-20,10611.099609375,122450600,0.19445189295772833,-0.3118947,0.1870588235,103.7756,104.1211,103.7049,3.1,0.4989535235
2018-12-21,10633.8203125,216162200,0.19353774521622763,-0.3118947,0.1870588235,103.7756,104.1211,103.7049,3.1,0.4989535235
2018-12-27,10381.509765625,104152600,0.20548393104068732,-0.3118947,0.1870588235,103.7756,104.1211,103.7049,3.1,0.4989535235
2018-12-28,10558.9599609375,52604300,0.20854458018140556,-0.3118947,0.1870588235,103.7756,104.1211,103.7049,3.1,0.4989535235
2019-01-02,10580.1904296875,79626700,0.20935318288552526,-0.308,0.1327272727,105.2759,103.3222,103.4149,3.0,0.4407272727
2019-01-03,10416.66015625,84733800,0.21347245007368276,-0.308,0.1327272727,105.2759,103.3222,103.4149,3.0,0.4407272727
2019-01-04,10767.6904296875,95339500,0.24981721087958028,-0.308,0.1327272727,105.2759,103.3222,103.4149,3.0,0.4407272727
2019-01-07,10747.8095703125,71151400,0.24976240103438582,-0.308,0.1327272727,105.2759,103.3222,103.4149,3.0,0.4407272727
2019-01-08,10803.98046875,93672200,0.2400246118247226,-0.308,0.1327272727,105.2759,103.3222,103.4149,3.0,0.4407272727
2019-01-09,10893.3203125,96071900,0.2407536910777083,-0.308,0.1327272727,105.2759,103.3222,103.4149,3.0,0.4407272727
2019-01-10,10921.58984375,77255600,0.23829268511821988,-0.308,0.1327272727,105.2759,103.3222,103.4149,3.0,0.4407272727
2019-01-11,10887.4599609375,75537200,0.2048337874527177,-0.308,0.1327272727,105.2759,103.3222,103.4149,3.0,0.4407272727
2019-01-14,10855.91015625,65945800,0.20497314165122038,-0.308,0.1327272727,105.2759,103.3222,103.4149,3.0,0.4407272727
2019-01-15,10891.7900390625,80197500,0.19692662081828924,-0.308,0.1327272727,105.2759,103.3222,103.4149,3.0,0.4407272727
2019-01-16,10931.240234375,79810600,0.1908567590471755,-0.308,0.1327272727,105.2759,103.3222,103.4149,3.0,0.4407272727
2019-01-17,10918.6201171875,79327000,0.18487735263671246,-0.308,0.1327272727,105.2759,103.3222,103.4149,3.0,0.4407272727
2019-01-18,11205.5400390625,119133600,0.20600586867377238,-0.308,0.1327272727,105.2759,103.3222,103.4149,3.0,0.4407272727
2019-01-21,11136.2001953125,65955200,0.20634839271269648,-0.308,0.1327272727,105.2759,103.3222,103.4149,3.0,0.4407272727
2019-01-22,11090.1103515625,73446100,0.20422558094034085,-0.308,0.1327272727,105.2759,103.3222,103.4149,3.0,0.4407272727
2019-01-23,11071.5400390625,87752900,0.20393771931339094,-0.308,0.1327272727,105.2759,103.3222,103.4149,3.0,0.4407272727
2019-01-24,11130.1796875,110548100,0.20434297931200887,-0.308,0.1327272727,105.2759,103.3222,103.4149,3.0,0.4407272727
2019-01-25,11281.7900390625,99999800,0.1995813632498569,-0.308,0.1327272727,105.2759,103.3222,103.4149,3.0,0.4407272727
2019-01-28,11210.3095703125,73121100,0.20218308618343833,-0.308,0.1327272727,105.2759,103.3222,103.4149,3.0,0.4407272727
2019-01-29,11218.830078125,75129000,0.17841336383005552,-0.308,0.1327272727,105.2759,103.3222,103.4149,3.0,0.4407272727
2019-01-30,11181.66015625,73630500,0.1731241789709995,-0.308,0.1327272727,105.2759,103.3222,103.4149,3.0,0.4407272727
2019-01-31,11173.099609375,111945200,0.17354789771561968,-0.308,0.1327272727,105.2759,103.3222,103.4149,3.0,0.4407272727
2019-02-01,11180.66015625,101700800,0.1608681832883982,-0.30845,0.0555,105.2759,103.7281,102.8351,3.0,0.36395
2019-02-04,11176.580078125,74165400,0.11753590571153265,-0.30845,0.0555,105.2759,103.7281,102.8351,3.0,0.36395
2019-02-05,11367.98046875,89418800,0.12802107985644523,-0.30845,0.0555,105.2759,103.7281,102.8351,3.0,0.36395
2019-02-06,11324.7197265625,75894800,0.12959383584091197,-0.30845,0.0555,105.2759,103.7281,102.8351,3.0,0.36395
2019-02-07,11022.01953125,108021800,0.1618857639638401,-0.30845,0.0555,105.2759,103.7281,102.8351,3.0,0.36395
2019-02-08,10906.7802734375,102300800,0.16612518490412032,-0.30845,0.0555,105.2759,103.7281,102.8351,3.0,0.36395
2019-02-11,11014.58984375,69553100,0.16913954287509125,-0.30845,0.0555,105.2759,103.7281,102.8351,3.0,0.36395
2019-02-12,11126.080078125,74843600,0.17173370141514363,-0.30845,0.0555,105.2759,103.7281,102.8351,3.0,0.36395
2019-02-13,11167.2197265625,69772400,0.17179891384013327,-0.30845,0.0555,105.2759,103.7281,102.8351,3.0,0.36395
2019-02-14,11089.7900390625,83384200,0.17383847700137856,-0.30845,0.0555,105.2759,103.7281,102.8351,3.0,0.36395
2019-02-15,11299.7998046875,105640900,0.18467054944134514,-0.30845,0.0555,105.2759,103.7281,102.8351,3.0,0.36395
2019-02-18,11299.2001953125,55484300,0.16159940841502063,-0.30845,0.0555,105.2759,103.7281,102.8351,3.0,0.36395
2019-02-19,11309.2099609375,67147500,0.15978822541646967,-0.30845,0.0555,105.2759,103.7281,102.8351,3.0,0.36395
2019-02-20,11401.9697265625,71844800,0.16071500149304543,-0.30845,0.0555,105.2759,103.7281,102.8351,3.0,0.36395
2019-02-21,11423.2802734375,77779400,0.16033742722237038,-0.30845,0.0555,105.2759,103.7281,102.8351,3.0,0.36395
2019-02-22,11457.7001953125,66893800,0.15985762825497823,-0.30845,0.0555,105.2759,103.7281,102.8351,3.0,0.36395
2019-02-25,11505.3896484375,69949900,0.15401994720397322,-0.30845,0.0555,105.2759,103.7281,102.8351,3.0,0.36395
2019-02-26,11540.7900390625,74034400,0.15182228105624226,-0.30845,0.0555,105.2759,103.7281,102.8351,3.0,0.36395
2019-02-27,11487.330078125,84265200,0.15326356981999317,-0.30845,0.0555,105.2759,103.7281,102.8351,3.0,0.36395
2019-02-28,11515.6396484375,84129900,0.15243802843653692,-0.30845,0.0555,105.2759,103.7281,102.8351,3.0,0.36395
2019-03-01,11601.6796875,72715100,0.15359810096739313,-0.3091905,0.010952381,105.2759,104.2089,103.8982,3.0,0.320142881
2019-03-04,11592.66015625,58412600,0.15381915951808306,-0.3091905,0.010952381,105.2759,104.2089,103.8982,3.0,0.320142881
2019-03-05,11620.740234375,63643000,0.15363474600043728,-0.3091905,0.010952381,105.2759,104.2089,103.8982,3.0,0.320142881
2019-03-06,11587.6298828125,65204400,0.143975178385749,-0.3091905,0.010952381,105.2759,104.2089,103.8982,3.0,0.320142881
2019-03-07,11517.7998046875,99533100,0.145100755967752,-0.3091905,0.010952381,105.2759,104.2089,103.8982,3.0,0.320142881
2019-03-08,11457.83984375,81946100,0.10796849347042871,-0.3091905,0.010952381,105.2759,104.2089,103.8982,3.0,0.320142881
2019-03-11,11543.48046875,71575600,0.09972872191880412,-0.3091905,0.010952381,105.2759,104.2089,103.8982,3.0,0.320142881
2019-03-12,11524.169921875,87365300,0.09727908622719049,-0.3091905,0.010952381,105.2759,104.2089,103.8982,3.0,0.320142881
2019-03-13,11572.41015625,78369100,0.09325815075400203,-0.3091905,0.010952381,105.2759,104.2089,103.8982,3.0,0.320142881
2019-03-14,11587.4697265625,87594200,0.09304245447886432,-0.3091905,0.010952381,105.2759,104.2089,103.8982,3.0,0.320142881
2019-03-15,11685.6904296875,187987500,0.09013283171667087,-0.3091905,0.010952381,105.2759,104.2089,103.8982,3.0,0.320142881
2019-03-18,11657.0595703125,91113700,0.06899074494535437,-0.3091905,0.010952381,105.2759,104.2089,103.8982,3.0,0.320142881
2019-03-19,11788.41015625,81542500,0.07652982898500661,-0.3091905,0.010952381,105.2759,104.2089,103.8982,3.0,0.320142881
2019-03-20,11603.8896484375,100826500,0.09806394632725711,-0.3091905,0.010952381,105.2759,104.2089,103.8982,3.0,0.320142881
2019-03-21,11549.9599609375,91619300,0.09666817040435229,-0.3091905,0.010952381,105.2759,104.2089,103.8982,3.0,0.320142881
2019-03-22,11364.169921875,112187500,0.11248783373582551,-0.3091905,0.010952381,105.2759,104.2089,103.8982,3.0,0.320142881
2019-03-25,11346.650390625,75056300,0.111942025773816,-0.3091905,0.010952381,105.2759,104.2089,103.8982,3.0,0.320142881
2019-03-26,11419.48046875,79984300,0.11337460203794254,-0.3091905,0.010952381,105.2759,104.2089,103.8982,3.0,0.320142881
2019-03-27,11419.0400390625,102107000,0.11270585394742895,-0.3091905,0.010952381,105.2759,104.2089,103.8982,3.0,0.320142881
2019-03-28,11428.16015625,89405300,0.11175144722982629,-0.3091905,0.010952381,105.2759,104.2089,103.8982,3.0,0.320142881
2019-03-29,11526.0400390625,89325500,0.1155334372899615,-0.3091905,0.010952381,105.2759,104.2089,103.8982,3.0,0.320142881
2019-04-01,11681.990234375,96979200,0.12214248932961953,-0.31045,-0.0395,105.2759,105.2017,102.4485,2.9,0.27095
2019-04-02,11754.7900390625,77384300,0.12372549267628974,-0.31045,-0.0395,105.2759,105.2017,102.4485,2.9,0.27095
2019-04-03,11954.400390625,93396300,0.1359664658260938,-0.31045,-0.0395,105.2759,105.2017,102.4485,2.9,0.27095
2019-04-04,11988.009765625,77816900,0.13515750899224743,-0.31045,-0.0395,105.2759,105.2017,102.4485,2.9,0.27095
2019-04-05,12009.75,72712300,0.1322417606918049,-0.31045,-0.0395,105.2759,105.2017,102.4485,2.9,0.27095
2019-04-08,11963.400390625,63676500,0.13139338775345635,-0.31045,-0.0395,105.2759,105.2017,102.4485,2.9,0.27095
2019-04-09,11850.5703125,65890100,0.13564780436230153,-0.31045,-0.0395,105.2759,105.2017,102.4485,2.9,0.27095
2019-04-10,11905.91015625,68624100,0.1356841145059777,-0.31045,-0.0395,105.2759,105.2017,102.4485,2.9,0.27095
2019-04-11,11935.2001953125,78550400,0.13539912687947786,-0.31045,-0.0395,105.2759,105.2017,102.4485,2.9,0.27095
2019-04-12,11999.9296875,92887200,0.1360720263615305,-0.31045,-0.0395,105.2759,105.2017,102.4485,2.9,0.27095
2019-04-15,12020.2802734375,65121600,0.13382730811500596,-0.31045,-0.0395,105.2759,105.2017,102.4485,2.9,0.27095
2019-04-16,12101.3203125,83377900,0.1343007332251275,-0.31045,-0.0395,105.2759,105.2017,102.4485,2.9,0.27095
2019-04-17,12153.0703125,102282300,0.13022329847384004,-0.31045,-0.0395,105.2759,105.2017,102.4485,2.9,0.27095
2019-04-18,12222.3896484375,108852300,0.11492907451810055,-0.31045,-0.0395,105.2759,105.2017,102.4485,2.9,0.27095
2019-04-23,12235.509765625,77350700,0.1121199020264414,-0.31045,-0.0395,105.2759,105.2017,102.4485,2.9,0.27095
2019-04-24,12313.16015625,106440300,0.08915410596092402,-0.31045,-0.0395,105.2759,105.2017,102.4485,2.9,0.27095
2019-04-25,12282.599609375,96274900,0.08992563375367654,-0.31045,-0.0395,105.2759,105.2017,102.4485,2.9,0.27095
2019-04-26,12315.1796875,90044700,0.08948733511377334,-0.31045,-0.0395,105.2759,105.2017,102.4485,2.9,0.27095
2019-04-29,12328.01953125,70678500,0.08900788177372927,-0.31045,-0.0395,105.2759,105.2017,102.4485,2.9,0.27095
2019-04-30,12344.080078125,82443700,0.08882000020145224,-0.31045,-0.0395,105.2759,105.2017,102.4485,2.9,0.27095
2019-05-02,12345.419921875,96355900,0.08780027319479966,-0.3118636,-0.1345454545,105.2759,105.1776,102.8351,2.9,0.17731814550000002
2019-05-03,12412.75,79121200,0.08004691898083309,-0.3118636,-0.1345454545,105.2759,105.1776,102.8351,2.9,0.17731814550000002
2019-05-06,12286.8798828125,88426500,0.09083918629067873,-0.3118636,-0.1345454545,105.2759,105.1776,102.8351,2.9,0.17731814550000002
2019-05-07,12092.740234375,109809200,0.09421014723605985,-0.3118636,-0.1345454545,105.2759,105.1776,102.8351,2.9,0.17731814550000002
2019-05-08,12179.9296875,101037000,0.09673026295223146,-0.3118636,-0.1345454545,105.2759,105.1776,102.8351,2.9,0.17731814550000002
2019-05-09,11973.919921875,109425400,0.11434559859431671,-0.3118636,-0.1345454545,105.2759,105.1776,102.8351,2.9,0.17731814550000002
2019-05-10,12059.830078125,142098700,0.11616995993913952,-0.3118636,-0.1345454545,105.2759,105.1776,102.8351,2.9,0.17731814550000002
2019-05-13,11876.650390625,110572100,0.12377802427107502,-0.3118636,-0.1345454545,105.2759,105.1776,102.8351,2.9,0.17731814550000002
2019-05-14,11991.6201171875,106200000,0.1272595653935752,-0.3118636,-0.1345454545,105.2759,105.1776,102.8351,2.9,0.17731814550000002
2019-05-15,12099.5703125,125835700,0.13058617101697337,-0.3118636,-0.1345454545,105.2759,105.1776,102.8351,2.9,0.17731814550000002
2019-05-16,12310.3701171875,109001200,0.14217392368114817,-0.3118636,-0.1345454545,105.2759,105.1776,102.8351,2.9,0.17731814550000002
2019-05-17,12238.9404296875,104474100,0.1442389203478015,-0.3118636,-0.1345454545,105.2759,105.1776,102.8351,2.9,0.17731814550000002
2019-05-20,12041.2900390625,105412700,0.1540194375034687,-0.3118636,-0.1345454545,105.2759,105.1776,102.8351,2.9,0.17731814550000002
2019-05-21,12143.4697265625,90829900,0.15623247147684308,-0.3118636,-0.1345454545,105.2759,105.1776,102.8351,2.9,0.17731814550000002
2019-05-22,12168.740234375,87115400,0.1550681644697687,-0.3118636,-0.1345454545,105.2759,105.1776,102.8351,2.9,0.17731814550000002
2019-05-23,11952.41015625,118104500,0.16650122902349848,-0.3118636,-0.1345454545,105.2759,105.1776,102.8351,2.9,0.17731814550000002
2019-05-24,12011.0400390625,82359600,0.16576660774765625,-0.3118636,-0.1345454545,105.2759,105.1776,102.8351,2.9,0.17731814550000002
2019-05-27,12071.1796875,43767900,0.16702237877512968,-0.3118636,-0.1345454545,105.2759,105.1776,102.8351,2.9,0.17731814550000002
2019-05-28,12027.0498046875,121297400,0.1668213753247245,-0.3118636,-0.1345454545,105.2759,105.1776,102.8351,2.9,0.17731814550000002
2019-05-29,11837.8095703125,90848600,0.17410399833766205,-0.3118636,-0.1345454545,105.2759,105.1776,102.8351,2.9,0.17731814550000002
2019-05-30,11902.080078125,47889500,0.17563246487481865,-0.3118636,-0.1345454545,105.2759,105.1776,102.8351,2.9,0.17731814550000002
2019-05-31,11726.83984375,98490800,0.18116152256797471,-0.3118636,-0.1345454545,105.2759,105.1776,102.8351,2.9,0.17731814550000002
2019-06-03,11792.8095703125,104353700,0.18125604748821617,-0.3289,-0.3152631579,105.2759,105.6976,101.5786,2.9,0.013636842100000046
2019-06-04,11971.169921875,107666100,0.1885978873489942,-0.3289,-0.3152631579,105.2759,105.6976,101.5786,2.9,0.013636842100000046
2019-06-05,11980.8095703125,81806600,0.1809872260428925,-0.3289,-0.3152631579,105.2759,105.6976,101.5786,2.9,0.013636842100000046
2019-06-06,11953.1396484375,89561100,0.17894939884762448,-0.3289,-0.3152631579,105.2759,105.6976,101.5786,2.9,0.013636842100000046
2019-06-07,12045.3798828125,80549900,0.17123735828608974,-0.3289,-0.3152631579,105.2759,105.6976,101.5786,2.9,0.013636842100000046
2019-06-11,12155.8095703125,95140700,0.17237524232935528,-0.3289,-0.3152631579,105.2759,105.6976,101.5786,2.9,0.013636842100000046
2019-06-12,12115.6796875,69957400,0.16348943176448194,-0.3289,-0.3152631579,105.2759,105.6976,101.5786,2.9,0.013636842100000046
2019-06-13,12169.0498046875,69172100,0.16096209303239492,-0.3289,-0.3152631579,105.2759,105.6976,101.5786,2.9,0.013636842100000046
2019-06-14,12096.400390625,70037500,0.15963955915457548,-0.3289,-0.3152631579,105.2759,105.6976,101.5786,2.9,0.013636842100000046
2019-06-17,12085.8203125,84991300,0.1465796589337729,-0.3289,-0.3152631579,105.2759,105.6976,101.5786,2.9,0.013636842100000046
2019-06-18,12331.75,153990400,0.16253886015854282,-0.3289,-0.3152631579,105.2759,105.6976,101.5786,2.9,0.013636842100000046
2019-06-19,12308.5302734375,104190600,0.15135397931292438,-0.3289,-0.3152631579,105.2759,105.6976,101.5786,2.9,0.013636842100000046
2019-06-20,12355.3896484375,95166000,0.14932723371673068,-0.3289,-0.3152631579,105.2759,105.6976,101.5786,2.9,0.013636842100000046
2019-06-21,12339.919921875,210689700,0.14943196608728782,-0.3289,-0.3152631579,105.2759,105.6976,101.5786,2.9,0.013636842100000046
2019-06-24,12274.5703125,89756300,0.13559173917303152,-0.3289,-0.3152631579,105.2759,105.6976,101.5786,2.9,0.013636842100000046
2019-06-25,12228.4404296875,73907200,0.13601147249162002,-0.3289,-0.3152631579,105.2759,105.6976,101.5786,2.9,0.013636842100000046
2019-06-26,12245.3203125,87524700,0.1352059181525866,-0.3289,-0.3152631579,105.2759,105.6976,101.5786,2.9,0.013636842100000046
2019-06-27,12271.0302734375,85035600,0.13432779072902445,-0.3289,-0.3152631579,105.2759,105.6976,101.5786,2.9,0.013636842100000046
2019-06-28,12398.7998046875,99449300,0.12339969452607617,-0.3289,-0.3152631579,105.2759,105.6976,101.5786,2.9,0.013636842100000046
2019-07-01,12521.3798828125,93740000,0.12579571992081562,-0.3648696,-0.3882608696,105.2759,106.3025,101.192,2.9,-0.023391269599999986
2019-07-02,12526.7197265625,68934500,0.10964962630453373,-0.3648696,-0.3882608696,105.2759,106.3025,101.192,2.9,-0.023391269599999986
2019-07-03,12616.240234375,70392700,0.11020399116063816,-0.3648696,-0.3882608696,105.2759,106.3025,101.192,2.9,-0.023391269599999986
2019-07-04,12629.900390625,54651300,0.10152006837721199,-0.3648696,-0.3882608696,105.2759,106.3025,101.192,2.9,-0.023391269599999986
2019-07-05,12568.5302734375,79900200,0.10461226786006048,-0.3648696,-0.3882608696,105.2759,106.3025,101.192,2.9,-0.023391269599999986
2019-07-08,12543.509765625,91084400,0.10444082535466764,-0.3648696,-0.3882608696,105.2759,106.3025,101.192,2.9,-0.023391269599999986
2019-07-09,12436.5498046875,105796900,0.10892478336352415,-0.3648696,-0.3882608696,105.2759,106.3025,101.192,2.9,-0.023391269599999986
2019-07-10,12373.41015625,80443400,0.10753289574062999,-0.3648696,-0.3882608696,105.2759,106.3025,101.192,2.9,-0.023391269599999986
2019-07-11,12332.1201171875,78192200,0.10755040409744326,-0.3648696,-0.3882608696,105.2759,106.3025,101.192,2.9,-0.023391269599999986
2019-07-12,12323.3203125,78381800,0.1068873164841063,-0.3648696,-0.3882608696,105.2759,106.3025,101.192,2.9,-0.023391269599999986
2019-07-15,12387.33984375,70764100,0.1051960321988696,-0.3648696,-0.3882608696,105.2759,106.3025,101.192,2.9,-0.023391269599999986
2019-07-16,12430.9697265625,75136100,0.10523071788109503,-0.3648696,-0.3882608696,105.2759,106.3025,101.192,2.9,-0.023391269599999986
2019-07-17,12341.0302734375,72857800,0.08370453980576499,-0.3648696,-0.3882608696,105.2759,106.3025,101.192,2.9,-0.023391269599999986
2019-07-18,12227.849609375,73275500,0.08943537630580102,-0.3648696,-0.3882608696,105.2759,106.3025,101.192,2.9,-0.023391269599999986
2019-07-19,12260.0703125,77803200,0.0888477667332351,-0.3648696,-0.3882608696,105.2759,106.3025,101.192,2.9,-0.023391269599999986
2019-07-22,12289.400390625,58508700,0.08927940028792472,-0.3648696,-0.3882608696,105.2759,106.3025,101.192,2.9,-0.023391269599999986
2019-07-23,12490.740234375,94402100,0.10399953004252593,-0.3648696,-0.3882608696,105.2759,106.3025,101.192,2.9,-0.023391269599999986
2019-07-24,12522.8896484375,93206200,0.1027686609946491,-0.3648696,-0.3882608696,105.2759,106.3025,101.192,2.9,-0.023391269599999986
2019-07-25,12362.099609375,115937000,0.11360743563748896,-0.3648696,-0.3882608696,105.2759,106.3025,101.192,2.9,-0.023391269599999986
2019-07-26,12419.900390625,71108800,0.11441875957164192,-0.3648696,-0.3882608696,105.2759,106.3025,101.192,2.9,-0.023391269599999986
2019-07-29,12417.4697265625,64309600,0.10871398836519569,-0.3648696,-0.3882608696,105.2759,106.3025,101.192,2.9,-0.023391269599999986
2019-07-30,12147.240234375,114710200,0.12660305608094766,-0.3648696,-0.3882608696,105.2759,106.3025,101.192,2.9,-0.023391269599999986
2019-07-31,12189.0400390625,91199000,0.12758189606111198,-0.3648696,-0.3882608696,105.2759,106.3025,101.192,2.9,-0.023391269599999986
2019-08-01,12253.150390625,87758900,0.12617338615178475,-0.4076818,-0.6490909091,105.2759,106.1573,101.5786,2.9,-0.24140910910000002
2019-08-02,11872.4404296875,138678400,0.16231706934317455,-0.4076818,-0.6490909091,105.2759,106.1573,101.5786,2.9,-0.24140910910000002
2019-08-05,11658.509765625,113784300,0.17052245422299425,-0.4076818,-0.6490909091,105.2759,106.1573,101.5786,2.9,-0.24140910910000002
2019-08-06,11567.9599609375,86220300,0.17104409892653996,-0.4076818,-0.6490909091,105.2759,106.1573,101.5786,2.9,-0.24140910910000002
2019-08-07,11650.150390625,108829300,0.17413565865150335,-0.4076818,-0.6490909091,105.2759,106.1573,101.5786,2.9,-0.24140910910000002
2019-08-08,11845.41015625,101153300,0.18689297336994148,-0.4076818,-0.6490909091,105.2759,106.1573,101.5786,2.9,-0.24140910910000002
2019-08-09,11693.7998046875,107173100,0.1905787393858164,-0.4076818,-0.6490909091,105.2759,106.1573,101.5786,2.9,-0.24140910910000002
2019-08-12,11679.6796875,76120900,0.1905294310608271,-0.4076818,-0.6490909091,105.2759,106.1573,101.5786,2.9,-0.24140910910000002
2019-08-13,11750.1298828125,116609400,0.19097583761959902,-0.4076818,-0.6490909091,105.2759,106.1573,101.5786,2.9,-0.24140910910000002
2019-08-14,11492.66015625,106028900,0.20102676278011106,-0.4076818,-0.6490909091,105.2759,106.1573,101.5786,2.9,-0.24140910910000002
2019-08-15,11412.669921875,116680900,0.20096727496004993,-0.4076818,-0.6490909091,105.2759,106.1573,101.5786,2.9,-0.24140910910000002
2019-08-16,11562.740234375,114055600,0.20797922898629356,-0.4076818,-0.6490909091,105.2759,106.1573,101.5786,2.9,-0.24140910910000002
2019-08-19,11715.3701171875,78455800,0.21443548963117065,-0.4076818,-0.6490909091,105.2759,106.1573,101.5786,2.9,-0.24140910910000002
2019-08-20,11651.1796875,68833300,0.21410301225452208,-0.4076818,-0.6490909091,105.2759,106.1573,101.5786,2.9,-0.24140910910000002
2019-08-21,11802.849609375,62803500,0.21066271147799262,-0.4076818,-0.6490909091,105.2759,106.1573,101.5786,2.9,-0.24140910910000002
2019-08-22,11747.0400390625,74446100,0.20991629912319196,-0.4076818,-0.6490909091,105.2759,106.1573,101.5786,2.9,-0.24140910910000002
2019-08-23,11611.509765625,90301100,0.20919101291902525,-0.4076818,-0.6490909091,105.2759,106.1573,101.5786,2.9,-0.24140910910000002
2019-08-26,11658.0400390625,54752500,0.20889883557573644,-0.4076818,-0.6490909091,105.2759,106.1573,101.5786,2.9,-0.24140910910000002
2019-08-27,11730.01953125,82363700,0.21110201477835303,-0.4076818,-0.6490909091,105.2759,106.1573,101.5786,2.9,-0.24140910910000002
2019-08-28,11701.01953125,59962600,0.19931373521704965,-0.4076818,-0.6490909091,105.2759,106.1573,101.5786,2.9,-0.24140910910000002
2019-08-29,11838.8798828125,72992700,0.20406482758019004,-0.4076818,-0.6490909091,105.2759,106.1573,101.5786,2.9,-0.24140910910000002
2019-08-30,11939.2802734375,77686500,0.20566965550139243,-0.4076818,-0.6490909091,105.2759,106.1573,101.5786,2.9,-0.24140910910000002
2019-09-02,11953.7802734375,46207600,0.17455322533150533,-0.4175714,-0.5947619048,105.2759,106.1705,100.6121,2.9,-0.17719050480000004
2019-09-03,11910.8603515625,66704200,0.16209893610793982,-0.4175714,-0.5947619048,105.2759,106.1705,100.6121,2.9,-0.17719050480000004
2019-09-04,12025.0400390625,63323800,0.16132356061425482,-0.4175714,-0.5947619048,105.2759,106.1705,100.6121,2.9,-0.17719050480000004
2019-09-05,12126.7802734375,89831600,0.16194225274654164,-0.4175714,-0.5947619048,105.2759,106.1705,100.6121,2.9,-0.17719050480000004
2019-09-06,12191.73046875,80411000,0.15340405559378653,-0.4175714,-0.5947619048,105.2759,106.1705,100.6121,2.9,-0.17719050480000004
2019-09-09,12226.099609375,74246100,0.14444543256390868,-0.4175714,-0.5947619048,105.2759,106.1705,100.6121,2.9,-0.17719050480000004
2019-09-10,12268.7099609375,107899800,0.1439803277402496,-0.4175714,-0.5947619048,105.2759,106.1705,100.6121,2.9,-0.17719050480000004
2019-09-11,12359.0703125,90579200,0.1444790385289481,-0.4175714,-0.5947619048,105.2759,106.1705,100.6121,2.9,-0.17719050480000004
2019-09-12,12410.25,111214300,0.11413035742913527,-0.4175714,-0.5947619048,105.2759,106.1705,100.6121,2.9,-0.17719050480000004
2019-09-13,12468.5302734375,90990500,0.10736892326184969,-0.4175714,-0.5947619048,105.2759,106.1705,100.6121,2.9,-0.17719050480000004
2019-09-16,12380.3095703125,80505200,0.10907753311137912,-0.4175714,-0.5947619048,105.2759,106.1705,100.6121,2.9,-0.17719050480000004
2019-09-17,12372.6103515625,77784600,0.10361236425457916,-0.4175714,-0.5947619048,105.2759,106.1705,100.6121,2.9,-0.17719050480000004
2019-09-18,12389.6201171875,70537600,0.09949805283437355,-0.4175714,-0.5947619048,105.2759,106.1705,100.6121,2.9,-0.17719050480000004
2019-09-19,12457.7001953125,81542000,0.09311438612506077,-0.4175714,-0.5947619048,105.2759,106.1705,100.6121,2.9,-0.17719050480000004
2019-09-20,12468.009765625,192994000,0.08953157575006879,-0.4175714,-0.5947619048,105.2759,106.1705,100.6121,2.9,-0.17719050480000004
2019-09-23,12342.330078125,80383600,0.08667666570200341,-0.4175714,-0.5947619048,105.2759,106.1705,100.6121,2.9,-0.17719050480000004
2019-09-24,12307.150390625,60350800,0.08882642797533896,-0.4175714,-0.5947619048,105.2759,106.1705,100.6121,2.9,-0.17719050480000004
2019-09-25,12234.1796875,72631600,0.0925061972618194,-0.4175714,-0.5947619048,105.2759,106.1705,100.6121,2.9,-0.17719050480000004
2019-09-26,12288.5400390625,78923300,0.09136768650723198,-0.4175714,-0.5947619048,105.2759,106.1705,100.6121,2.9,-0.17719050480000004
2019-09-27,12380.9404296875,66140900,0.08690845275179243,-0.4175714,-0.5947619048,105.2759,106.1705,100.6121,2.9,-0.17719050480000004
2019-09-30,12428.080078125,70129900,0.08407999215658377,-0.4175714,-0.5947619048,105.2759,106.1705,100.6121,2.9,-0.17719050480000004
2019-10-01,12263.830078125,78839200,0.09913136050612667,-0.4128696,-0.4695454545,105.2759,106.3517,100.0322,2.9,-0.05667585450000001
2019-10-02,11925.25,95636000,0.1402567929546444,-0.4128696,-0.4695454545,105.2759,106.3517,100.0322,2.9,-0.05667585450000001
2019-10-04,12012.8095703125,88134300,0.13854860231477809,-0.4128696,-0.4695454545,105.2759,106.3517,100.0322,2.9,-0.05667585450000001
2019-10-07,12097.4296875,65614000,0.1375403655860354,-0.4128696,-0.4695454545,105.2759,106.3517,100.0322,2.9,-0.05667585450000001
2019-10-08,11970.2001953125,80877600,0.1405940877334171,-0.4128696,-0.4695454545,105.2759,106.3517,100.0322,2.9,-0.05667585450000001
2019-10-09,12094.259765625,68812700,0.14541183412497627,-0.4128696,-0.4695454545,105.2759,106.3517,100.0322,2.9,-0.05667585450000001
2019-10-10,12164.2001953125,88437900,0.14641487135420025,-0.4128696,-0.4695454545,105.2759,106.3517,100.0322,2.9,-0.05667585450000001
2019-10-11,12511.650390625,100870000,0.17595410873502865,-0.4128696,-0.4695454545,105.2759,106.3517,100.0322,2.9,-0.05667585450000001
2019-10-14,12486.5595703125,59086900,0.17570253196341537,-0.4128696,-0.4695454545,105.2759,106.3517,100.0322,2.9,-0.05667585450000001
2019-10-15,12629.7900390625,94185500,0.17934338171457584,-0.4128696,-0.4695454545,105.2759,106.3517,100.0322,2.9,-0.05667585450000001
2019-10-16,12670.1103515625,99475900,0.17726901430381936,-0.4128696,-0.4695454545,105.2759,106.3517,100.0322,2.9,-0.05667585450000001
2019-10-17,12654.9501953125,99302200,0.17735302745779874,-0.4128696,-0.4695454545,105.2759,106.3517,100.0322,2.9,-0.05667585450000001
2019-10-18,12633.599609375,88676100,0.17761773725532634,-0.4128696,-0.4695454545,105.2759,106.3517,100.0322,2.9,-0.05667585450000001
2019-10-21,12747.9599609375,80978200,0.1791754433986862,-0.4128696,-0.4695454545,105.2759,106.3517,100.0322,2.9,-0.05667585450000001
2019-10-22,12754.6904296875,79430700,0.17918541263439144,-0.4128696,-0.4695454545,105.2759,106.3517,100.0322,2.9,-0.05667585450000001
2019-10-23,12798.1904296875,76218700,0.17457269570466002,-0.4128696,-0.4695454545,105.2759,106.3517,100.0322,2.9,-0.05667585450000001
2019-10-24,12872.099609375,84318900,0.17424288522215406,-0.4128696,-0.4695454545,105.2759,106.3517,100.0322,2.9,-0.05667585450000001
2019-10-25,12894.509765625,59800700,0.17174365471651115,-0.4128696,-0.4695454545,105.2759,106.3517,100.0322,2.9,-0.05667585450000001
2019-10-28,12941.7099609375,69024100,0.17165700563197062,-0.4128696,-0.4695454545,105.2759,106.3517,100.0322,2.9,-0.05667585450000001
2019-10-29,12939.6201171875,76948300,0.17090167110505536,-0.4128696,-0.4695454545,105.2759,106.3517,100.0322,2.9,-0.05667585450000001
2019-10-30,12910.23046875,100397400,0.1714593436548014,-0.4128696,-0.4695454545,105.2759,106.3517,100.0322,2.9,-0.05667585450000001
2019-10-31,12866.7900390625,100660900,0.16376144802296194,-0.4128696,-0.4695454545,105.2759,106.3517,100.0322,2.9,-0.05667585450000001
2019-11-01,12961.0498046875,65905400,0.12287838874636357,-0.4012857,-0.3523809524,105.2759,105.2961,100.3222,3.0,0.04890474760000002
2019-11-04,13136.2802734375,84782400,0.12679497803461992,-0.4012857,-0.3523809524,105.2759,105.2961,100.3222,3.0,0.04890474760000002
2019-11-05,13148.5,83190400,0.12689442289912636,-0.4012857,-0.3523809524,105.2759,105.2961,100.3222,3.0,0.04890474760000002
2019-11-06,13179.8896484375,80045600,0.11566293599830632,-0.4012857,-0.3523809524,105.2759,105.2961,100.3222,3.0,0.04890474760000002
2019-11-07,13289.4599609375,117100600,0.11459295157850638,-0.4012857,-0.3523809524,105.2759,105.2961,100.3222,3.0,0.04890474760000002
2019-11-08,13228.5595703125,95599200,0.11870788841290571,-0.4012857,-0.3523809524,105.2759,105.2961,100.3222,3.0,0.04890474760000002
2019-11-11,13198.3701171875,72597200,0.08023649606456047,-0.4012857,-0.3523809524,105.2759,105.2961,100.3222,3.0,0.04890474760000002
2019-11-12,13283.509765625,82741400,0.07951828447792567,-0.4012857,-0.3523809524,105.2759,105.2961,100.3222,3.0,0.04890474760000002
2019-11-13,13230.0703125,77193800,0.07669307579484774,-0.4012857,-0.3523809524,105.2759,105.2961,100.3222,3.0,0.04890474760000002
2019-11-14,13180.23046875,81582700,0.07933050102878522,-0.4012857,-0.3523809524,105.2759,105.2961,100.3222,3.0,0.04890474760000002
2019-11-15,13241.75,81039800,0.07905306453594385,-0.4012857,-0.3523809524,105.2759,105.2961,100.3222,3.0,0.04890474760000002
2019-11-18,13207.009765625,69775200,0.07969307591821026,-0.4012857,-0.3523809524,105.2759,105.2961,100.3222,3.0,0.04890474760000002
2019-11-19,13221.1201171875,68664200,0.07564911809098752,-0.4012857,-0.3523809524,105.2759,105.2961,100.3222,3.0,0.04890474760000002
2019-11-20,13158.1396484375,68735300,0.07887618666110154,-0.4012857,-0.3523809524,105.2759,105.2961,100.3222,3.0,0.04890474760000002
2019-11-21,13137.7001953125,74515800,0.0792314102494651,-0.4012857,-0.3523809524,105.2759,105.2961,100.3222,3.0,0.04890474760000002
2019-11-22,13163.8798828125,74716200,0.07758148579835354,-0.4012857,-0.3523809524,105.2759,105.2961,100.3222,3.0,0.04890474760000002
2019-11-25,13246.4501953125,54920200,0.07962955659504825,-0.4012857,-0.3523809524,105.2759,105.2961,100.3222,3.0,0.04890474760000002
2019-11-26,13236.419921875,89580100,0.0794463571386541,-0.4012857,-0.3523809524,105.2759,105.2961,100.3222,3.0,0.04890474760000002
2019-11-27,13287.0703125,67304300,0.07985826111839953,-0.4012857,-0.3523809524,105.2759,105.2961,100.3222,3.0,0.04890474760000002
2019-11-28,13245.580078125,36771000,0.08038724095403281,-0.4012857,-0.3523809524,105.2759,105.2961,100.3222,3.0,0.04890474760000002
2019-11-29,13236.3798828125,71753700,0.07898236750207133,-0.4012857,-0.3523809524,105.2759,105.2961,100.3222,3.0,0.04890474760000002
2019-12-02,12964.6796875,105692200,0.10658772173236099,-0.3947,-0.2994444444,105.2759,105.8785,98.00258,3.1,0.09525555559999999
2019-12-03,12989.2900390625,87003100,0.09503917733372323,-0.3947,-0.2994444444,105.2759,105.8785,98.00258,3.1,0.09525555559999999
2019-12-04,13140.5703125,68441900,0.10393147651604381,-0.3947,-0.2994444444,105.2759,105.8785,98.00258,3.1,0.09525555559999999
2019-12-05,13054.7998046875,54216400,0.10591138543411023,-0.3947,-0.2994444444,105.2759,105.8785,98.00258,3.1,0.09525555559999999
2019-12-06,13166.580078125,60141700,0.10617359778725546,-0.3947,-0.2994444444,105.2759,105.8785,98.00258,3.1,0.09525555559999999
2019-12-09,13105.6103515625,50345100,0.1061974490960299,-0.3947,-0.2994444444,105.2759,105.8785,98.00258,3.1,0.09525555559999999
2019-12-10,13070.7197265625,80064000,0.10628941474426687,-0.3947,-0.2994444444,105.2759,105.8785,98.00258,3.1,0.09525555559999999
2019-12-11,13146.740234375,69220500,0.10579245413129239,-0.3947,-0.2994444444,105.2759,105.8785,98.00258,3.1,0.09525555559999999
2019-12-12,13221.6396484375,83998800,0.10703217152668691,-0.3947,-0.2994444444,105.2759,105.8785,98.00258,3.1,0.09525555559999999
2019-12-13,13282.7197265625,106137100,0.10726412518346555,-0.3947,-0.2994444444,105.2759,105.8785,98.00258,3.1,0.09525555559999999
2019-12-16,13407.66015625,71200800,0.11084116983377944,-0.3947,-0.2994444444,105.2759,105.8785,98.00258,3.1,0.09525555559999999
2019-12-17,13287.830078125,79260500,0.11523740195702498,-0.3947,-0.2994444444,105.2759,105.8785,98.00258,3.1,0.09525555559999999
2019-12-18,13222.16015625,71001000,0.11661550092473974,-0.3947,-0.2994444444,105.2759,105.8785,98.00258,3.1,0.09525555559999999
2019-12-19,13211.9599609375,84018200,0.11536125030928748,-0.3947,-0.2994444444,105.2759,105.8785,98.00258,3.1,0.09525555559999999
2019-12-20,13318.900390625,170723200,0.11829655073436811,-0.3947,-0.2994444444,105.2759,105.8785,98.00258,3.1,0.09525555559999999
2019-12-23,13300.98046875,56215400,0.11839462360690367,-0.3947,-0.2994444444,105.2759,105.8785,98.00258,3.1,0.09525555559999999
2019-12-27,13337.1103515625,43758600,0.11684836413371551,-0.3947,-0.2994444444,105.2759,105.8785,98.00258,3.1,0.09525555559999999
2019-12-30,13249.009765625,31427400,0.11927819559951122,-0.3947,-0.2994444444,105.2759,105.8785,98.00258,3.1,0.09525555559999999
2020-01-02,13385.9296875,75341400,0.12389993190051501,-0.3911364,-0.3136363636,105.4284,104.8392,100.9987,3.2,0.07750003639999997
2020-01-03,13219.1396484375,80793400,0.13123317272697332,-0.3911364,-0.3136363636,105.4284,104.8392,100.9987,3.2,0.07750003639999997
2020-01-06,13126.990234375,71778600,0.1333972504443967,-0.3911364,-0.3136363636,105.4284,104.8392,100.9987,3.2,0.07750003639999997
2020-01-07,13226.830078125,78282300,0.11400011155983042,-0.3911364,-0.3136363636,105.4284,104.8392,100.9987,3.2,0.07750003639999997
2020-01-08,13320.1796875,88178800,0.1159097152508853,-0.3911364,-0.3136363636,105.4284,104.8392,100.9987,3.2,0.07750003639999997
2020-01-09,13495.0595703125,86965600,0.11768935526862478,-0.3911364,-0.3136363636,105.4284,104.8392,100.9987,3.2,0.07750003639999997
2020-01-10,13483.3095703125,77941000,0.1145417096963006,-0.3911364,-0.3136363636,105.4284,104.8392,100.9987,3.2,0.07750003639999997
2020-01-13,13451.51953125,67208300,0.11236057943667054,-0.3911364,-0.3136363636,105.4284,104.8392,100.9987,3.2,0.07750003639999997
2020-01-14,13456.490234375,74555400,0.11049843246125671,-0.3911364,-0.3136363636,105.4284,104.8392,100.9987,3.2,0.07750003639999997
2020-01-15,13432.2998046875,72046400,0.11014961383857513,-0.3911364,-0.3136363636,105.4284,104.8392,100.9987,3.2,0.07750003639999997
2020-01-16,13429.4296875,39611800,0.10902538680044989,-0.3911364,-0.3136363636,105.4284,104.8392,100.9987,3.2,0.07750003639999997
2020-01-17,13526.1298828125,86342800,0.10995568714257706,-0.3911364,-0.3136363636,105.4284,104.8392,100.9987,3.2,0.07750003639999997
2020-01-20,13548.9404296875,52882400,0.1092423672464583,-0.3911364,-0.3136363636,105.4284,104.8392,100.9987,3.2,0.07750003639999997
2020-01-21,13555.8701171875,64630900,0.10484212684046937,-0.3911364,-0.3136363636,105.4284,104.8392,100.9987,3.2,0.07750003639999997
2020-01-22,13515.75,73130700,0.09996164739074748,-0.3911364,-0.3136363636,105.4284,104.8392,100.9987,3.2,0.07750003639999997
2020-01-23,13388.419921875,90749900,0.10432833818202981,-0.3911364,-0.3136363636,105.4284,104.8392,100.9987,3.2,0.07750003639999997
2020-01-24,13576.6796875,87986400,0.1140439886829776,-0.3911364,-0.3136363636,105.4284,104.8392,100.9987,3.2,0.07750003639999997
2020-01-27,13204.76953125,101409200,0.14853349567319507,-0.3911364,-0.3136363636,105.4284,104.8392,100.9987,3.2,0.07750003639999997
2020-01-28,13323.6904296875,91825300,0.1519637346333414,-0.3911364,-0.3136363636,105.4284,104.8392,100.9987,3.2,0.07750003639999997
2020-01-29,13345.0,67876800,0.15177289831502294,-0.3911364,-0.3136363636,105.4284,104.8392,100.9987,3.2,0.07750003639999997
2020-01-30,13157.1201171875,100706100,0.1579958515952592,-0.3911364,-0.3136363636,105.4284,104.8392,100.9987,3.2,0.07750003639999997
2020-01-31,12981.9697265625,106903800,0.1592019497404648,-0.3911364,-0.3136363636,105.4284,104.8392,100.9987,3.2,0.07750003639999997
2020-02-03,13045.1904296875,81389100,0.15531715793670486,-0.40885,-0.466,105.4284,105.1086,101.5786,3.3,-0.057150000000000034
2020-02-04,13281.740234375,80887400,0.1662705707395947,-0.40885,-0.466,105.4284,105.1086,101.5786,3.3,-0.057150000000000034
2020-02-05,13478.330078125,108453900,0.17185950311906636,-0.40885,-0.466,105.4284,105.1086,101.5786,3.3,-0.057150000000000034
2020-02-06,13574.8203125,114567900,0.1719052000881224,-0.40885,-0.466,105.4284,105.1086,101.5786,3.3,-0.057150000000000034
2020-02-07,13513.8095703125,87036900,0.16695288550566703,-0.40885,-0.466,105.4284,105.1086,101.5786,3.3,-0.057150000000000034
2020-02-10,13494.0302734375,60456500,0.16700980024315548,-0.40885,-0.466,105.4284,105.1086,101.5786,3.3,-0.057150000000000034
2020-02-11,13627.83984375,104753500,0.17012564845930928,-0.40885,-0.466,105.4284,105.1086,101.5786,3.3,-0.057150000000000034
2020-02-12,13749.7802734375,86733300,0.17251001949704495,-0.40885,-0.466,105.4284,105.1086,101.5786,3.3,-0.057150000000000034
2020-02-13,13745.4296875,92087000,0.17227442998973633,-0.40885,-0.466,105.4284,105.1086,101.5786,3.3,-0.057150000000000034
2020-02-14,13744.2099609375,66314900,0.1722624732661355,-0.40885,-0.466,105.4284,105.1086,101.5786,3.3,-0.057150000000000034
2020-02-17,13783.8896484375,57400100,0.17100011205798446,-0.40885,-0.466,105.4284,105.1086,101.5786,3.3,-0.057150000000000034
2020-02-18,13681.1904296875,82088700,0.17341978314799295,-0.40885,-0.466,105.4284,105.1086,101.5786,3.3,-0.057150000000000034
2020-02-19,13789.0,90192900,0.17528392704329226,-0.40885,-0.466,105.4284,105.1086,101.5786,3.3,-0.057150000000000034
2020-02-20,13664.0,86435200,0.17821647998315654,-0.40885,-0.466,105.4284,105.1086,101.5786,3.3,-0.057150000000000034
2020-02-21,13579.330078125,108765400,0.17627615920385406,-0.40885,-0.466,105.4284,105.1086,101.5786,3.3,-0.057150000000000034
2020-02-24,13035.240234375,165148900,0.2192088430296029,-0.40885,-0.466,105.4284,105.1086,101.5786,3.3,-0.057150000000000034
2020-02-25,12790.490234375,129552500,0.2083157934438203,-0.40885,-0.466,105.4284,105.1086,101.5786,3.3,-0.057150000000000034
2020-02-26,12774.8798828125,163618900,0.2048415256083935,-0.40885,-0.466,105.4284,105.1086,101.5786,3.3,-0.057150000000000034
2020-02-27,12367.4599609375,191240900,0.22901824564027973,-0.40885,-0.466,105.4284,105.1086,101.5786,3.3,-0.057150000000000034
2020-02-28,11890.349609375,274623700,0.2572417214523067,-0.40885,-0.466,105.4284,105.1086,101.5786,3.3,-0.057150000000000034
2020-03-02,11857.8701171875,207214100,0.25537360395399566,-0.4166364,-0.5413636364,105.4284,105.5965,91.23711,3.4,-0.12472723639999994
2020-03-03,11985.3896484375,195936600,0.2587910936798444,-0.4166364,-0.5413636364,105.4284,105.5965,91.23711,3.4,-0.12472723639999994
2020-03-04,12127.6904296875,147845700,0.25291796017100765,-0.4166364,-0.5413636364,105.4284,105.5965,91.23711,3.4,-0.12472723639999994
2020-03-05,11944.7197265625,148086000,0.2457201379929845,-0.4166364,-0.5413636364,105.4284,105.5965,91.23711,3.4,-0.12472723639999994
2020-03-06,11541.8701171875,195038500,0.2593679249492829,-0.4166364,-0.5413636364,105.4284,105.5965,91.23711,3.4,-0.12472723639999994
2020-03-09,10625.01953125,305324300,0.3589797748965015,-0.4166364,-0.5413636364,105.4284,105.5965,91.23711,3.4,-0.12472723639999994
2020-03-10,10475.490234375,267400800,0.3573531261313804,-0.4166364,-0.5413636364,105.4284,105.5965,91.23711,3.4,-0.12472723639999994
2020-03-11,10438.6796875,216708900,0.3500540382086924,-0.4166364,-0.5413636364,105.4284,105.5965,91.23711,3.4,-0.12472723639999994
2020-03-12,9161.1298828125,390477000,0.5088714654758658,-0.4166364,-0.5413636364,105.4284,105.5965,91.23711,3.4,-0.12472723639999994
2020-03-13,9232.080078125,325900900,0.5132738086962046,-0.4166364,-0.5413636364,105.4284,105.5965,91.23711,3.4,-0.12472723639999994
2020-03-16,8742.25,302202400,0.5223816136857111,-0.4166364,-0.5413636364,105.4284,105.5965,91.23711,3.4,-0.12472723639999994
2020-03-17,8939.099609375,220092600,0.5377806366424414,-0.4166364,-0.5413636364,105.4284,105.5965,91.23711,3.4,-0.12472723639999994
2020-03-18,8441.7099609375,207558900,0.5495813627688715,-0.4166364,-0.5413636364,105.4284,105.5965,91.23711,3.4,-0.12472723639999994
2020-03-19,8610.4296875,205539300,0.5594221891801165,-0.4166364,-0.5413636364,105.4284,105.5965,91.23711,3.4,-0.12472723639999994
2020-03-20,8928.9501953125,286466000,0.5940544841540127,-0.4166364,-0.5413636364,105.4284,105.5965,91.23711,3.4,-0.12472723639999994
2020-03-23,8741.150390625,197208600,0.5921329172932328,-0.4166364,-0.5413636364,105.4284,105.5965,91.23711,3.4,-0.12472723639999994
2020-03-24,9700.5703125,203840700,0.7378842490150898,-0.4166364,-0.5413636364,105.4284,105.5965,91.23711,3.4,-0.12472723639999994
2020-03-25,9874.259765625,204692500,0.7451276646420044,-0.4166364,-0.5413636364,105.4284,105.5965,91.23711,3.4,-0.12472723639999994
2020-03-26,10000.9599609375,160450300,0.7490744505122748,-0.4166364,-0.5413636364,105.4284,105.5965,91.23711,3.4,-0.12472723639999994
2020-03-27,9632.51953125,156138300,0.7510473521120986,-0.4166364,-0.5413636364,105.4284,105.5965,91.23711,3.4,-0.12472723639999994
2020-03-30,9815.9697265625,131120200,0.7506713867304253,-0.4166364,-0.5413636364,105.4284,105.5965,91.23711,3.4,-0.12472723639999994
2020-03-31,9935.83984375,151505700,0.7537726823178797,-0.4166364,-0.5413636364,105.4284,105.5965,91.23711,3.4,-0.12472723639999994
2020-04-01,9544.75,132862200,0.7586295989058639,-0.25405,-0.4495,105.4284,105.9012,71.71392,3.5,-0.19545
2020-04-02,9570.8203125,144225800,0.7560135620955778,-0.25405,-0.4495,105.4284,105.9012,71.71392,3.5,-0.19545
2020-04-03,9525.76953125,116245300,0.7560086643925652,-0.25405,-0.4495,105.4284,105.9012,71.71392,3.5,-0.19545
2020-04-06,10075.169921875,126692200,0.7850345159754293,-0.25405,-0.4495,105.4284,105.9012,71.71392,3.5,-0.19545
2020-04-07,10356.7001953125,149513100,0.7442771822572064,-0.25405,-0.4495,105.4284,105.9012,71.71392,3.5,-0.19545
2020-04-08,10332.8896484375,102430700,0.7426187752404495,-0.25405,-0.4495,105.4284,105.9012,71.71392,3.5,-0.19545
2020-04-09,10564.740234375,134477100,0.7463255980777073,-0.25405,-0.4495,105.4284,105.9012,71.71392,3.5,-0.19545
2020-04-14,10696.5595703125,106043700,0.594766575363661,-0.25405,-0.4495,105.4284,105.9012,71.71392,3.5,-0.19545
2020-04-15,10279.759765625,133088500,0.6166879771394775,-0.25405,-0.4495,105.4284,105.9012,71.71392,3.5,-0.19545
2020-04-16,10301.5400390625,106131500,0.5787451268029987,-0.25405,-0.4495,105.4284,105.9012,71.71392,3.5,-0.19545
2020-04-17,10625.7802734375,143341400,0.5823064001556175,-0.25405,-0.4495,105.4284,105.9012,71.71392,3.5,-0.19545
2020-04-20,10675.900390625,103611100,0.5335160281973522,-0.25405,-0.4495,105.4284,105.9012,71.71392,3.5,-0.19545
2020-04-21,10249.849609375,121194400,0.561498598639359,-0.25405,-0.4495,105.4284,105.9012,71.71392,3.5,-0.19545
2020-04-22,10415.0302734375,92389500,0.5529367945669414,-0.25405,-0.4495,105.4284,105.9012,71.71392,3.5,-0.19545
2020-04-23,10513.7900390625,97907700,0.5428156123023886,-0.25405,-0.4495,105.4284,105.9012,71.71392,3.5,-0.19545
2020-04-24,10336.08984375,120035000,0.4083485739406717,-0.25405,-0.4495,105.4284,105.9012,71.71392,3.5,-0.19545
2020-04-27,10659.990234375,122476600,0.4169446057185201,-0.25405,-0.4495,105.4284,105.9012,71.71392,3.5,-0.19545
2020-04-28,10795.6298828125,146549900,0.4169161061808953,-0.25405,-0.4495,105.4284,105.9012,71.71392,3.5,-0.19545
2020-04-29,11107.740234375,145350700,0.3975760574332556,-0.25405,-0.4495,105.4284,105.9012,71.71392,3.5,-0.19545
2020-04-30,10861.6396484375,162733400,0.4074833222229766,-0.25405,-0.4495,105.4284,105.9012,71.71392,3.5,-0.19545
2020-05-04,10466.7998046875,140425100,0.43092473613591115,-0.27195,-0.5165,105.4284,106.0207,79.73582,3.7,-0.24454999999999993
2020-05-05,10729.4599609375,103766700,0.40867439587814236,-0.27195,-0.5165,105.4284,106.0207,79.73582,3.7,-0.24454999999999993
2020-05-06,10606.2001953125,94905700,0.413010067143444,-0.27195,-0.5165,105.4284,106.0207,79.73582,3.7,-0.24454999999999993
2020-05-07,10759.26953125,102151600,0.41253186003178705,-0.27195,-0.5165,105.4284,106.0207,79.73582,3.7,-0.24454999999999993
2020-05-08,10904.48046875,81795700,0.3690875948577037,-0.27195,-0.5165,105.4284,106.0207,79.73582,3.7,-0.24454999999999993
2020-05-11,10824.990234375,88080900,0.36040658220358185,-0.27195,-0.5165,105.4284,106.0207,79.73582,3.7,-0.24454999999999993
2020-05-12,10819.5,88857600,0.3601683927473875,-0.27195,-0.5165,105.4284,106.0207,79.73582,3.7,-0.24454999999999993
2020-05-13,10542.66015625,108739000,0.3649610274253406,-0.27195,-0.5165,105.4284,106.0207,79.73582,3.7,-0.24454999999999993
2020-05-14,10337.01953125,133623600,0.3681560842836997,-0.27195,-0.5165,105.4284,106.0207,79.73582,3.7,-0.24454999999999993
2020-05-15,10465.169921875,116082600,0.3442876512176518,-0.27195,-0.5165,105.4284,106.0207,79.73582,3.7,-0.24454999999999993
2020-05-18,11058.8701171875,118984900,0.39466244908371806,-0.27195,-0.5165,105.4284,106.0207,79.73582,3.7,-0.24454999999999993
2020-05-19,11075.2900390625,125543400,0.3815010772780373,-0.27195,-0.5165,105.4284,106.0207,79.73582,3.7,-0.24454999999999993
2020-05-20,11223.7099609375,98827200,0.3833902963241345,-0.27195,-0.5165,105.4284,106.0207,79.73582,3.7,-0.24454999999999993
2020-05-21,11065.9296875,73570300,0.3567572403553295,-0.27195,-0.5165,105.4284,106.0207,79.73582,3.7,-0.24454999999999993
2020-05-22,11073.8701171875,86150600,0.35408813967595365,-0.27195,-0.5165,105.4284,106.0207,79.73582,3.7,-0.24454999999999993
2020-05-25,11391.2802734375,72133500,0.3644845391634454,-0.27195,-0.5165,105.4284,106.0207,79.73582,3.7,-0.24454999999999993
2020-05-26,11504.650390625,124580900,0.35680284677285373,-0.27195,-0.5165,105.4284,106.0207,79.73582,3.7,-0.24454999999999993
2020-05-27,11657.6904296875,168966900,0.34554601772342247,-0.27195,-0.5165,105.4284,106.0207,79.73582,3.7,-0.24454999999999993
2020-05-28,11781.1298828125,124127000,0.34498383303746794,-0.27195,-0.5165,105.4284,106.0207,79.73582,3.7,-0.24454999999999993
2020-05-29,11586.849609375,170600400,0.3401424527560011,-0.27195,-0.5165,105.4284,106.0207,79.73582,3.7,-0.24454999999999993
2020-06-02,12021.2802734375,143102700,0.3489092677730571,-0.376,-0.4342857143,105.4284,106.0267,89.01418,3.8,-0.05828571430000001
2020-06-03,12487.3603515625,152036900,0.33323135691020334,-0.376,-0.4342857143,105.4284,106.0267,89.01418,3.8,-0.05828571430000001
2020-06-04,12430.5595703125,138856600,0.3306081347365903,-0.376,-0.4342857143,105.4284,106.0267,89.01418,3.8,-0.05828571430000001
2020-06-05,12847.6796875,168928500,0.33525439381072075,-0.376,-0.4342857143,105.4284,106.0267,89.01418,3.8,-0.05828571430000001
2020-06-08,12819.58984375,140371700,0.3370374743102835,-0.376,-0.4342857143,105.4284,106.0267,89.01418,3.8,-0.05828571430000001
2020-06-09,12617.990234375,145984300,0.3467394073822835,-0.376,-0.4342857143,105.4284,106.0267,89.01418,3.8,-0.05828571430000001
2020-06-10,12530.16015625,112489400,0.3465680401185582,-0.376,-0.4342857143,105.4284,106.0267,89.01418,3.8,-0.05828571430000001
2020-06-11,11970.2900390625,133278800,0.39002706474047616,-0.376,-0.4342857143,105.4284,106.0267,89.01418,3.8,-0.05828571430000001
2020-06-12,11949.2802734375,118016300,0.3748345161362109,-0.376,-0.4342857143,105.4284,106.0267,89.01418,3.8,-0.05828571430000001
2020-06-15,11911.349609375,99879200,0.3648339657209174,-0.376,-0.4342857143,105.4284,106.0267,89.01418,3.8,-0.05828571430000001
2020-06-16,12315.66015625,122780400,0.376288142953196,-0.376,-0.4342857143,105.4284,106.0267,89.01418,3.8,-0.05828571430000001
2020-06-17,12382.1396484375,102040400,0.332022044476131,-0.376,-0.4342857143,105.4284,106.0267,89.01418,3.8,-0.05828571430000001
2020-06-18,12281.5302734375,154821700,0.3351783742380957,-0.376,-0.4342857143,105.4284,106.0267,89.01418,3.8,-0.05828571430000001
2020-06-19,12330.759765625,227975200,0.33384045396120593,-0.376,-0.4342857143,105.4284,106.0267,89.01418,3.8,-0.05828571430000001
2020-06-22,12262.9697265625,91977200,0.3290631406346461,-0.376,-0.4342857143,105.4284,106.0267,89.01418,3.8,-0.05828571430000001
2020-06-23,12523.759765625,113421700,0.333281606648296,-0.376,-0.4342857143,105.4284,106.0267,89.01418,3.8,-0.05828571430000001
2020-06-24,12093.9404296875,102775200,0.3504924388663862,-0.376,-0.4342857143,105.4284,106.0267,89.01418,3.8,-0.05828571430000001
2020-06-25,12177.8701171875,128245800,0.3499037205352404,-0.376,-0.4342857143,105.4284,106.0267,89.01418,3.8,-0.05828571430000001
2020-06-26,12089.3896484375,111965200,0.34948484305893013,-0.376,-0.4342857143,105.4284,106.0267,89.01418,3.8,-0.05828571430000001
2020-06-29,12232.1201171875,121308400,0.3498886894728864,-0.376,-0.4342857143,105.4284,106.0267,89.01418,3.8,-0.05828571430000001
2020-06-30,12310.9296875,124633200,0.3435619011667413,-0.376,-0.4342857143,105.4284,106.0267,89.01418,3.8,-0.05828571430000001
2020-07-01,12260.5703125,81131500,0.32055928172594134,-0.4441304,-0.5230434783,105.4284,105.4505,90.94717,3.8,-0.0789130783
2020-07-02,12608.4599609375,103857000,0.30691108704258374,-0.4441304,-0.5230434783,105.4284,105.4505,90.94717,3.8,-0.0789130783
2020-07-03,12528.1796875,54014400,0.30736264801487617,-0.4441304,-0.5230434783,105.4284,105.4505,90.94717,3.8,-0.0789130783
2020-07-06,12733.4501953125,78193500,0.2893587558428807,-0.4441304,-0.5230434783,105.4284,105.4505,90.94717,3.8,-0.0789130783
2020-07-07,12616.7998046875,78792300,0.29094628859990207,-0.4441304,-0.5230434783,105.4284,105.4505,90.94717,3.8,-0.0789130783
2020-07-08,12494.8095703125,74362600,0.2877167662685842,-0.4441304,-0.5230434783,105.4284,105.4505,90.94717,3.8,-0.0789130783
2020-07-09,12489.4599609375,76140500,0.2867021828411081,-0.4441304,-0.5230434783,105.4284,105.4505,90.94717,3.8,-0.0789130783
2020-07-10,12633.7099609375,72727400,0.23837866924605616,-0.4441304,-0.5230434783,105.4284,105.4505,90.94717,3.8,-0.0789130783
2020-07-13,12799.9697265625,72522700,0.24047304875666894,-0.4441304,-0.5230434783,105.4284,105.4505,90.94717,3.8,-0.0789130783
2020-07-14,12697.3603515625,76739200,0.24271284763501033,-0.4441304,-0.5230434783,105.4284,105.4505,90.94717,3.8,-0.0789130783
2020-07-15,12930.98046875,78620200,0.2230476328248689,-0.4441304,-0.5230434783,105.4284,105.4505,90.94717,3.8,-0.0789130783
2020-07-16,12874.9697265625,68007000,0.22395466165174321,-0.4441304,-0.5230434783,105.4284,105.4505,90.94717,3.8,-0.0789130783
2020-07-17,12919.6103515625,75182300,0.2209603543381766,-0.4441304,-0.5230434783,105.4284,105.4505,90.94717,3.8,-0.0789130783
2020-07-20,13046.919921875,59658600,0.22238404014611954,-0.4441304,-0.5230434783,105.4284,105.4505,90.94717,3.8,-0.0789130783
2020-07-21,13171.830078125,92171700,0.2214373134266602,-0.4441304,-0.5230434783,105.4284,105.4505,90.94717,3.8,-0.0789130783
2020-07-22,13104.25,68185200,0.21349468955955636,-0.4441304,-0.5230434783,105.4284,105.4505,90.94717,3.8,-0.0789130783
2020-07-23,13103.3896484375,64544500,0.1676175401243172,-0.4441304,-0.5230434783,105.4284,105.4505,90.94717,3.8,-0.0789130783
2020-07-24,12838.0595703125,63775500,0.18673029194038954,-0.4441304,-0.5230434783,105.4284,105.4505,90.94717,3.8,-0.0789130783
2020-07-27,12838.66015625,60602800,0.18356213363708562,-0.4441304,-0.5230434783,105.4284,105.4505,90.94717,3.8,-0.0789130783
2020-07-28,12835.2802734375,58126400,0.1809522030064745,-0.4441304,-0.5230434783,105.4284,105.4505,90.94717,3.8,-0.0789130783
2020-07-29,12822.259765625,70233500,0.1806739094781914,-0.4441304,-0.5230434783,105.4284,105.4505,90.94717,3.8,-0.0789130783
2020-07-30,12379.650390625,103737800,0.22005604342885154,-0.4441304,-0.5230434783,105.4284,105.4505,90.94717,3.8,-0.0789130783
2020-07-31,12313.3603515625,81406400,0.19603094475513516,-0.4441304,-0.5230434783,105.4284,105.4505,90.94717,3.8,-0.0789130783
2020-08-03,12646.98046875,73270900,0.21767833778294288,-0.4797143,-0.5233333333,105.4284,105.5193,90.85052,3.9,-0.0436190333
2020-08-04,12600.8701171875,65605800,0.2102386918851258,-0.4797143,-0.5233333333,105.4284,105.5193,90.85052,3.9,-0.0436190333
2020-08-05,12660.25,67957000,0.20845165642424165,-0.4797143,-0.5233333333,105.4284,105.5193,90.85052,3.9,-0.0436190333
2020-08-06,12591.6796875,67702900,0.20641352587756367,-0.4797143,-0.5233333333,105.4284,105.5193,90.85052,3.9,-0.0436190333
2020-08-07,12674.8798828125,57754800,0.2074731141099319,-0.4797143,-0.5233333333,105.4284,105.5193,90.85052,3.9,-0.0436190333
2020-08-10,12687.5302734375,49572900,0.2037607444743113,-0.4797143,-0.5233333333,105.4284,105.5193,90.85052,3.9,-0.0436190333
2020-08-11,12946.8896484375,77566500,0.21099320463995705,-0.4797143,-0.5233333333,105.4284,105.5193,90.85052,3.9,-0.0436190333
2020-08-12,13058.6298828125,62437900,0.21027896648218794,-0.4797143,-0.5233333333,105.4284,105.5193,90.85052,3.9,-0.0436190333
2020-08-13,12993.7099609375,60055500,0.20192135137275358,-0.4797143,-0.5233333333,105.4284,105.5193,90.85052,3.9,-0.0436190333
2020-08-14,12901.33984375,54988600,0.20295195717543693,-0.4797143,-0.5233333333,105.4284,105.5193,90.85052,3.9,-0.0436190333
2020-08-17,12920.66015625,44400800,0.20266393079707287,-0.4797143,-0.5233333333,105.4284,105.5193,90.85052,3.9,-0.0436190333
2020-08-18,12881.759765625,56723900,0.19972639473259793,-0.4797143,-0.5233333333,105.4284,105.5193,90.85052,3.9,-0.0436190333
2020-08-19,12977.330078125,52633400,0.198488386842865,-0.4797143,-0.5233333333,105.4284,105.5193,90.85052,3.9,-0.0436190333
2020-08-20,12830.0,54738500,0.20141351227279727,-0.4797143,-0.5233333333,105.4284,105.5193,90.85052,3.9,-0.0436190333
2020-08-21,12764.7998046875,71999900,0.20189137658112433,-0.4797143,-0.5233333333,105.4284,105.5193,90.85052,3.9,-0.0436190333
2020-08-24,13066.5400390625,64175000,0.20681194952597629,-0.4797143,-0.5233333333,105.4284,105.5193,90.85052,3.9,-0.0436190333
2020-08-25,13061.6201171875,55974200,0.20683970061642298,-0.4797143,-0.5233333333,105.4284,105.5193,90.85052,3.9,-0.0436190333
2020-08-26,13190.150390625,46701500,0.20907217314672008,-0.4797143,-0.5233333333,105.4284,105.5193,90.85052,3.9,-0.0436190333
2020-08-27,13096.3603515625,53031400,0.2110102509282978,-0.4797143,-0.5233333333,105.4284,105.5193,90.85052,3.9,-0.0436190333
2020-08-28,13033.2001953125,63768900,0.16869668178078503,-0.4797143,-0.5233333333,105.4284,105.5193,90.85052,3.9,-0.0436190333
2020-08-31,12945.3798828125,59561900,0.1695747262421002,-0.4797143,-0.5233333333,105.4284,105.5193,90.85052,3.9,-0.0436190333
2020-09-01,12974.25,63053900,0.1439677532039323,-0.4913636,-0.5240909091,105.4284,105.6086,93.1701,3.8,-0.03272730909999999
2020-09-02,13243.4296875,80774100,0.15765038218830668,-0.4913636,-0.5240909091,105.4284,105.6086,93.1701,3.8,-0.03272730909999999
2020-09-03,13057.76953125,81698500,0.16727496886739962,-0.4913636,-0.5240909091,105.4284,105.6086,93.1701,3.8,-0.03272730909999999
2020-09-04,12842.66015625,94282700,0.17715108827394577,-0.4913636,-0.5240909091,105.4284,105.6086,93.1701,3.8,-0.03272730909999999
2020-09-07,13100.2802734375,54819100,0.18829555126938843,-0.4913636,-0.5240909091,105.4284,105.6086,93.1701,3.8,-0.03272730909999999
2020-09-08,12968.330078125,72302300,0.19262630994827984,-0.4913636,-0.5240909091,105.4284,105.6086,93.1701,3.8,-0.03272730909999999
2020-09-09,13237.2099609375,73655700,0.19299717344046718,-0.4913636,-0.5240909091,105.4284,105.6086,93.1701,3.8,-0.03272730909999999
2020-09-10,13208.8896484375,56811700,0.1913196005740956,-0.4913636,-0.5240909091,105.4284,105.6086,93.1701,3.8,-0.03272730909999999
2020-09-11,13202.83984375,57027900,0.19029555888088934,-0.4913636,-0.5240909091,105.4284,105.6086,93.1701,3.8,-0.03272730909999999
2020-09-14,13193.66015625,49242800,0.18821035858002783,-0.4913636,-0.5240909091,105.4284,105.6086,93.1701,3.8,-0.03272730909999999
2020-09-15,13217.669921875,60478800,0.18822151099334705,-0.4913636,-0.5240909091,105.4284,105.6086,93.1701,3.8,-0.03272730909999999
2020-09-16,13255.3701171875,62417900,0.18768374894771955,-0.4913636,-0.5240909091,105.4284,105.6086,93.1701,3.8,-0.03272730909999999
2020-09-17,13208.1201171875,55914900,0.18712237707323448,-0.4913636,-0.5240909091,105.4284,105.6086,93.1701,3.8,-0.03272730909999999
2020-09-18,13116.25,185861100,0.18408812847456218,-0.4913636,-0.5240909091,105.4284,105.6086,93.1701,3.8,-0.03272730909999999
2020-09-21,12542.4404296875,119641700,0.24055632910285726,-0.4913636,-0.5240909091,105.4284,105.6086,93.1701,3.8,-0.03272730909999999
2020-09-22,12594.3896484375,69459600,0.22462857556288654,-0.4913636,-0.5240909091,105.4284,105.6086,93.1701,3.8,-0.03272730909999999
2020-09-23,12642.9697265625,60244800,0.22540956306839638,-0.4913636,-0.5240909091,105.4284,105.6086,93.1701,3.8,-0.03272730909999999
2020-09-24,12606.5703125,61272100,0.22165514466809424,-0.4913636,-0.5240909091,105.4284,105.6086,93.1701,3.8,-0.03272730909999999
2020-09-25,12469.2001953125,66129900,0.22312554714854213,-0.4913636,-0.5240909091,105.4284,105.6086,93.1701,3.8,-0.03272730909999999
2020-09-28,12870.8701171875,72431000,0.2526527370816468,-0.4913636,-0.5240909091,105.4284,105.6086,93.1701,3.8,-0.03272730909999999
2020-09-29,12825.8203125,49842200,0.25188924751298014,-0.4913636,-0.5240909091,105.4284,105.6086,93.1701,3.8,-0.03272730909999999
2020-09-30,12760.73046875,70303900,0.25222781875421313,-0.4913636,-0.5240909091,105.4284,105.6086,93.1701,3.8,-0.03272730909999999
2020-10-01,12730.76953125,87114100,0.23990669994094596,-0.5091364,-0.6072727273,105.4284,105.8061,96.74613,3.8,-0.09813632729999999
2020-10-02,12689.0400390625,67297700,0.2358471168631008,-0.5091364,-0.6072727273,105.4284,105.8061,96.74613,3.8,-0.09813632729999999
2020-10-05,12828.3095703125,56734400,0.2326800393793631,-0.5091364,-0.6072727273,105.4284,105.8061,96.74613,3.8,-0.09813632729999999
2020-10-06,12906.01953125,60566500,0.222333353345332,-0.5091364,-0.6072727273,105.4284,105.8061,96.74613,3.8,-0.09813632729999999
2020-10-07,12928.5703125,65533900,0.21975503913990452,-0.5091364,-0.6072727273,105.4284,105.8061,96.74613,3.8,-0.09813632729999999
2020-10-08,13042.2099609375,64013400,0.20915864843098145,-0.5091364,-0.6072727273,105.4284,105.8061,96.74613,3.8,-0.09813632729999999
2020-10-09,13051.23046875,58947700,0.20912994022516943,-0.5091364,-0.6072727273,105.4284,105.8061,96.74613,3.8,-0.09813632729999999
2020-10-12,13138.41015625,48906400,0.21059947685776398,-0.5091364,-0.6072727273,105.4284,105.8061,96.74613,3.8,-0.09813632729999999
2020-10-13,13018.990234375,52838000,0.21286938744894962,-0.5091364,-0.6072727273,105.4284,105.8061,96.74613,3.8,-0.09813632729999999
2020-10-14,13028.0595703125,52929600,0.21274749419989114,-0.5091364,-0.6072727273,105.4284,105.8061,96.74613,3.8,-0.09813632729999999
2020-10-15,12703.75,78930900,0.22822004710202082,-0.5091364,-0.6072727273,105.4284,105.8061,96.74613,3.8,-0.09813632729999999
2020-10-16,12908.990234375,76567800,0.23650624493140943,-0.5091364,-0.6072727273,105.4284,105.8061,96.74613,3.8,-0.09813632729999999
2020-10-19,12854.66015625,48577300,0.23582273341436671,-0.5091364,-0.6072727273,105.4284,105.8061,96.74613,3.8,-0.09813632729999999
2020-10-20,12736.9501953125,61466800,0.1804976003237807,-0.5091364,-0.6072727273,105.4284,105.8061,96.74613,3.8,-0.09813632729999999
2020-10-21,12557.6396484375,62615800,0.18715225252110373,-0.5091364,-0.6072727273,105.4284,105.8061,96.74613,3.8,-0.09813632729999999
2020-10-22,12543.0595703125,59735400,0.18663093966215036,-0.5091364,-0.6072727273,105.4284,105.8061,96.74613,3.8,-0.09813632729999999
2020-10-23,12645.75,55669200,0.18863935464432396,-0.5091364,-0.6072727273,105.4284,105.8061,96.74613,3.8,-0.09813632729999999
2020-10-26,12177.1796875,81595500,0.22609541589923582,-0.5091364,-0.6072727273,105.4284,105.8061,96.74613,3.8,-0.09813632729999999
2020-10-27,12063.5703125,87405600,0.19242285502565026,-0.5091364,-0.6072727273,105.4284,105.8061,96.74613,3.8,-0.09813632729999999
2020-10-28,11560.509765625,137190500,0.2345438050099782,-0.5091364,-0.6072727273,105.4284,105.8061,96.74613,3.8,-0.09813632729999999
2020-10-29,11598.0703125,104958400,0.23620010059823024,-0.5091364,-0.6072727273,105.4284,105.8061,96.74613,3.8,-0.09813632729999999
2020-10-30,11556.48046875,85600400,0.23610139280274503,-0.5091364,-0.6072727273,105.4284,105.8061,96.74613,3.8,-0.09813632729999999
2020-11-02,11788.2802734375,78370800,0.2509817505223938,-0.5208571,-0.6147619048,105.4284,105.5837,97.90593,3.8,-0.09390480480000007
2020-11-03,12088.98046875,86771500,0.26605165640914047,-0.5208571,-0.6147619048,105.4284,105.5837,97.90593,3.8,-0.09390480480000007
2020-11-04,12324.2197265625,105442100,0.2754849469347031,-0.5208571,-0.6147619048,105.4284,105.5837,97.90593,3.8,-0.09390480480000007
2020-11-05,12568.08984375,87078000,0.2855232238215564,-0.5208571,-0.6147619048,105.4284,105.5837,97.90593,3.8,-0.09390480480000007
2020-11-06,12480.01953125,80481100,0.28380486640365177,-0.5208571,-0.6147619048,105.4284,105.5837,97.90593,3.8,-0.09390480480000007
2020-11-09,13095.9697265625,189268100,0.3349519159795486,-0.5208571,-0.6147619048,105.4284,105.5837,97.90593,3.8,-0.09390480480000007
2020-11-10,13163.1103515625,142547600,0.33462662870349563,-0.5208571,-0.6147619048,105.4284,105.5837,97.90593,3.8,-0.09390480480000007
2020-11-11,13216.1796875,95527800,0.3330706027132292,-0.5208571,-0.6147619048,105.4284,105.5837,97.90593,3.8,-0.09390480480000007
2020-11-12,13052.9501953125,82374800,0.33623525961569534,-0.5208571,-0.6147619048,105.4284,105.5837,97.90593,3.8,-0.09390480480000007
2020-11-13,13076.7197265625,79173300,0.3235042264831165,-0.5208571,-0.6147619048,105.4284,105.5837,97.90593,3.8,-0.09390480480000007
2020-11-16,13138.6103515625,85190200,0.31941194901803505,-0.5208571,-0.6147619048,105.4284,105.5837,97.90593,3.8,-0.09390480480000007
2020-11-17,13133.4697265625,68587800,0.3188960034658211,-0.5208571,-0.6147619048,105.4284,105.5837,97.90593,3.8,-0.09390480480000007
2020-11-18,13201.8896484375,67639800,0.31688583293030864,-0.5208571,-0.6147619048,105.4284,105.5837,97.90593,3.8,-0.09390480480000007
2020-11-19,13086.16015625,68038800,0.3140328570042653,-0.5208571,-0.6147619048,105.4284,105.5837,97.90593,3.8,-0.09390480480000007
2020-11-20,13137.25,70127200,0.31384979923827905,-0.5208571,-0.6147619048,105.4284,105.5837,97.90593,3.8,-0.09390480480000007
2020-11-23,13126.9697265625,68582800,0.3133008165145243,-0.5208571,-0.6147619048,105.4284,105.5837,97.90593,3.8,-0.09390480480000007
2020-11-24,13292.4404296875,82733000,0.2809285859627201,-0.5208571,-0.6147619048,105.4284,105.5837,97.90593,3.8,-0.09390480480000007
2020-11-25,13289.7998046875,76832800,0.2770888120571782,-0.5208571,-0.6147619048,105.4284,105.5837,97.90593,3.8,-0.09390480480000007
2020-11-26,13286.5703125,42951900,0.22103997420392177,-0.5208571,-0.6147619048,105.4284,105.5837,97.90593,3.8,-0.09390480480000007
2020-11-27,13335.6796875,63823200,0.2209564292135652,-0.5208571,-0.6147619048,105.4284,105.5837,97.90593,3.8,-0.09390480480000007
2020-11-30,13291.16015625,107366400,0.2208119907523121,-0.5208571,-0.6147619048,105.4284,105.5837,97.90593,3.8,-0.09390480480000007
2020-12-01,13382.2998046875,66675500,0.21547491093008983,-0.5380909,-0.6185,105.4284,105.6611,97.80928,3.8,-0.08040910000000001
2020-12-02,13313.240234375,63822100,0.20676134802389415,-0.5380909,-0.6185,105.4284,105.6611,97.80928,3.8,-0.08040910000000001
2020-12-03,13252.8603515625,64310300,0.20180367583186637,-0.5380909,-0.6185,105.4284,105.6611,97.80928,3.8,-0.08040910000000001
2020-12-04,13298.9599609375,64074800,0.1929744078866159,-0.5380909,-0.6185,105.4284,105.6611,97.80928,3.8,-0.08040910000000001
2020-12-07,13271.0,54320100,0.19057810514573054,-0.5380909,-0.6185,105.4284,105.6611,97.80928,3.8,-0.08040910000000001
2020-12-08,13278.490234375,54198400,0.08881938987971401,-0.5380909,-0.6185,105.4284,105.6611,97.80928,3.8,-0.08040910000000001
2020-12-09,13340.259765625,77308800,0.08853415922473502,-0.5380909,-0.6185,105.4284,105.6611,97.80928,3.8,-0.08040910000000001
2020-12-10,13295.73046875,68806500,0.08866965490168922,-0.5380909,-0.6185,105.4284,105.6611,97.80928,3.8,-0.08040910000000001
2020-12-11,13114.2998046875,82142300,0.09107862599216189,-0.5380909,-0.6185,105.4284,105.6611,97.80928,3.8,-0.08040910000000001
2020-12-14,13223.16015625,63016100,0.09517096567846896,-0.5380909,-0.6185,105.4284,105.6611,97.80928,3.8,-0.08040910000000001
2020-12-15,13362.8701171875,67265000,0.10040380123334829,-0.5380909,-0.6185,105.4284,105.6611,97.80928,3.8,-0.08040910000000001
2020-12-16,13565.98046875,77798600,0.11189210966692306,-0.5380909,-0.6185,105.4284,105.6611,97.80928,3.8,-0.08040910000000001
2020-12-17,13667.25,77206700,0.11308347005024053,-0.5380909,-0.6185,105.4284,105.6611,97.80928,3.8,-0.08040910000000001
2020-12-18,13630.509765625,156772100,0.10785147552750456,-0.5380909,-0.6185,105.4284,105.6611,97.80928,3.8,-0.08040910000000001
2020-12-21,13246.2998046875,98290900,0.14973932956723274,-0.5380909,-0.6185,105.4284,105.6611,97.80928,3.8,-0.08040910000000001
2020-12-22,13418.1103515625,54622400,0.15578560533450866,-0.5380909,-0.6185,105.4284,105.6611,97.80928,3.8,-0.08040910000000001
2020-12-23,13587.23046875,48731200,0.15578418056557372,-0.5380909,-0.6185,105.4284,105.6611,97.80928,3.8,-0.08040910000000001
2020-12-28,13790.2900390625,49250200,0.16287539075799806,-0.5380909,-0.6185,105.4284,105.6611,97.80928,3.8,-0.08040910000000001
2020-12-29,13761.3798828125,43160200,0.16329608458394304,-0.5380909,-0.6185,105.4284,105.6611,97.80928,3.8,-0.08040910000000001
2020-12-30,13718.7802734375,28318700,0.16395615446581774,-0.5380909,-0.6185,105.4284,105.6611,97.80928,3.8,-0.08040910000000001
2021-01-04,13726.740234375,70206700,0.16308866011828865,-0.54715,-0.5835,108.6615,106.2766,98.38918,3.9,-0.03634999999999999
2021-01-05,13651.2197265625,68899100,0.16367509386587906,-0.54715,-0.5835,108.6615,106.2766,98.38918,3.9,-0.03634999999999999
2021-01-06,13891.9697265625,92498800,0.171718663660174,-0.54715,-0.5835,108.6615,106.2766,98.38918,3.9,-0.03634999999999999
2021-01-07,13968.240234375,86104200,0.17035561922817918,-0.54715,-0.5835,108.6615,106.2766,98.38918,3.9,-0.03634999999999999
2021-01-08,14049.5302734375,79821100,0.17070704971151066,-0.54715,-0.5835,108.6615,106.2766,98.38918,3.9,-0.03634999999999999
2021-01-11,13936.66015625,67154800,0.17400248992457093,-0.54715,-0.5835,108.6615,106.2766,98.38918,3.9,-0.03634999999999999
2021-01-12,13925.0595703125,75789600,0.17425430738045114,-0.54715,-0.5835,108.6615,106.2766,98.38918,3.9,-0.03634999999999999
2021-01-13,13939.7099609375,70600100,0.17409455729246318,-0.54715,-0.5835,108.6615,106.2766,98.38918,3.9,-0.03634999999999999
2021-01-14,13988.7001953125,75537900,0.17298621529920744,-0.54715,-0.5835,108.6615,106.2766,98.38918,3.9,-0.03634999999999999
2021-01-15,13787.73046875,96853800,0.17384866187803874,-0.54715,-0.5835,108.6615,106.2766,98.38918,3.9,-0.03634999999999999
2021-01-18,13848.349609375,49830600,0.17271394950118313,-0.54715,-0.5835,108.6615,106.2766,98.38918,3.9,-0.03634999999999999
2021-01-19,13815.0595703125,64904200,0.17068601116024026,-0.54715,-0.5835,108.6615,106.2766,98.38918,3.9,-0.03634999999999999
2021-01-20,13921.3701171875,65212300,0.1650620759031024,-0.54715,-0.5835,108.6615,106.2766,98.38918,3.9,-0.03634999999999999
2021-01-21,13906.669921875,63248900,0.16367505917212544,-0.54715,-0.5835,108.6615,106.2766,98.38918,3.9,-0.03634999999999999
2021-01-22,13873.9697265625,74565500,0.16358672894576543,-0.54715,-0.5835,108.6615,106.2766,98.38918,3.9,-0.03634999999999999
2021-01-25,13643.9501953125,77572000,0.1409624442770892,-0.54715,-0.5835,108.6615,106.2766,98.38918,3.9,-0.03634999999999999
2021-01-26,13870.990234375,79514500,0.145250584939174,-0.54715,-0.5835,108.6615,106.2766,98.38918,3.9,-0.03634999999999999
2021-01-27,13620.4599609375,105224500,0.15458156269427623,-0.54715,-0.5835,108.6615,106.2766,98.38918,3.9,-0.03634999999999999
2021-01-28,13665.9296875,90778400,0.1455612635419061,-0.54715,-0.5835,108.6615,106.2766,98.38918,3.9,-0.03634999999999999
2021-01-29,13432.8701171875,103416500,0.15657459413558372,-0.54715,-0.5835,108.6615,106.2766,98.38918,3.9,-0.03634999999999999
2021-02-01,13622.01953125,65321300,0.16490533926445958,-0.5411,-0.4455,108.6615,106.7695,96.64948,3.9,0.09560000000000002
2021-02-02,13835.16015625,78714700,0.17391518369651207,-0.5411,-0.4455,108.6615,106.7695,96.64948,3.9,0.09560000000000002
2021-02-03,13933.6298828125,82152900,0.17398415203871304,-0.5411,-0.4455,108.6615,106.7695,96.64948,3.9,0.09560000000000002
2021-02-04,14060.2900390625,83865200,0.1660463557252203,-0.5411,-0.4455,108.6615,106.7695,96.64948,3.9,0.09560000000000002
2021-02-05,14056.7197265625,76254800,0.1651157368089589,-0.5411,-0.4455,108.6615,106.7695,96.64948,3.9,0.09560000000000002
2021-02-08,14059.91015625,61532900,0.16391464374927608,-0.5411,-0.4455,108.6615,106.7695,96.64948,3.9,0.09560000000000002
2021-02-09,14011.7998046875,58414500,0.16180100498608016,-0.5411,-0.4455,108.6615,106.7695,96.64948,3.9,0.09560000000000002
2021-02-10,13932.9697265625,67411900,0.16307293392789235,-0.5411,-0.4455,108.6615,106.7695,96.64948,3.9,0.09560000000000002
2021-02-11,14040.91015625,53851500,0.16521231613522325,-0.5411,-0.4455,108.6615,106.7695,96.64948,3.9,0.09560000000000002
2021-02-12,14049.8896484375,57699700,0.16482834005385502,-0.5411,-0.4455,108.6615,106.7695,96.64948,3.9,0.09560000000000002
2021-02-15,14109.48046875,49898700,0.15641316827485408,-0.5411,-0.4455,108.6615,106.7695,96.64948,3.9,0.09560000000000002
2021-02-16,14064.599609375,58655000,0.1566310124907301,-0.5411,-0.4455,108.6615,106.7695,96.64948,3.9,0.09560000000000002
2021-02-17,13909.26953125,81266800,0.1616271284108942,-0.5411,-0.4455,108.6615,106.7695,96.64948,3.9,0.09560000000000002
2021-02-18,13886.9296875,67920700,0.15951565912377375,-0.5411,-0.4455,108.6615,106.7695,96.64948,3.9,0.09560000000000002
2021-02-19,13993.23046875,72974000,0.1616764930436357,-0.5411,-0.4455,108.6615,106.7695,96.64948,3.9,0.09560000000000002
2021-02-22,13950.0400390625,66035300,0.16185093165899134,-0.5411,-0.4455,108.6615,106.7695,96.64948,3.9,0.09560000000000002
2021-02-23,13864.8095703125,88194700,0.15183919825146222,-0.5411,-0.4455,108.6615,106.7695,96.64948,3.9,0.09560000000000002
2021-02-24,13976.0,68922400,0.14320477241030874,-0.5411,-0.4455,108.6615,106.7695,96.64948,3.9,0.09560000000000002
2021-02-25,13879.330078125,95431900,0.12966802660789614,-0.5411,-0.4455,108.6615,106.7695,96.64948,3.9,0.09560000000000002
2021-02-26,13786.2900390625,104069400,0.13196247800903949,-0.5411,-0.4455,108.6615,106.7695,96.64948,3.9,0.09560000000000002
2021-03-01,14012.8203125,69566200,0.1268798455265741,-0.539087,-0.3647826087,108.6615,107.167,98.19588,3.9,0.17430439129999997
2021-03-02,14039.7998046875,63307700,0.11909961650719539,-0.539087,-0.3647826087,108.6615,107.167,98.19588,3.9,0.17430439129999997
2021-03-03,14080.0302734375,84766900,0.10759958843841193,-0.539087,-0.3647826087,108.6615,107.167,98.19588,3.9,0.17430439129999997
2021-03-04,14056.33984375,84620900,0.10544566110326856,-0.539087,-0.3647826087,108.6615,107.167,98.19588,3.9,0.17430439129999997
2021-03-05,13920.6904296875,89791900,0.10605401850931814,-0.539087,-0.3647826087,108.6615,107.167,98.19588,3.9,0.17430439129999997
2021-03-08,14380.91015625,109071900,0.15726790361794346,-0.539087,-0.3647826087,108.6615,107.167,98.19588,3.9,0.17430439129999997
2021-03-09,14437.9404296875,107881800,0.1575297132060634,-0.539087,-0.3647826087,108.6615,107.167,98.19588,3.9,0.17430439129999997
2021-03-10,14540.25,95715700,0.15775765906466585,-0.539087,-0.3647826087,108.6615,107.167,98.19588,3.9,0.17430439129999997
2021-03-11,14569.3896484375,74066400,0.15542244699477295,-0.539087,-0.3647826087,108.6615,107.167,98.19588,3.9,0.17430439129999997
2021-03-12,14502.3896484375,69100900,0.1557285378424828,-0.539087,-0.3647826087,108.6615,107.167,98.19588,3.9,0.17430439129999997
2021-03-15,14461.419921875,62766600,0.15645473473036953,-0.539087,-0.3647826087,108.6615,107.167,98.19588,3.9,0.17430439129999997
2021-03-16,14557.580078125,714300,0.15722210974031736,-0.539087,-0.3647826087,108.6615,107.167,98.19588,3.9,0.17430439129999997
2021-03-17,14596.6103515625,759600,0.15631488439583413,-0.539087,-0.3647826087,108.6615,107.167,98.19588,3.9,0.17430439129999997
2021-03-18,14775.51953125,104691200,0.1529666355140446,-0.539087,-0.3647826087,108.6615,107.167,98.19588,3.9,0.17430439129999997
2021-03-19,14621.0,207441200,0.1592158893735799,-0.539087,-0.3647826087,108.6615,107.167,98.19588,3.9,0.17430439129999997
2021-03-22,14657.2099609375,66130200,0.15811150954418662,-0.539087,-0.3647826087,108.6615,107.167,98.19588,3.9,0.17430439129999997
2021-03-23,14662.01953125,73296400,0.15709674051148828,-0.539087,-0.3647826087,108.6615,107.167,98.19588,3.9,0.17430439129999997
2021-03-24,14610.3896484375,65084000,0.1555746204539118,-0.539087,-0.3647826087,108.6615,107.167,98.19588,3.9,0.17430439129999997
2021-03-25,14621.3603515625,80104500,0.15438340171553713,-0.539087,-0.3647826087,108.6615,107.167,98.19588,3.9,0.17430439129999997
2021-03-26,14748.9404296875,67169800,0.15224356423808533,-0.539087,-0.3647826087,108.6615,107.167,98.19588,3.9,0.17430439129999997
2021-03-29,14817.7197265625,71106000,0.1482088399144309,-0.539087,-0.3647826087,108.6615,107.167,98.19588,3.9,0.17430439129999997
2021-03-30,15008.6103515625,71173400,0.1447719728262941,-0.539087,-0.3647826087,108.6615,107.167,98.19588,3.9,0.17430439129999997
2021-03-31,15008.33984375,76061700,0.1451627742022782,-0.539087,-0.3647826087,108.6615,107.167,98.19588,3.9,0.17430439129999997
2021-04-01,15107.169921875,67886600,0.14561909428481062,-0.53815,-0.325,108.6615,107.3509,98.19588,3.8,0.21315
2021-04-06,15212.6796875,79478900,0.1449021035017415,-0.53815,-0.325,108.6615,107.3509,98.19588,3.8,0.21315
2021-04-07,15176.3603515625,59116700,0.13844078948627206,-0.53815,-0.325,108.6615,107.3509,98.19588,3.8,0.21315
2021-04-08,15202.6796875,68862100,0.09013818805180315,-0.53815,-0.325,108.6615,107.3509,98.19588,3.8,0.21315
2021-04-09,15234.16015625,56870100,0.09003262021495574,-0.53815,-0.325,108.6615,107.3509,98.19588,3.8,0.21315
2021-04-12,15215.0,53646400,0.08940205852038965,-0.53815,-0.325,108.6615,107.3509,98.19588,3.8,0.21315
2021-04-13,15234.3603515625,62443500,0.08945584368258849,-0.53815,-0.325,108.6615,107.3509,98.19588,3.8,0.21315
2021-04-14,15209.150390625,66666600,0.0872137434349503,-0.53815,-0.325,108.6615,107.3509,98.19588,3.8,0.21315
2021-04-15,15255.330078125,61834300,0.08522935998162484,-0.53815,-0.325,108.6615,107.3509,98.19588,3.8,0.21315
2021-04-16,15459.75,82758000,0.09222909133104244,-0.53815,-0.325,108.6615,107.3509,98.19588,3.8,0.21315
2021-04-19,15368.3896484375,61839400,0.09713694778089511,-0.53815,-0.325,108.6615,107.3509,98.19588,3.8,0.21315
2021-04-20,15129.509765625,76224500,0.10888785217737225,-0.53815,-0.325,108.6615,107.3509,98.19588,3.8,0.21315
2021-04-21,15195.9697265625,67077500,0.10079099809641313,-0.53815,-0.325,108.6615,107.3509,98.19588,3.8,0.21315
2021-04-22,15320.51953125,59628300,0.10315334655111402,-0.53815,-0.325,108.6615,107.3509,98.19588,3.8,0.21315
2021-04-23,15279.6201171875,57798000,0.1043291205651109,-0.53815,-0.325,108.6615,107.3509,98.19588,3.8,0.21315
2021-04-26,15296.33984375,49117600,0.10246702586520132,-0.53815,-0.325,108.6615,107.3509,98.19588,3.8,0.21315
2021-04-27,15249.26953125,54513000,0.10399911867943631,-0.53815,-0.325,108.6615,107.3509,98.19588,3.8,0.21315
2021-04-28,15292.1796875,79607600,0.10117774732762719,-0.53815,-0.325,108.6615,107.3509,98.19588,3.8,0.21315
2021-04-29,15154.2001953125,80110800,0.10713339066389171,-0.53815,-0.325,108.6615,107.3509,98.19588,3.8,0.21315
2021-04-30,15135.91015625,75194700,0.0983526503700884,-0.53815,-0.325,108.6615,107.3509,98.19588,3.8,0.21315
2021-05-03,15236.4697265625,48822800,0.10065866810834967,-0.5400952,-0.2235,108.6615,107.6513,96.64948,3.7,0.31659519999999997
2021-05-04,14856.48046875,89422100,0.1319566366548696,-0.5400952,-0.2235,108.6615,107.6513,96.64948,3.7,0.31659519999999997
2021-05-05,15170.7802734375,81587200,0.15029768522519157,-0.5400952,-0.2235,108.6615,107.6513,96.64948,3.7,0.31659519999999997
2021-05-06,15196.740234375,77036200,0.15017834090501933,-0.5400952,-0.2235,108.6615,107.6513,96.64948,3.7,0.31659519999999997
2021-05-07,15399.650390625,74562700,0.15700247206743528,-0.5400952,-0.2235,108.6615,107.6513,96.64948,3.7,0.31659519999999997
2021-05-10,15400.41015625,65162200,0.15692973623528012,-0.5400952,-0.2235,108.6615,107.6513,96.64948,3.7,0.31659519999999997
2021-05-11,15119.75,80129000,0.1698823392454828,-0.5400952,-0.2235,108.6615,107.6513,96.64948,3.7,0.31659519999999997
2021-05-12,15150.2197265625,79302600,0.16998535266985892,-0.5400952,-0.2235,108.6615,107.6513,96.64948,3.7,0.31659519999999997
2021-05-13,15199.6796875,64374900,0.17031202262129636,-0.5400952,-0.2235,108.6615,107.6513,96.64948,3.7,0.31659519999999997
2021-05-14,15416.6396484375,69232200,0.1771278759328502,-0.5400952,-0.2235,108.6615,107.6513,96.64948,3.7,0.31659519999999997
2021-05-17,15396.6201171875,67787000,0.170912485942599,-0.5400952,-0.2235,108.6615,107.6513,96.64948,3.7,0.31659519999999997
2021-05-18,15386.580078125,65843300,0.1696416802731067,-0.5400952,-0.2235,108.6615,107.6513,96.64948,3.7,0.31659519999999997
2021-05-19,15113.5595703125,75858000,0.17234987419204753,-0.5400952,-0.2235,108.6615,107.6513,96.64948,3.7,0.31659519999999997
2021-05-20,15370.259765625,65602300,0.18165667939968885,-0.5400952,-0.2235,108.6615,107.6513,96.64948,3.7,0.31659519999999997
2021-05-21,15437.509765625,70065600,0.18012072215299565,-0.5400952,-0.2235,108.6615,107.6513,96.64948,3.7,0.31659519999999997
2021-05-25,15465.08984375,92981200,0.17981766498230767,-0.5400952,-0.2235,108.6615,107.6513,96.64948,3.7,0.31659519999999997
2021-05-26,15450.7197265625,58668800,0.17988929069905357,-0.5400952,-0.2235,108.6615,107.6513,96.64948,3.7,0.31659519999999997
2021-05-27,15406.73046875,119417800,0.17983274137613467,-0.5400952,-0.2235,108.6615,107.6513,96.64948,3.7,0.31659519999999997
2021-05-28,15519.98046875,56862000,0.1812334440469669,-0.5400952,-0.2235,108.6615,107.6513,96.64948,3.7,0.31659519999999997
2021-05-31,15421.1298828125,36495900,0.17965362137812094,-0.5400952,-0.2235,108.6615,107.6513,96.64948,3.7,0.31659519999999997
2021-06-01,15567.3603515625,56073600,0.1818816229178781,-0.5429091,-0.2886363636,108.6615,108.0286,95.1031,3.6,0.25427273640000003
2021-06-02,15602.7099609375,51678400,0.1809219730164087,-0.5429091,-0.2886363636,108.6615,108.0286,95.1031,3.6,0.25427273640000003
2021-06-03,15632.669921875,45339500,0.1539527132834488,-0.5429091,-0.2886363636,108.6615,108.0286,95.1031,3.6,0.25427273640000003
2021-06-04,15692.900390625,44669100,0.13837536144581108,-0.5429091,-0.2886363636,108.6615,108.0286,95.1031,3.6,0.25427273640000003
2021-06-07,15677.150390625,46954400,0.1386791944116473,-0.5429091,-0.2886363636,108.6615,108.0286,95.1031,3.6,0.25427273640000003
2021-06-08,15640.599609375,54921800,0.13231421136204483,-0.5429091,-0.2886363636,108.6615,108.0286,95.1031,3.6,0.25427273640000003
2021-06-09,15581.1396484375,50364800,0.13324868480670485,-0.5429091,-0.2886363636,108.6615,108.0286,95.1031,3.6,0.25427273640000003
2021-06-10,15571.2197265625,56997400,0.11458095115956526,-0.5429091,-0.2886363636,108.6615,108.0286,95.1031,3.6,0.25427273640000003
2021-06-11,15693.26953125,57088600,0.11671337312316038,-0.5429091,-0.2886363636,108.6615,108.0286,95.1031,3.6,0.25427273640000003
2021-06-14,15673.6396484375,46556300,0.1170004969312555,-0.5429091,-0.2886363636,108.6615,108.0286,95.1031,3.6,0.25427273640000003
2021-06-15,15729.51953125,45999200,0.10777342062795135,-0.5429091,-0.2886363636,108.6615,108.0286,95.1031,3.6,0.25427273640000003
2021-06-16,15710.5703125,58585900,0.10774891010775949,-0.5429091,-0.2886363636,108.6615,108.0286,95.1031,3.6,0.25427273640000003
2021-06-17,15727.669921875,62355100,0.10758455105472114,-0.5429091,-0.2886363636,108.6615,108.0286,95.1031,3.6,0.25427273640000003
2021-06-18,15448.0400390625,126347100,0.10766262164788283,-0.5429091,-0.2886363636,108.6615,108.0286,95.1031,3.6,0.25427273640000003
2021-06-21,15603.240234375,61783600,0.09687842299956356,-0.5429091,-0.2886363636,108.6615,108.0286,95.1031,3.6,0.25427273640000003
2021-06-22,15636.330078125,53060800,0.09612266036817871,-0.5429091,-0.2886363636,108.6615,108.0286,95.1031,3.6,0.25427273640000003
2021-06-23,15456.3896484375,50468000,0.10474736879178911,-0.5429091,-0.2886363636,108.6615,108.0286,95.1031,3.6,0.25427273640000003
2021-06-24,15589.23046875,52474600,0.108806549075973,-0.5429091,-0.2886363636,108.6615,108.0286,95.1031,3.6,0.25427273640000003
2021-06-25,15607.9697265625,46613700,0.10816393457105673,-0.5429091,-0.2886363636,108.6615,108.0286,95.1031,3.6,0.25427273640000003
2021-06-28,15554.1796875,43947600,0.10617231078141882,-0.5429091,-0.2886363636,108.6615,108.0286,95.1031,3.6,0.25427273640000003
2021-06-29,15690.58984375,50284300,0.10744696747521613,-0.5429091,-0.2886363636,108.6615,108.0286,95.1031,3.6,0.25427273640000003
2021-06-30,15531.0400390625,63950700,0.10909862905272286,-0.5429091,-0.2886363636,108.6615,108.0286,95.1031,3.6,0.25427273640000003
2021-07-01,15603.8095703125,49570300,0.11007291940446035,-0.5448182,-0.4513636364,108.6615,108.4772,96.64948,3.5,0.09345456360000004
2021-07-02,15650.08984375,43114700,0.11035887499085989,-0.5448182,-0.4513636364,108.6615,108.4772,96.64948,3.5,0.09345456360000004
2021-07-05,15661.9697265625,29752900,0.10954220055431288,-0.5448182,-0.4513636364,108.6615,108.4772,96.64948,3.5,0.09345456360000004
2021-07-06,15511.3798828125,53759400,0.11441900365562156,-0.5448182,-0.4513636364,108.6615,108.4772,96.64948,3.5,0.09345456360000004
2021-07-07,15692.7099609375,59732200,0.12164377445864585,-0.5448182,-0.4513636364,108.6615,108.4772,96.64948,3.5,0.09345456360000004
2021-07-08,15420.6396484375,78813200,0.13548482022176048,-0.5448182,-0.4513636364,108.6615,108.4772,96.64948,3.5,0.09345456360000004
2021-07-09,15687.9296875,60460900,0.14882977512102852,-0.5448182,-0.4513636364,108.6615,108.4772,96.64948,3.5,0.09345456360000004
2021-07-12,15790.509765625,47460900,0.14807743399485182,-0.5448182,-0.4513636364,108.6615,108.4772,96.64948,3.5,0.09345456360000004
2021-07-13,15789.6396484375,50047700,0.14797390454667758,-0.5448182,-0.4513636364,108.6615,108.4772,96.64948,3.5,0.09345456360000004
2021-07-14,15788.98046875,41145400,0.14752636365538835,-0.5448182,-0.4513636364,108.6615,108.4772,96.64948,3.5,0.09345456360000004
2021-07-15,15629.66015625,62684900,0.15175890960550575,-0.5448182,-0.4513636364,108.6615,108.4772,96.64948,3.5,0.09345456360000004
2021-07-16,15540.3095703125,60314700,0.15285664377505,-0.5448182,-0.4513636364,108.6615,108.4772,96.64948,3.5,0.09345456360000004
2021-07-19,15133.2001953125,85990500,0.16695860096431325,-0.5448182,-0.4513636364,108.6615,108.4772,96.64948,3.5,0.09345456360000004
2021-07-20,15216.26953125,60029200,0.1639027849631397,-0.5448182,-0.4513636364,108.6615,108.4772,96.64948,3.5,0.09345456360000004
2021-07-21,15422.5,65073800,0.17138604525838075,-0.5448182,-0.4513636364,108.6615,108.4772,96.64948,3.5,0.09345456360000004
2021-07-22,15514.5400390625,50331400,0.16803032069872853,-0.5448182,-0.4513636364,108.6615,108.4772,96.64948,3.5,0.09345456360000004
2021-07-23,15669.2900390625,54897600,0.16896103664018536,-0.5448182,-0.4513636364,108.6615,108.4772,96.64948,3.5,0.09345456360000004
2021-07-26,15618.98046875,38643700,0.16935461802414017,-0.5448182,-0.4513636364,108.6615,108.4772,96.64948,3.5,0.09345456360000004
2021-07-27,15519.1298828125,44081200,0.17043360391969903,-0.5448182,-0.4513636364,108.6615,108.4772,96.64948,3.5,0.09345456360000004
2021-07-28,15570.3603515625,56569500,0.16790076301662446,-0.5448182,-0.4513636364,108.6615,108.4772,96.64948,3.5,0.09345456360000004
2021-07-29,15640.4697265625,51559500,0.16471118524113737,-0.5448182,-0.4513636364,108.6615,108.4772,96.64948,3.5,0.09345456360000004
2021-07-30,15544.3896484375,61343800,0.16541948189188793,-0.5448182,-0.4513636364,108.6615,108.4772,96.64948,3.5,0.09345456360000004
2021-08-02,15568.73046875,53799800,0.1651602441384435,-0.5475909,-0.5386363636,108.6615,108.5436,91.81701,3.4,0.00895453639999999
2021-08-03,15555.080078125,50024700,0.16513821570642534,-0.5475909,-0.5386363636,108.6615,108.5436,91.81701,3.4,0.00895453639999999
2021-08-04,15692.1298828125,54854200,0.16433971029580732,-0.5475909,-0.5386363636,108.6615,108.5436,91.81701,3.4,0.00895453639999999
2021-08-05,15744.669921875,61559300,0.15972450451070067,-0.5475909,-0.5386363636,108.6615,108.5436,91.81701,3.4,0.00895453639999999
2021-08-06,15761.4501953125,52191600,0.14642465888014072,-0.5475909,-0.5386363636,108.6615,108.5436,91.81701,3.4,0.00895453639999999
2021-08-09,15745.41015625,41278000,0.1340375794337788,-0.5475909,-0.5386363636,108.6615,108.5436,91.81701,3.4,0.00895453639999999
2021-08-10,15770.7099609375,37936600,0.13217860458016947,-0.5475909,-0.5386363636,108.6615,108.5436,91.81701,3.4,0.00895453639999999
2021-08-11,15826.08984375,46983300,0.132745113199686,-0.5475909,-0.5386363636,108.6615,108.5436,91.81701,3.4,0.00895453639999999
2021-08-12,15937.509765625,53018500,0.13487064210454894,-0.5475909,-0.5386363636,108.6615,108.5436,91.81701,3.4,0.00895453639999999
2021-08-13,15977.4404296875,39905200,0.12937736536261923,-0.5475909,-0.5386363636,108.6615,108.5436,91.81701,3.4,0.00895453639999999
2021-08-16,15925.73046875,44305900,0.12801359476893956,-0.5475909,-0.5386363636,108.6615,108.5436,91.81701,3.4,0.00895453639999999
2021-08-17,15921.9501953125,46077200,0.08094840241197056,-0.5475909,-0.5386363636,108.6615,108.5436,91.81701,3.4,0.00895453639999999
2021-08-18,15965.9697265625,45355100,0.08019976842524704,-0.5475909,-0.5386363636,108.6615,108.5436,91.81701,3.4,0.00895453639999999
2021-08-19,15765.8095703125,64752400,0.08488123315029039,-0.5475909,-0.5386363636,108.6615,108.5436,91.81701,3.4,0.00895453639999999
2021-08-20,15808.0400390625,49982700,0.08323492456257388,-0.5475909,-0.5386363636,108.6615,108.5436,91.81701,3.4,0.00895453639999999
2021-08-23,15852.7900390625,39880400,0.07686290846147482,-0.5475909,-0.5386363636,108.6615,108.5436,91.81701,3.4,0.00895453639999999
2021-08-24,15905.849609375,42750500,0.07615689309710605,-0.5475909,-0.5386363636,108.6615,108.5436,91.81701,3.4,0.00895453639999999
2021-08-25,15860.66015625,35537700,0.07280428644346189,-0.5475909,-0.5386363636,108.6615,108.5436,91.81701,3.4,0.00895453639999999
2021-08-26,15793.6201171875,39681200,0.07451790538814848,-0.5475909,-0.5386363636,108.6615,108.5436,91.81701,3.4,0.00895453639999999
2021-08-27,15851.75,32126500,0.07404059010199188,-0.5475909,-0.5386363636,108.6615,108.5436,91.81701,3.4,0.00895453639999999
2021-08-30,15887.3095703125,27220800,0.06993181827052988,-0.5475909,-0.5386363636,108.6615,108.5436,91.81701,3.4,0.00895453639999999
2021-08-31,15835.08984375,75099900,0.0714830652746942,-0.5475909,-0.5386363636,108.6615,108.5436,91.81701,3.4,0.00895453639999999
2021-09-01,15824.2900390625,53324100,0.07142805208475639,-0.5450455,-0.3627272727,108.6615,108.8821,92.10696,3.4,0.18231822729999997
2021-09-02,15840.58984375,37299100,0.06529226801529524,-0.5450455,-0.3627272727,108.6615,108.8821,92.10696,3.4,0.18231822729999997
2021-09-03,15781.2001953125,40901200,0.06595741585639057,-0.5450455,-0.3627272727,108.6615,108.8821,92.10696,3.4,0.18231822729999997
2021-09-06,15932.1201171875,31915300,0.0736185667050668,-0.5450455,-0.3627272727,108.6615,108.8821,92.10696,3.4,0.18231822729999997
2021-09-07,15843.08984375,45060200,0.0764711357332485,-0.5450455,-0.3627272727,108.6615,108.8821,92.10696,3.4,0.18231822729999997
2021-09-08,15610.2802734375,62575800,0.09220726243026128,-0.5450455,-0.3627272727,108.6615,108.8821,92.10696,3.4,0.18231822729999997
2021-09-09,15623.150390625,54613000,0.09120948372333228,-0.5450455,-0.3627272727,108.6615,108.8821,92.10696,3.4,0.18231822729999997
2021-09-10,15609.8095703125,55580900,0.08687554317353026,-0.5450455,-0.3627272727,108.6615,108.8821,92.10696,3.4,0.18231822729999997
2021-09-13,15701.419921875,50515500,0.08931992899494866,-0.5450455,-0.3627272727,108.6615,108.8821,92.10696,3.4,0.18231822729999997
2021-09-14,15722.990234375,51343400,0.08917235271662821,-0.5450455,-0.3627272727,108.6615,108.8821,92.10696,3.4,0.18231822729999997
2021-09-15,15616.0,58969400,0.09170664263857756,-0.5450455,-0.3627272727,108.6615,108.8821,92.10696,3.4,0.18231822729999997
2021-09-16,15651.75,54362800,0.0914812945996726,-0.5450455,-0.3627272727,108.6615,108.8821,92.10696,3.4,0.18231822729999997
2021-09-17,15490.169921875,158392800,0.08820587810856392,-0.5450455,-0.3627272727,108.6615,108.8821,92.10696,3.4,0.18231822729999997
2021-09-20,15132.0595703125,96690100,0.11614074446025507,-0.5450455,-0.3627272727,108.6615,108.8821,92.10696,3.4,0.18231822729999997
2021-09-21,15348.5302734375,61546200,0.12837814676761627,-0.5450455,-0.3627272727,108.6615,108.8821,92.10696,3.4,0.18231822729999997
2021-09-22,15506.740234375,54135200,0.13384247271739788,-0.5450455,-0.3627272727,108.6615,108.8821,92.10696,3.4,0.18231822729999997
2021-09-23,15643.9697265625,54651300,0.1380694035571718,-0.5450455,-0.3627272727,108.6615,108.8821,92.10696,3.4,0.18231822729999997
2021-09-24,15531.75,49967000,0.1394104042102443,-0.5450455,-0.3627272727,108.6615,108.8821,92.10696,3.4,0.18231822729999997
2021-09-27,15573.8798828125,59034800,0.13906185645383928,-0.5450455,-0.3627272727,108.6615,108.8821,92.10696,3.4,0.18231822729999997
2021-09-28,15248.5595703125,75174800,0.1548624153520599,-0.5450455,-0.3627272727,108.6615,108.8821,92.10696,3.4,0.18231822729999997
2021-09-29,15365.26953125,56303700,0.15823466001959813,-0.5450455,-0.3627272727,108.6615,108.8821,92.10696,3.4,0.18231822729999997
2021-09-30,15260.6904296875,74664500,0.15931004084028197,-0.5450455,-0.3627272727,108.6615,108.8821,92.10696,3.4,0.18231822729999997
2021-10-01,15156.4404296875,66029600,0.1599530090337714,-0.5498095,-0.2042857143,108.6615,109.1357,95.58634,3.4,0.3455237857
2021-10-04,15036.5498046875,52650700,0.16115439705694895,-0.5498095,-0.2042857143,108.6615,109.1357,95.58634,3.4,0.3455237857
2021-10-05,15194.490234375,60532800,0.16205347268394876,-0.5498095,-0.2042857143,108.6615,109.1357,95.58634,3.4,0.3455237857
2021-10-06,14973.330078125,96189400,0.1673043757104192,-0.5498095,-0.2042857143,108.6615,109.1357,95.58634,3.4,0.3455237857
2021-10-07,15250.8603515625,76332700,0.176465559940603,-0.5498095,-0.2042857143,108.6615,109.1357,95.58634,3.4,0.3455237857
2021-10-08,15206.1298828125,59531300,0.17644280808542528,-0.5498095,-0.2042857143,108.6615,109.1357,95.58634,3.4,0.3455237857
2021-10-11,15199.1396484375,75309100,0.1764586376572994,-0.5498095,-0.2042857143,108.6615,109.1357,95.58634,3.4,0.3455237857
2021-10-12,15146.8701171875,60955500,0.1746910360061461,-0.5498095,-0.2042857143,108.6615,109.1357,95.58634,3.4,0.3455237857
2021-10-13,15249.3798828125,69662700,0.17685449165414646,-0.5498095,-0.2042857143,108.6615,109.1357,95.58634,3.4,0.3455237857
2021-10-14,15462.7197265625,60002700,0.18339119488758646,-0.5498095,-0.2042857143,108.6615,109.1357,95.58634,3.4,0.3455237857
2021-10-15,15587.3603515625,73666300,0.1855371347925963,-0.5498095,-0.2042857143,108.6615,109.1357,95.58634,3.4,0.3455237857
2021-10-18,15474.4697265625,49463100,0.18370244695900848,-0.5498095,-0.2042857143,108.6615,109.1357,95.58634,3.4,0.3455237857
2021-10-19,15515.830078125,49579400,0.16337999063809816,-0.5498095,-0.2042857143,108.6615,109.1357,95.58634,3.4,0.3455237857
2021-10-20,15522.919921875,54739200,0.15632056342925957,-0.5498095,-0.2042857143,108.6615,109.1357,95.58634,3.4,0.3455237857
2021-10-21,15472.5595703125,54649400,0.15270671621729798,-0.5498095,-0.2042857143,108.6615,109.1357,95.58634,3.4,0.3455237857
2021-10-22,15542.98046875,49948500,0.15025267674005988,-0.5498095,-0.2042857143,108.6615,109.1357,95.58634,3.4,0.3455237857
2021-10-25,15599.23046875,51296300,0.1486435280591982,-0.5498095,-0.2042857143,108.6615,109.1357,95.58634,3.4,0.3455237857
2021-10-26,15757.0595703125,56055900,0.15235750096245146,-0.5498095,-0.2042857143,108.6615,109.1357,95.58634,3.4,0.3455237857
2021-10-27,15705.8095703125,73429300,0.1318881661384602,-0.5498095,-0.2042857143,108.6615,109.1357,95.58634,3.4,0.3455237857
2021-10-28,15696.330078125,78877800,0.1300762798749588,-0.5498095,-0.2042857143,108.6615,109.1357,95.58634,3.4,0.3455237857
2021-10-29,15688.76953125,80569400,0.1270752745847091,-0.5498095,-0.2042857143,108.6615,109.1357,95.58634,3.4,0.3455237857
2021-11-01,15806.2900390625,49160900,0.12512913824277058,-0.5673636,-0.3136363636,108.6615,109.0545,96.16624,3.4,0.25372723639999994
2021-11-02,15954.4501953125,60596100,0.12211581171552531,-0.5673636,-0.3136363636,108.6615,109.0545,96.16624,3.4,0.25372723639999994
2021-11-03,15959.98046875,74344600,0.11913090780371206,-0.5673636,-0.3136363636,108.6615,109.0545,96.16624,3.4,0.25372723639999994
2021-11-04,16029.650390625,76262400,0.10206890989233565,-0.5673636,-0.3136363636,108.6615,109.0545,96.16624,3.4,0.25372723639999994
2021-11-05,16054.3603515625,75298200,0.08571365840350266,-0.5673636,-0.3136363636,108.6615,109.0545,96.16624,3.4,0.25372723639999994
2021-11-08,16046.51953125,48903600,0.08417960025526067,-0.5673636,-0.3136363636,108.6615,109.0545,96.16624,3.4,0.25372723639999994
2021-11-09,16040.4697265625,61428000,0.08414248270376351,-0.5673636,-0.3136363636,108.6615,109.0545,96.16624,3.4,0.25372723639999994
2021-11-10,16067.830078125,62124400,0.0813446671586113,-0.5673636,-0.3136363636,108.6615,109.0545,96.16624,3.4,0.25372723639999994
2021-11-11,16083.1103515625,56626200,0.0802829385110614,-0.5673636,-0.3136363636,108.6615,109.0545,96.16624,3.4,0.25372723639999994
2021-11-12,16094.0703125,60302900,0.0688047548278924,-0.5673636,-0.3136363636,108.6615,109.0545,96.16624,3.4,0.25372723639999994
2021-11-15,16148.6396484375,53296600,0.06536597599009024,-0.5673636,-0.3136363636,108.6615,109.0545,96.16624,3.4,0.25372723639999994
2021-11-16,16247.8603515625,56783300,0.05838219437510171,-0.5673636,-0.3136363636,108.6615,109.0545,96.16624,3.4,0.25372723639999994
2021-11-17,16251.1298828125,54131500,0.058826234852806636,-0.5673636,-0.3136363636,108.6615,109.0545,96.16624,3.4,0.25372723639999994
2021-11-18,16221.73046875,57887500,0.06018692165230569,-0.5673636,-0.3136363636,108.6615,109.0545,96.16624,3.4,0.25372723639999994
2021-11-19,16159.9697265625,105496400,0.06084553209525567,-0.5673636,-0.3136363636,108.6615,109.0545,96.16624,3.4,0.25372723639999994
2021-11-22,16115.6904296875,65473700,0.06233690754698392,-0.5673636,-0.3136363636,108.6615,109.0545,96.16624,3.4,0.25372723639999994
2021-11-23,15937.0,91000000,0.07603965552934264,-0.5673636,-0.3136363636,108.6615,109.0545,96.16624,3.4,0.25372723639999994
2021-11-24,15878.3896484375,87886600,0.07005007397702293,-0.5673636,-0.3136363636,108.6615,109.0545,96.16624,3.4,0.25372723639999994
2021-11-25,15917.98046875,57275800,0.06912309508600922,-0.5673636,-0.3136363636,108.6615,109.0545,96.16624,3.4,0.25372723639999994
2021-11-26,15257.0400390625,133308100,0.1617411947978001,-0.5673636,-0.3136363636,108.6615,109.0545,96.16624,3.4,0.25372723639999994
2021-11-29,15280.8603515625,95660000,0.1620260470437076,-0.5673636,-0.3136363636,108.6615,109.0545,96.16624,3.4,0.25372723639999994
2021-11-30,15100.1298828125,152644300,0.16278340847276948,-0.5673636,-0.3136363636,108.6615,109.0545,96.16624,3.4,0.25372723639999994
2021-12-01,15472.669921875,86134400,0.18368077738978567,-0.5819565,-0.3842857143,108.6615,109.3683,97.22938,3.3,0.19767078569999996
2021-12-02,15263.1103515625,93605500,0.18826720231506328,-0.5819565,-0.3842857143,108.6615,109.3683,97.22938,3.3,0.19767078569999996
2021-12-03,15169.98046875,80653400,0.18725792970723062,-0.5819565,-0.3842857143,108.6615,109.3683,97.22938,3.3,0.19767078569999996
2021-12-06,15380.7900390625,74842900,0.1953778108512702,-0.5819565,-0.3842857143,108.6615,109.3683,97.22938,3.3,0.19767078569999996
2021-12-07,15813.9404296875,86195400,0.2215609489112745,-0.5819565,-0.3842857143,108.6615,109.3683,97.22938,3.3,0.19767078569999996
2021-12-08,15687.08984375,72088200,0.2230408594896041,-0.5819565,-0.3842857143,108.6615,109.3683,97.22938,3.3,0.19767078569999996
2021-12-09,15639.259765625,60664300,0.2229314468402505,-0.5819565,-0.3842857143,108.6615,109.3683,97.22938,3.3,0.19767078569999996
2021-12-10,15623.3095703125,58755300,0.22279722558099288,-0.5819565,-0.3842857143,108.6615,109.3683,97.22938,3.3,0.19767078569999996
2021-12-13,15621.7197265625,56995000,0.22272659018944485,-0.5819565,-0.3842857143,108.6615,109.3683,97.22938,3.3,0.19767078569999996
2021-12-14,15453.5595703125,62436700,0.22434362742221928,-0.5819565,-0.3842857143,108.6615,109.3683,97.22938,3.3,0.19767078569999996
2021-12-15,15476.349609375,54560500,0.22278620525010823,-0.5819565,-0.3842857143,108.6615,109.3683,97.22938,3.3,0.19767078569999996
2021-12-16,15636.400390625,87304300,0.2269058315145276,-0.5819565,-0.3842857143,108.6615,109.3683,97.22938,3.3,0.19767078569999996
2021-12-17,15531.6904296875,140842600,0.2275561682846175,-0.5819565,-0.3842857143,108.6615,109.3683,97.22938,3.3,0.19767078569999996
2021-12-20,15239.669921875,69118800,0.2348918335766418,-0.5819565,-0.3842857143,108.6615,109.3683,97.22938,3.3,0.19767078569999996
2021-12-21,15447.4404296875,53329700,0.2415946658374592,-0.5819565,-0.3842857143,108.6615,109.3683,97.22938,3.3,0.19767078569999996
2021-12-22,15593.4697265625,42996600,0.24223383507602397,-0.5819565,-0.3842857143,108.6615,109.3683,97.22938,3.3,0.19767078569999996
2021-12-23,15756.3095703125,43253900,0.24513391482115218,-0.5819565,-0.3842857143,108.6615,109.3683,97.22938,3.3,0.19767078569999996
2021-12-27,15835.25,28899600,0.24564372072803792,-0.5819565,-0.3842857143,108.6615,109.3683,97.22938,3.3,0.19767078569999996
2021-12-28,15963.7001953125,34021000,0.19528376831540742,-0.5819565,-0.3842857143,108.6615,109.3683,97.22938,3.3,0.19767078569999996
2021-12-29,15852.25,34973900,0.19787740278538624,-0.5819565,-0.3842857143,108.6615,109.3683,97.22938,3.3,0.19767078569999996
2021-12-30,15884.8603515625,32456600,0.19155326623458904,-0.5819565,-0.3842857143,108.6615,109.3683,97.22938,3.3,0.19767078569999996
2022-01-03,16020.73046875,56865800,0.17549479485842448,-0.5601429,-0.1147619048,116.1294,109.1354,97.03608,3.3,0.4453809952
2022-01-04,16152.6103515625,75187400,0.16767316625422768,-0.5601429,-0.1147619048,116.1294,109.1354,97.03608,3.3,0.4453809952
2022-01-05,16271.75,68244500,0.16518594852753,-0.5601429,-0.1147619048,116.1294,109.1354,97.03608,3.3,0.4453809952
2022-01-06,16052.0302734375,75756700,0.1704251535884738,-0.5601429,-0.1147619048,116.1294,109.1354,97.03608,3.3,0.4453809952
2022-01-07,15947.740234375,74469300,0.14383723417862418,-0.5601429,-0.1147619048,116.1294,109.1354,97.03608,3.3,0.4453809952
2022-01-10,15768.26953125,82834300,0.14664160314123137,-0.5601429,-0.1147619048,116.1294,109.1354,97.03608,3.3,0.4453809952
2022-01-11,15941.8095703125,74622100,0.15064123808588492,-0.5601429,-0.1147619048,116.1294,109.1354,97.03608,3.3,0.4453809952
2022-01-12,16010.3203125,69357000,0.15088850747479043,-0.5601429,-0.1147619048,116.1294,109.1354,97.03608,3.3,0.4453809952
2022-01-13,16031.58984375,72976100,0.15081327950930207,-0.5601429,-0.1147619048,116.1294,109.1354,97.03608,3.3,0.4453809952
2022-01-14,15883.240234375,80457700,0.1493772056641753,-0.5601429,-0.1147619048,116.1294,109.1354,97.03608,3.3,0.4453809952
2022-01-17,15933.7197265625,46576400,0.149511749630508,-0.5601429,-0.1147619048,116.1294,109.1354,97.03608,3.3,0.4453809952
2022-01-18,15772.5595703125,70557600,0.1509350267135149,-0.5601429,-0.1147619048,116.1294,109.1354,97.03608,3.3,0.4453809952
2022-01-19,15809.7197265625,74923900,0.14877188211725362,-0.5601429,-0.1147619048,116.1294,109.1354,97.03608,3.3,0.4453809952
2022-01-20,15912.330078125,62979800,0.13137917370767663,-0.5601429,-0.1147619048,116.1294,109.1354,97.03608,3.3,0.4453809952
2022-01-21,15603.8798828125,105899500,0.1440109115172541,-0.5601429,-0.1147619048,116.1294,109.1354,97.03608,3.3,0.4453809952
2022-01-24,15011.1298828125,115815500,0.19252494060778863,-0.5601429,-0.1147619048,116.1294,109.1354,97.03608,3.3,0.4453809952
2022-01-25,15123.8701171875,86066500,0.19044367053266187,-0.5601429,-0.1147619048,116.1294,109.1354,97.03608,3.3,0.4453809952
2022-01-26,15459.3896484375,82970700,0.2068579948678242,-0.5601429,-0.1147619048,116.1294,109.1354,97.03608,3.3,0.4453809952
2022-01-27,15524.26953125,105993600,0.2051076767158062,-0.5601429,-0.1147619048,116.1294,109.1354,97.03608,3.3,0.4453809952
2022-01-28,15318.9501953125,91381200,0.20842079354625279,-0.5601429,-0.1147619048,116.1294,109.1354,97.03608,3.3,0.4453809952
2022-01-31,15471.2001953125,88305600,0.21189657820671795,-0.5601429,-0.1147619048,116.1294,109.1354,97.03608,3.3,0.4453809952
2022-02-01,15619.3896484375,74929400,0.2125180408450212,-0.5315,0.15,116.1294,109.6488,97.61598,3.2,0.6815
2022-02-02,15613.76953125,66319500,0.2098206010344292,-0.5315,0.15,116.1294,109.6488,97.61598,3.2,0.6815
2022-02-03,15368.4697265625,104951100,0.21269461140259502,-0.5315,0.15,116.1294,109.6488,97.61598,3.2,0.6815
2022-02-04,15099.5595703125,93799100,0.21569645311864782,-0.5315,0.15,116.1294,109.6488,97.61598,3.2,0.6815
2022-02-07,15206.6396484375,71120600,0.21790276155236735,-0.5315,0.15,116.1294,109.6488,97.61598,3.2,0.6815
2022-02-08,15242.3798828125,80957900,0.21584564861213595,-0.5315,0.15,116.1294,109.6488,97.61598,3.2,0.6815
2022-02-09,15482.009765625,85342900,0.21987557034267718,-0.5315,0.15,116.1294,109.6488,97.61598,3.2,0.6815
2022-02-10,15490.4404296875,94694700,0.21905444004846858,-0.5315,0.15,116.1294,109.6488,97.61598,3.2,0.6815
2022-02-11,15425.1201171875,100055100,0.21900114154353453,-0.5315,0.15,116.1294,109.6488,97.61598,3.2,0.6815
2022-02-14,15113.9697265625,119705200,0.22684424209472567,-0.5315,0.15,116.1294,109.6488,97.61598,3.2,0.6815
2022-02-15,15412.7099609375,83214500,0.23881928982578707,-0.5315,0.15,116.1294,109.6488,97.61598,3.2,0.6815
2022-02-16,15396.0703125,31633100,0.23674205605351387,-0.5315,0.15,116.1294,109.6488,97.61598,3.2,0.6815
2022-02-17,15267.6298828125,78678300,0.23770546247061594,-0.5315,0.15,116.1294,109.6488,97.61598,3.2,0.6815
2022-02-18,15042.509765625,87529800,0.2400232639199228,-0.5315,0.15,116.1294,109.6488,97.61598,3.2,0.6815
2022-02-21,14731.1201171875,78145800,0.2412258470193194,-0.5315,0.15,116.1294,109.6488,97.61598,3.2,0.6815
2022-02-22,14693.0,115316300,0.20416426340635233,-0.5315,0.15,116.1294,109.6488,97.61598,3.2,0.6815
2022-02-23,14631.3603515625,89094500,0.20207516713092377,-0.5315,0.15,116.1294,109.6488,97.61598,3.2,0.6815
2022-02-24,14052.099609375,219860100,0.22307049495966116,-0.5315,0.15,116.1294,109.6488,97.61598,3.2,0.6815
2022-02-25,14567.23046875,160377100,0.2635730520726644,-0.5315,0.15,116.1294,109.6488,97.61598,3.2,0.6815
2022-02-28,14461.01953125,160848700,0.2614349959015517,-0.5315,0.15,116.1294,109.6488,97.61598,3.2,0.6815
2022-03-01,13904.849609375,145245900,0.28486972106829805,-0.4954348,0.2817391304,116.1294,110.6494,92.68686,3.2,0.7771739304
2022-03-02,14000.1103515625,158825300,0.28327332731077964,-0.4954348,0.2817391304,116.1294,110.6494,92.68686,3.2,0.7771739304
2022-03-03,13698.400390625,118913500,0.2883225843077364,-0.4954348,0.2817391304,116.1294,110.6494,92.68686,3.2,0.7771739304
2022-03-04,13094.5400390625,178566000,0.3157420021136149,-0.4954348,0.2817391304,116.1294,110.6494,92.68686,3.2,0.7771739304
2022-03-07,12834.650390625,192412700,0.3167913966547495,-0.4954348,0.2817391304,116.1294,110.6494,92.68686,3.2,0.7771739304
2022-03-08,12831.509765625,172923800,0.31353102216597534,-0.4954348,0.2817391304,116.1294,110.6494,92.68686,3.2,0.7771739304
2022-03-09,13847.9296875,177828900,0.43472602682818756,-0.4954348,0.2817391304,116.1294,110.6494,92.68686,3.2,0.7771739304
2022-03-10,13442.099609375,148856700,0.4366963396866793,-0.4954348,0.2817391304,116.1294,110.6494,92.68686,3.2,0.7771739304
2022-03-11,13628.1103515625,130836100,0.44174013187295696,-0.4954348,0.2817391304,116.1294,110.6494,92.68686,3.2,0.7771739304
2022-03-14,13929.1103515625,118949300,0.45214172072190956,-0.4954348,0.2817391304,116.1294,110.6494,92.68686,3.2,0.7771739304
2022-03-15,13917.26953125,101279000,0.44862542618432644,-0.4954348,0.2817391304,116.1294,110.6494,92.68686,3.2,0.7771739304
2022-03-16,14440.740234375,138610100,0.4642966755630825,-0.4954348,0.2817391304,116.1294,110.6494,92.68686,3.2,0.7771739304
2022-03-17,14388.0595703125,96870400,0.46426926899694504,-0.4954348,0.2817391304,116.1294,110.6494,92.68686,3.2,0.7771739304
2022-03-18,14413.08984375,181197700,0.4640713271029094,-0.4954348,0.2817391304,116.1294,110.6494,92.68686,3.2,0.7771739304
2022-03-21,14326.9697265625,69806300,0.4621073542625493,-0.4954348,0.2817391304,116.1294,110.6494,92.68686,3.2,0.7771739304
2022-03-22,14473.2001953125,79554100,0.45867105158824417,-0.4954348,0.2817391304,116.1294,110.6494,92.68686,3.2,0.7771739304
2022-03-23,14283.650390625,76384100,0.46072859829290047,-0.4954348,0.2817391304,116.1294,110.6494,92.68686,3.2,0.7771739304
2022-03-24,14273.7900390625,77315500,0.46057740872811087,-0.4954348,0.2817391304,116.1294,110.6494,92.68686,3.2,0.7771739304
2022-03-25,14305.759765625,73042400,0.43842930233433863,-0.4954348,0.2817391304,116.1294,110.6494,92.68686,3.2,0.7771739304
2022-03-28,14417.3701171875,70588000,0.4200412555176737,-0.4954348,0.2817391304,116.1294,110.6494,92.68686,3.2,0.7771739304
2022-03-29,14820.330078125,99659400,0.43012627048289503,-0.4954348,0.2817391304,116.1294,110.6494,92.68686,3.2,0.7771739304
2022-03-30,14606.0498046875,76506500,0.4095655647733927,-0.4954348,0.2817391304,116.1294,110.6494,92.68686,3.2,0.7771739304
2022-03-31,14414.75,88194400,0.41280827941001635,-0.4954348,0.2817391304,116.1294,110.6494,92.68686,3.2,0.7771739304
2022-04-01,14446.48046875,72477600,0.40405437342230427,-0.4478947,0.7463157895,116.1294,111.2879,94.42654,3.1,1.1942104895
2022-04-04,14518.16015625,69362800,0.36624378506204647,-0.4478947,0.7463157895,116.1294,111.2879,94.42654,3.1,1.1942104895
2022-04-05,14424.3603515625,79130600,0.3575536112347042,-0.4478947,0.7463157895,116.1294,111.2879,94.42654,3.1,1.1942104895
2022-04-06,14151.6904296875,104304600,0.3672459378235071,-0.4478947,0.7463157895,116.1294,111.2879,94.42654,3.1,1.1942104895
2022-04-07,14078.150390625,84791200,0.2496876954936431,-0.4478947,0.7463157895,116.1294,111.2879,94.42654,3.1,1.1942104895
2022-04-08,14283.669921875,74244800,0.22815000623538864,-0.4478947,0.7463157895,116.1294,111.2879,94.42654,3.1,1.1942104895
2022-04-11,14192.7802734375,69814800,0.22677919352200113,-0.4478947,0.7463157895,116.1294,111.2879,94.42654,3.1,1.1942104895
2022-04-12,14124.9501953125,104676200,0.21566696882253936,-0.4478947,0.7463157895,116.1294,111.2879,94.42654,3.1,1.1942104895
2022-04-13,14076.4404296875,80458200,0.21609423051837262,-0.4478947,0.7463157895,116.1294,111.2879,94.42654,3.1,1.1942104895
2022-04-14,14163.849609375,87530500,0.17106396411075198,-0.4478947,0.7463157895,116.1294,111.2879,94.42654,3.1,1.1942104895
2022-04-19,14153.4599609375,70608100,0.17076449740348743,-0.4478947,0.7463157895,116.1294,111.2879,94.42654,3.1,1.1942104895
2022-04-20,14362.0302734375,75486900,0.17887303448067346,-0.4478947,0.7463157895,116.1294,111.2879,94.42654,3.1,1.1942104895
2022-04-21,14502.41015625,78397500,0.18067604301360088,-0.4478947,0.7463157895,116.1294,111.2879,94.42654,3.1,1.1942104895
2022-04-22,14142.08984375,82415500,0.1973282097037416,-0.4478947,0.7463157895,116.1294,111.2879,94.42654,3.1,1.1942104895
2022-04-25,13924.169921875,85275400,0.19926357341470516,-0.4478947,0.7463157895,116.1294,111.2879,94.42654,3.1,1.1942104895
2022-04-26,13756.400390625,98346100,0.2027954520441915,-0.4478947,0.7463157895,116.1294,111.2879,94.42654,3.1,1.1942104895
2022-04-27,13793.9404296875,134621900,0.202921591086508,-0.4478947,0.7463157895,116.1294,111.2879,94.42654,3.1,1.1942104895
2022-04-28,13979.83984375,97665400,0.2071622245890783,-0.4478947,0.7463157895,116.1294,111.2879,94.42654,3.1,1.1942104895
2022-04-29,14097.8798828125,102033100,0.1818304895497406,-0.4478947,0.7463157895,116.1294,111.2879,94.42654,3.1,1.1942104895
2022-05-02,13939.0703125,85974500,0.17946399372034938,-0.3857273,0.9527272727,116.1294,111.9431,94.81314,3.1,1.3384545727
2022-05-03,14039.4697265625,86472700,0.17764695105426118,-0.3857273,0.9527272727,116.1294,111.9431,94.81314,3.1,1.3384545727
2022-05-04,13970.8203125,71631100,0.17763684582015557,-0.3857273,0.9527272727,116.1294,111.9431,94.81314,3.1,1.3384545727
2022-05-05,13902.51953125,86031700,0.176371744883134,-0.3857273,0.9527272727,116.1294,111.9431,94.81314,3.1,1.3384545727
2022-05-06,13674.2900390625,96547800,0.18279749815987173,-0.3857273,0.9527272727,116.1294,111.9431,94.81314,3.1,1.3384545727
2022-05-09,13380.669921875,82759800,0.1858967152101152,-0.3857273,0.9527272727,116.1294,111.9431,94.81314,3.1,1.3384545727
2022-05-10,13534.740234375,84927900,0.1918714170368741,-0.3857273,0.9527272727,116.1294,111.9431,94.81314,3.1,1.3384545727
2022-05-11,13828.6396484375,107719800,0.20090649593827503,-0.3857273,0.9527272727,116.1294,111.9431,94.81314,3.1,1.3384545727
2022-05-12,13739.6396484375,110587600,0.20092900004704733,-0.3857273,0.9527272727,116.1294,111.9431,94.81314,3.1,1.3384545727
2022-05-13,14027.9296875,90805300,0.21491028784152746,-0.3857273,0.9527272727,116.1294,111.9431,94.81314,3.1,1.3384545727
2022-05-16,13964.3798828125,67914800,0.21514887838249577,-0.3857273,0.9527272727,116.1294,111.9431,94.81314,3.1,1.3384545727
2022-05-17,14185.9404296875,71183700,0.2213376995544624,-0.3857273,0.9527272727,116.1294,111.9431,94.81314,3.1,1.3384545727
2022-05-18,14007.759765625,69356900,0.22569276538559338,-0.3857273,0.9527272727,116.1294,111.9431,94.81314,3.1,1.3384545727
2022-05-19,13882.2998046875,82304500,0.22054101091047007,-0.3857273,0.9527272727,116.1294,111.9431,94.81314,3.1,1.3384545727
2022-05-20,13981.91015625,83084600,0.2190419367075158,-0.3857273,0.9527272727,116.1294,111.9431,94.81314,3.1,1.3384545727
2022-05-23,14175.400390625,60577400,0.2081425096370767,-0.3857273,0.9527272727,116.1294,111.9431,94.81314,3.1,1.3384545727
2022-05-24,13919.75,70956400,0.21080407060833942,-0.3857273,0.9527272727,116.1294,111.9431,94.81314,3.1,1.3384545727
2022-05-25,14007.9296875,64007200,0.20707527136555795,-0.3857273,0.9527272727,116.1294,111.9431,94.81314,3.1,1.3384545727
2022-05-26,14231.2900390625,57436000,0.21347280189487597,-0.3857273,0.9527272727,116.1294,111.9431,94.81314,3.1,1.3384545727
2022-05-27,14462.1904296875,71341500,0.21560505034211688,-0.3857273,0.9527272727,116.1294,111.9431,94.81314,3.1,1.3384545727
2022-05-30,14575.98046875,54721200,0.2153875086658909,-0.3857273,0.9527272727,116.1294,111.9431,94.81314,3.1,1.3384545727
2022-05-31,14388.349609375,146716000,0.21667294292152064,-0.3857273,0.9527272727,116.1294,111.9431,94.81314,3.1,1.3384545727
2022-06-01,14340.4697265625,68008900,0.21631269129731473,-0.2392273,1.445,116.1294,111.8255,95.68299,3.1,1.6842273
2022-06-02,14485.169921875,50049600,0.21730917417495416,-0.2392273,1.445,116.1294,111.8255,95.68299,3.1,1.6842273
2022-06-03,14460.08984375,46395500,0.21635554474470156,-0.2392273,1.445,116.1294,111.8255,95.68299,3.1,1.6842273
2022-06-06,14653.8095703125,38135700,0.208967895260402,-0.2392273,1.445,116.1294,111.8255,95.68299,3.1,1.6842273
2022-06-07,14556.6201171875,51840700,0.1923938138368078,-0.2392273,1.445,116.1294,111.8255,95.68299,3.1,1.6842273
2022-06-08,14445.990234375,61851500,0.19448142355527717,-0.2392273,1.445,116.1294,111.8255,95.68299,3.1,1.6842273
2022-06-09,14198.7998046875,64865200,0.19436279394235292,-0.2392273,1.445,116.1294,111.8255,95.68299,3.1,1.6842273
2022-06-10,13761.830078125,89335800,0.2228202191951975,-0.2392273,1.445,116.1294,111.8255,95.68299,3.1,1.6842273
2022-06-13,13427.0302734375,91214200,0.22477186691379422,-0.2392273,1.445,116.1294,111.8255,95.68299,3.1,1.6842273
2022-06-14,13304.3896484375,78302700,0.22599069573273275,-0.2392273,1.445,116.1294,111.8255,95.68299,3.1,1.6842273
2022-06-15,13485.2900390625,80763200,0.22383075794947022,-0.2392273,1.445,116.1294,111.8255,95.68299,3.1,1.6842273
2022-06-16,13038.490234375,104048800,0.2459483650622802,-0.2392273,1.445,116.1294,111.8255,95.68299,3.1,1.6842273
2022-06-17,13126.259765625,190391800,0.24739686872035185,-0.2392273,1.445,116.1294,111.8255,95.68299,3.1,1.6842273
2022-06-20,13265.599609375,54602700,0.2493791956896486,-0.2392273,1.445,116.1294,111.8255,95.68299,3.1,1.6842273
2022-06-21,13292.400390625,64763900,0.24297118922722868,-0.2392273,1.445,116.1294,111.8255,95.68299,3.1,1.6842273
2022-06-22,13144.2802734375,76135600,0.23871405376574614,-0.2392273,1.445,116.1294,111.8255,95.68299,3.1,1.6842273
2022-06-23,12912.58984375,99254200,0.2418029713639746,-0.2392273,1.445,116.1294,111.8255,95.68299,3.1,1.6842273
2022-06-24,13118.1298828125,95705800,0.2417747760073808,-0.2392273,1.445,116.1294,111.8255,95.68299,3.1,1.6842273
2022-06-27,13186.0703125,69024800,0.23314461996975339,-0.2392273,1.445,116.1294,111.8255,95.68299,3.1,1.6842273
2022-06-28,13231.8203125,61092900,0.2307410260492808,-0.2392273,1.445,116.1294,111.8255,95.68299,3.1,1.6842273
2022-06-29,13003.349609375,70350700,0.2332397691251174,-0.2392273,1.445,116.1294,111.8255,95.68299,3.1,1.6842273
2022-06-30,12783.76953125,114222900,0.23693140111574224,-0.2392273,1.445,116.1294,111.8255,95.68299,3.1,1.6842273
2022-07-01,12813.0302734375,80285900,0.23201579084573043,0.036619,1.0819047619,116.1294,112.4116,95.58634,3.1,1.0452857619
2022-07-04,12773.3798828125,52500200,0.23176834230702087,0.036619,1.0819047619,116.1294,112.4116,95.58634,3.1,1.0452857619
2022-07-05,12401.2001953125,90489700,0.234231840059577,0.036619,1.0819047619,116.1294,112.4116,95.58634,3.1,1.0452857619
2022-07-06,12594.51953125,78681400,0.24789183151808378,0.036619,1.0819047619,116.1294,112.4116,95.58634,3.1,1.0452857619
2022-07-07,12843.2197265625,79392500,0.2642749170629262,0.036619,1.0819047619,116.1294,112.4116,95.58634,3.1,1.0452857619
2022-07-08,13015.23046875,75193100,0.26841086283005455,0.036619,1.0819047619,116.1294,112.4116,95.58634,3.1,1.0452857619
2022-07-11,12832.4404296875,55461200,0.25320767054068805,0.036619,1.0819047619,116.1294,112.4116,95.58634,3.1,1.0452857619
2022-07-12,12905.48046875,65198400,0.24278926487675312,0.036619,1.0819047619,116.1294,112.4116,95.58634,3.1,1.0452857619
2022-07-13,12756.3203125,63030200,0.24385816247524783,0.036619,1.0819047619,116.1294,112.4116,95.58634,3.1,1.0452857619
2022-07-14,12519.66015625,72613000,0.24356586762334198,0.036619,1.0819047619,116.1294,112.4116,95.58634,3.1,1.0452857619
2022-07-15,12864.7197265625,77498400,0.24100419593182232,0.036619,1.0819047619,116.1294,112.4116,95.58634,3.1,1.0452857619
2022-07-18,12959.8095703125,61274100,0.24126540189388382,0.036619,1.0819047619,116.1294,112.4116,95.58634,3.1,1.0452857619
2022-07-19,13308.41015625,73418300,0.25680866691836307,0.036619,1.0819047619,116.1294,112.4116,95.58634,3.1,1.0452857619
2022-07-20,13281.98046875,75183800,0.25684118290772584,0.036619,1.0819047619,116.1294,112.4116,95.58634,3.1,1.0452857619
2022-07-21,13246.6396484375,87886300,0.25383109155597866,0.036619,1.0819047619,116.1294,112.4116,95.58634,3.1,1.0452857619
2022-07-22,13253.6796875,76076400,0.2451456088716963,0.036619,1.0819047619,116.1294,112.4116,95.58634,3.1,1.0452857619
2022-07-25,13210.3203125,56561100,0.23973607574715133,0.036619,1.0819047619,116.1294,112.4116,95.58634,3.1,1.0452857619
2022-07-26,13096.9296875,58207700,0.24104647258559403,0.036619,1.0819047619,116.1294,112.4116,95.58634,3.1,1.0452857619
2022-07-27,13166.3798828125,79894900,0.24148264458258467,0.036619,1.0819047619,116.1294,112.4116,95.58634,3.1,1.0452857619
2022-07-28,13282.1103515625,74308800,0.2349598987577274,0.036619,1.0819047619,116.1294,112.4116,95.58634,3.1,1.0452857619
2022-07-29,13484.0498046875,82631600,0.23023132168678082,0.036619,1.0819047619,116.1294,112.4116,95.58634,3.1,1.0452857619
2022-08-01,13479.6298828125,57227900,0.23046034107128055,0.3947391,1.0343478261,116.1294,112.6783,94.52319,3.1,0.6396087261000001
2022-08-02,13449.2001953125,56681200,0.23022158458826295,0.3947391,1.0343478261,116.1294,112.6783,94.52319,3.1,0.6396087261000001
2022-08-03,13587.5595703125,63636000,0.20041036921586974,0.3947391,1.0343478261,116.1294,112.6783,94.52319,3.1,0.6396087261000001
2022-08-04,13662.6796875,64719800,0.19634477814156726,0.3947391,1.0343478261,116.1294,112.6783,94.52319,3.1,0.6396087261000001
2022-08-05,13573.9296875,62482000,0.19071717036660288,0.3947391,1.0343478261,116.1294,112.6783,94.52319,3.1,0.6396087261000001
2022-08-08,13687.6904296875,51639200,0.18794874950703547,0.3947391,1.0343478261,116.1294,112.6783,94.52319,3.1,0.6396087261000001
2022-08-09,13534.9697265625,51015000,0.18499594412865925,0.3947391,1.0343478261,116.1294,112.6783,94.52319,3.1,0.6396087261000001
2022-08-10,13700.9296875,56490500,0.18775618360951965,0.3947391,1.0343478261,116.1294,112.6783,94.52319,3.1,0.6396087261000001
2022-08-11,13694.509765625,54583800,0.1807833912203282,0.3947391,1.0343478261,116.1294,112.6783,94.52319,3.1,0.6396087261000001
2022-08-12,13795.849609375,58498800,0.1624120418450547,0.3947391,1.0343478261,116.1294,112.6783,94.52319,3.1,0.6396087261000001
2022-08-15,13816.6103515625,37843500,0.13964964711424022,0.3947391,1.0343478261,116.1294,112.6783,94.52319,3.1,0.6396087261000001
2022-08-16,13910.1201171875,50947100,0.1394439603686998,0.3947391,1.0343478261,116.1294,112.6783,94.52319,3.1,0.6396087261000001
2022-08-17,13626.7099609375,57254300,0.13521161277042182,0.3947391,1.0343478261,116.1294,112.6783,94.52319,3.1,0.6396087261000001
2022-08-18,13697.41015625,47668000,0.13539175238788378,0.3947391,1.0343478261,116.1294,112.6783,94.52319,3.1,0.6396087261000001
2022-08-19,13544.51953125,65997300,0.1417393957995271,0.3947391,1.0343478261,116.1294,112.6783,94.52319,3.1,0.6396087261000001
2022-08-22,13230.5703125,68371700,0.1648471400336156,0.3947391,1.0343478261,116.1294,112.6783,94.52319,3.1,0.6396087261000001
2022-08-23,13194.23046875,53963000,0.1647271468220131,0.3947391,1.0343478261,116.1294,112.6783,94.52319,3.1,0.6396087261000001
2022-08-24,13220.0595703125,46809500,0.16183342103051626,0.3947391,1.0343478261,116.1294,112.6783,94.52319,3.1,0.6396087261000001
2022-08-25,13271.9599609375,41621200,0.1613877381917992,0.3947391,1.0343478261,116.1294,112.6783,94.52319,3.1,0.6396087261000001
2022-08-26,12971.4697265625,67305400,0.17685927899891477,0.3947391,1.0343478261,116.1294,112.6783,94.52319,3.1,0.6396087261000001
2022-08-29,12892.990234375,54303000,0.1672883901248745,0.3947391,1.0343478261,116.1294,112.6783,94.52319,3.1,0.6396087261000001
2022-08-30,12961.1396484375,62479300,0.1691486553478392,0.3947391,1.0343478261,116.1294,112.6783,94.52319,3.1,0.6396087261000001
2022-08-31,12834.9599609375,82999700,0.17136595266611396,0.3947391,1.0343478261,116.1294,112.6783,94.52319,3.1,0.6396087261000001
2022-09-01,12630.23046875,61602700,0.17144170404568318,1.0108636,1.7954545455,116.1294,113.9994,96.45618,3.1,0.7845909455
2022-09-02,13050.26953125,67336800,0.21182350105234396,1.0108636,1.7954545455,116.1294,113.9994,96.45618,3.1,0.7845909455
2022-09-05,12760.7802734375,62869400,0.22262320685984158,1.0108636,1.7954545455,116.1294,113.9994,96.45618,3.1,0.7845909455
2022-09-06,12871.4404296875,53636500,0.22281032442443935,1.0108636,1.7954545455,116.1294,113.9994,96.45618,3.1,0.7845909455
2022-09-07,12915.9697265625,67128300,0.22167737526225906,1.0108636,1.7954545455,116.1294,113.9994,96.45618,3.1,0.7845909455
2022-09-08,12904.3203125,71242600,0.21551089266859966,1.0108636,1.7954545455,116.1294,113.9994,96.45618,3.1,0.7845909455
2022-09-09,13088.2099609375,67719300,0.2233715217006041,1.0108636,1.7954545455,116.1294,113.9994,96.45618,3.1,0.7845909455
2022-09-12,13402.26953125,67046400,0.2390731386414014,1.0108636,1.7954545455,116.1294,113.9994,96.45618,3.1,0.7845909455
2022-09-13,13188.9501953125,68434200,0.24409028738692173,1.0108636,1.7954545455,116.1294,113.9994,96.45618,3.1,0.7845909455
2022-09-14,13028.0,62448700,0.24425372014785152,1.0108636,1.7954545455,116.1294,113.9994,96.45618,3.1,0.7845909455
2022-09-15,12956.66015625,67761600,0.23622303967402314,1.0108636,1.7954545455,116.1294,113.9994,96.45618,3.1,0.7845909455
2022-09-16,12741.259765625,148557300,0.23958002254090371,1.0108636,1.7954545455,116.1294,113.9994,96.45618,3.1,0.7845909455
2022-09-19,12803.240234375,49575200,0.23941261109139295,1.0108636,1.7954545455,116.1294,113.9994,96.45618,3.1,0.7845909455
2022-09-20,12670.830078125,62735600,0.22940903281173106,1.0108636,1.7954545455,116.1294,113.9994,96.45618,3.1,0.7845909455
2022-09-21,12767.150390625,55268200,0.2317492780063281,1.0108636,1.7954545455,116.1294,113.9994,96.45618,3.1,0.7845909455
2022-09-22,12531.6298828125,66525600,0.23863028488993288,1.0108636,1.7954545455,116.1294,113.9994,96.45618,3.1,0.7845909455
2022-09-23,12284.1904296875,86711600,0.24469001851710603,1.0108636,1.7954545455,116.1294,113.9994,96.45618,3.1,0.7845909455
2022-09-26,12227.919921875,67273900,0.23474392544542239,1.0108636,1.7954545455,116.1294,113.9994,96.45618,3.1,0.7845909455
2022-09-27,12139.6796875,78962200,0.23498804059206815,1.0108636,1.7954545455,116.1294,113.9994,96.45618,3.1,0.7845909455
2022-09-28,12183.2802734375,96220900,0.23432960896621013,1.0108636,1.7954545455,116.1294,113.9994,96.45618,3.1,0.7845909455
2022-09-29,11975.5498046875,87998400,0.23837719228176205,1.0108636,1.7954545455,116.1294,113.9994,96.45618,3.1,0.7845909455
2022-09-30,12114.3603515625,89235000,0.23888948391067094,1.0108636,1.7954545455,116.1294,113.9994,96.45618,3.1,0.7845909455
2022-10-03,12209.48046875,63674200,0.20572027353761885,1.4276667,2.1866666667,116.1294,114.4215,95.39304,3.1,0.7589999666999998
2022-10-04,12670.48046875,80240300,0.23788574925143124,1.4276667,2.1866666667,116.1294,114.4215,95.39304,3.1,0.7589999666999998
2022-10-05,12517.1796875,62392400,0.23896934467554892,1.4276667,2.1866666667,116.1294,114.4215,95.39304,3.1,0.7589999666999998
2022-10-06,12470.7802734375,53529600,0.2384897713306889,1.4276667,2.1866666667,116.1294,114.4215,95.39304,3.1,0.7589999666999998
2022-10-07,12273.0,56973200,0.24354309739053326,1.4276667,2.1866666667,116.1294,114.4215,95.39304,3.1,0.7589999666999998
2022-10-10,12272.9404296875,68341800,0.23625323400669,1.4276667,2.1866666667,116.1294,114.4215,95.39304,3.1,0.7589999666999998
2022-10-11,12220.25,64611700,0.21495907163442013,1.4276667,2.1866666667,116.1294,114.4215,95.39304,3.1,0.7589999666999998
2022-10-12,12172.259765625,67186400,0.2107669007830586,1.4276667,2.1866666667,116.1294,114.4215,95.39304,3.1,0.7589999666999998
2022-10-13,12355.580078125,88446300,0.21799193980097373,1.4276667,2.1866666667,116.1294,114.4215,95.39304,3.1,0.7589999666999998
2022-10-14,12437.8095703125,82478300,0.2198992284727646,1.4276667,2.1866666667,116.1294,114.4215,95.39304,3.1,0.7589999666999998
2022-10-17,12649.0302734375,57195500,0.2222590435180494,1.4276667,2.1866666667,116.1294,114.4215,95.39304,3.1,0.7589999666999998
2022-10-18,12765.6103515625,65991900,0.2240259268945789,1.4276667,2.1866666667,116.1294,114.4215,95.39304,3.1,0.7589999666999998
2022-10-19,12741.41015625,63632000,0.2210254056383514,1.4276667,2.1866666667,116.1294,114.4215,95.39304,3.1,0.7589999666999998
2022-10-20,12767.41015625,52824400,0.2195631155255493,1.4276667,2.1866666667,116.1294,114.4215,95.39304,3.1,0.7589999666999998
2022-10-21,12730.900390625,82221400,0.20938344158248348,1.4276667,2.1866666667,116.1294,114.4215,95.39304,3.1,0.7589999666999998
2022-10-24,12931.4501953125,62919300,0.20138000705056822,1.4276667,2.1866666667,116.1294,114.4215,95.39304,3.1,0.7589999666999998
2022-10-25,13052.9599609375,69239900,0.20098691063252141,1.4276667,2.1866666667,116.1294,114.4215,95.39304,3.1,0.7589999666999998
2022-10-26,13195.8095703125,65691700,0.19897504913052166,1.4276667,2.1866666667,116.1294,114.4215,95.39304,3.1,0.7589999666999998
2022-10-27,13211.23046875,72246300,0.1992229476411031,1.4276667,2.1866666667,116.1294,114.4215,95.39304,3.1,0.7589999666999998
2022-10-28,13243.330078125,64191000,0.18422738207800363,1.4276667,2.1866666667,116.1294,114.4215,95.39304,3.1,0.7589999666999998
2022-10-31,13253.740234375,59049500,0.18305666768909062,1.4276667,2.1866666667,116.1294,114.4215,95.39304,3.1,0.7589999666999998
2022-11-01,13338.740234375,51443700,0.18277775729797732,1.8252273,2.0663636364,116.1294,114.5428,96.35954,3.1,0.2411363364000001
2022-11-02,13256.740234375,54426400,0.13965615377101925,1.8252273,2.0663636364,116.1294,114.5428,96.35954,3.1,0.2411363364000001
2022-11-03,13130.1904296875,52294100,0.13661103661740187,1.8252273,2.0663636364,116.1294,114.5428,96.35954,3.1,0.2411363364000001
2022-11-04,13459.849609375,76643400,0.15573443865549116,1.8252273,2.0663636364,116.1294,114.5428,96.35954,3.1,0.2411363364000001
2022-11-07,13533.51953125,56990600,0.1385876556738681,1.8252273,2.0663636364,116.1294,114.5428,96.35954,3.1,0.2411363364000001
2022-11-08,13688.75,60728100,0.13937508207960098,1.8252273,2.0663636364,116.1294,114.5428,96.35954,3.1,0.2411363364000001
2022-11-09,13666.3203125,64013300,0.1373740670994151,1.8252273,2.0663636364,116.1294,114.5428,96.35954,3.1,0.2411363364000001
2022-11-10,14146.08984375,114862700,0.1673452450692736,1.8252273,2.0663636364,116.1294,114.5428,96.35954,3.1,0.2411363364000001
2022-11-11,14224.8603515625,103682300,0.1649652559523475,1.8252273,2.0663636364,116.1294,114.5428,96.35954,3.1,0.2411363364000001
2022-11-14,14313.2998046875,72405100,0.16497647484349875,1.8252273,2.0663636364,116.1294,114.5428,96.35954,3.1,0.2411363364000001
2022-11-15,14378.509765625,77960600,0.16084019258187285,1.8252273,2.0663636364,116.1294,114.5428,96.35954,3.1,0.2411363364000001
2022-11-16,14234.0302734375,76202800,0.1698348992832276,1.8252273,2.0663636364,116.1294,114.5428,96.35954,3.1,0.2411363364000001
2022-11-17,14266.3798828125,58048700,0.1682306897616103,1.8252273,2.0663636364,116.1294,114.5428,96.35954,3.1,0.2411363364000001
2022-11-18,14431.8603515625,93252600,0.16904615152635274,1.8252273,2.0663636364,116.1294,114.5428,96.35954,3.1,0.2411363364000001
2022-11-21,14379.9296875,48082900,0.16954741384323116,1.8252273,2.0663636364,116.1294,114.5428,96.35954,3.1,0.2411363364000001
2022-11-22,14422.349609375,50364700,0.1659063297519208,1.8252273,2.0663636364,116.1294,114.5428,96.35954,3.1,0.2411363364000001
2022-11-23,14427.58984375,51115900,0.16602012755291962,1.8252273,2.0663636364,116.1294,114.5428,96.35954,3.1,0.2411363364000001
2022-11-24,14539.5595703125,50503400,0.16490578109737966,1.8252273,2.0663636364,116.1294,114.5428,96.35954,3.1,0.2411363364000001
2022-11-25,14541.3798828125,46218800,0.16522496532016362,1.8252273,2.0663636364,116.1294,114.5428,96.35954,3.1,0.2411363364000001
2022-11-28,14383.3603515625,53336900,0.17366051858739376,1.8252273,2.0663636364,116.1294,114.5428,96.35954,3.1,0.2411363364000001
2022-11-29,14355.4501953125,51089400,0.174550145708602,1.8252273,2.0663636364,116.1294,114.5428,96.35954,3.1,0.2411363364000001
2022-11-30,14397.0400390625,97644000,0.17432856703029118,1.8252273,2.0663636364,116.1294,114.5428,96.35954,3.1,0.2411363364000001
2022-12-01,14490.2998046875,61595900,0.17079363012304624,2.0634762,2.0852380952,116.1294,115.093,94.23325,3.1,0.021761895199999604
2022-12-02,14529.3896484375,55190800,0.16339276912905415,2.0634762,2.0852380952,116.1294,115.093,94.23325,3.1,0.021761895199999604
2022-12-05,14447.6103515625,50074900,0.1495637591482017,2.0634762,2.0852380952,116.1294,115.093,94.23325,3.1,0.021761895199999604
2022-12-06,14343.1904296875,50930900,0.15377828658607157,2.0634762,2.0852380952,116.1294,115.093,94.23325,3.1,0.021761895199999604
2022-12-07,14261.1904296875,52784800,0.15311377006009902,2.0634762,2.0852380952,116.1294,115.093,94.23325,3.1,0.021761895199999604
2022-12-08,14264.5595703125,47362200,0.1526901086166896,2.0634762,2.0852380952,116.1294,115.093,94.23325,3.1,0.021761895199999604
2022-12-09,14370.7197265625,52573000,0.09735699603252299,2.0634762,2.0852380952,116.1294,115.093,94.23325,3.1,0.021761895199999604
2022-12-12,14306.6298828125,46459100,0.09732500046937996,2.0634762,2.0852380952,116.1294,115.093,94.23325,3.1,0.021761895199999604
2022-12-13,14497.8896484375,68062200,0.10561190531017763,2.0634762,2.0852380952,116.1294,115.093,94.23325,3.1,0.021761895199999604
2022-12-14,14460.2001953125,59754000,0.10516956669331583,2.0634762,2.0852380952,116.1294,115.093,94.23325,3.1,0.021761895199999604
2022-12-15,13986.23046875,87474200,0.15225633148334208,2.0634762,2.0852380952,116.1294,115.093,94.23325,3.1,0.021761895199999604
2022-12-16,13893.0703125,168807500,0.15313336134632938,2.0634762,2.0852380952,116.1294,115.093,94.23325,3.1,0.021761895199999604
2022-12-19,13942.8701171875,48853600,0.14707855963002506,2.0634762,2.0852380952,116.1294,115.093,94.23325,3.1,0.021761895199999604
2022-12-20,13884.66015625,56020300,0.14719084398270865,2.0634762,2.0852380952,116.1294,115.093,94.23325,3.1,0.021761895199999604
2022-12-21,14097.8203125,44585400,0.15792765518590077,2.0634762,2.0852380952,116.1294,115.093,94.23325,3.1,0.021761895199999604
2022-12-22,13914.0703125,42893400,0.16316461573785263,2.0634762,2.0852380952,116.1294,115.093,94.23325,3.1,0.021761895199999604
2022-12-23,13940.9296875,28738700,0.16013887049974254,2.0634762,2.0852380952,116.1294,115.093,94.23325,3.1,0.021761895199999604
2022-12-27,13995.099609375,22975000,0.16127901122689595,2.0634762,2.0852380952,116.1294,115.093,94.23325,3.1,0.021761895199999604
2022-12-28,13925.599609375,27583800,0.1583551533726373,2.0634762,2.0852380952,116.1294,115.093,94.23325,3.1,0.021761895199999604
2022-12-29,14071.7197265625,30727400,0.16367845347749888,2.0634762,2.0852380952,116.1294,115.093,94.23325,3.1,0.021761895199999604
2022-12-30,13923.58984375,24346600,0.1663396029200292,2.0634762,2.0852380952,116.1294,115.093,94.23325,3.1,0.021761895199999604
2023-01-02,14069.259765625,34978500,0.1693051333769831,2.3448636,2.1927272727,123.0349,115.3309,96.06959,3.1,-0.15213632730000004
2023-01-03,14181.669921875,57907500,0.17187179961849702,2.3448636,2.1927272727,123.0349,115.3309,96.06959,3.1,-0.15213632730000004
2023-01-04,14490.7802734375,76221600,0.1882375978398754,2.3448636,2.1927272727,123.0349,115.3309,96.06959,3.1,-0.15213632730000004
2023-01-05,14436.3095703125,60947500,0.1868896203658228,2.3448636,2.1927272727,123.0349,115.3309,96.06959,3.1,-0.15213632730000004
2023-01-06,14610.01953125,55433700,0.1896936643167436,2.3448636,2.1927272727,123.0349,115.3309,96.06959,3.1,-0.15213632730000004
2023-01-09,14792.830078125,64976500,0.1936180324505884,2.3448636,2.1927272727,123.0349,115.3309,96.06959,3.1,-0.15213632730000004
2023-01-10,14774.599609375,57438600,0.19276538594554118,2.3448636,2.1927272727,123.0349,115.3309,96.06959,3.1,-0.15213632730000004
2023-01-11,14947.91015625,66367800,0.19472221338657203,2.3448636,2.1927272727,123.0349,115.3309,96.06959,3.1,-0.15213632730000004
2023-01-12,15058.2998046875,65971500,0.1914591476564917,2.3448636,2.1927272727,123.0349,115.3309,96.06959,3.1,-0.15213632730000004
2023-01-13,15086.51953125,66451100,0.19076700863945997,2.3448636,2.1927272727,123.0349,115.3309,96.06959,3.1,-0.15213632730000004
2023-01-16,15134.0400390625,42102700,0.14252378606952298,2.3448636,2.1927272727,123.0349,115.3309,96.06959,3.1,-0.15213632730000004
2023-01-17,15187.0703125,57914400,0.1373791301477752,2.3448636,2.1927272727,123.0349,115.3309,96.06959,3.1,-0.15213632730000004
2023-01-18,15181.7998046875,58258000,0.13830377345986106,2.3448636,2.1927272727,123.0349,115.3309,96.06959,3.1,-0.15213632730000004
2023-01-19,14920.3603515625,64167400,0.15456371815059802,2.3448636,2.1927272727,123.0349,115.3309,96.06959,3.1,-0.15213632730000004
2023-01-20,15033.5595703125,64031100,0.14929732865655485,2.3448636,2.1927272727,123.0349,115.3309,96.06959,3.1,-0.15213632730000004
2023-01-23,15102.9501953125,39903900,0.13729089368002478,2.3448636,2.1927272727,123.0349,115.3309,96.06959,3.1,-0.15213632730000004
2023-01-24,15093.1103515625,48335400,0.13805804259622415,2.3448636,2.1927272727,123.0349,115.3309,96.06959,3.1,-0.15213632730000004
2023-01-25,15081.6396484375,53589900,0.13896708569491573,2.3448636,2.1927272727,123.0349,115.3309,96.06959,3.1,-0.15213632730000004
2023-01-26,15132.849609375,62001200,0.13544440254364742,2.3448636,2.1927272727,123.0349,115.3309,96.06959,3.1,-0.15213632730000004
2023-01-27,15150.0302734375,55135800,0.1336607793618766,2.3448636,2.1927272727,123.0349,115.3309,96.06959,3.1,-0.15213632730000004
2023-01-30,15126.080078125,54664400,0.12510318448132407,2.3448636,2.1927272727,123.0349,115.3309,96.06959,3.1,-0.15213632730000004
2023-01-31,15128.26953125,57047200,0.12346390956899353,2.3448636,2.1927272727,123.0349,115.3309,96.06959,3.1,-0.15213632730000004
2023-02-01,15180.740234375,57095200,0.12237653816335699,2.64035,2.3705,123.0349,116.0786,97.90593,3.0,-0.26985000000000037
2023-02-02,15509.1904296875,122979300,0.12207137159991889,2.64035,2.3705,123.0349,116.0786,97.90593,3.0,-0.26985000000000037
2023-02-03,15476.4296875,76253700,0.12100572156274772,2.64035,2.3705,123.0349,116.0786,97.90593,3.0,-0.26985000000000037
2023-02-06,15345.91015625,54430400,0.12324195325691448,2.64035,2.3705,123.0349,116.0786,97.90593,3.0,-0.26985000000000037
2023-02-07,15320.8798828125,56184100,0.11821404584654373,2.64035,2.3705,123.0349,116.0786,97.90593,3.0,-0.26985000000000037
2023-02-08,15412.0498046875,61344800,0.11858875878721237,2.64035,2.3705,123.0349,116.0786,97.90593,3.0,-0.26985000000000037
2023-02-09,15523.419921875,66247500,0.11492105303931947,2.64035,2.3705,123.0349,116.0786,97.90593,3.0,-0.26985000000000037
2023-02-10,15307.98046875,65755600,0.1251136803061684,2.64035,2.3705,123.0349,116.0786,97.90593,3.0,-0.26985000000000037
2023-02-13,15397.33984375,38580400,0.1262850487095748,2.64035,2.3705,123.0349,116.0786,97.90593,3.0,-0.26985000000000037
2023-02-14,15380.5595703125,56427200,0.12623035179383735,2.64035,2.3705,123.0349,116.0786,97.90593,3.0,-0.26985000000000037
2023-02-15,15506.33984375,49065600,0.12850970764926606,2.64035,2.3705,123.0349,116.0786,97.90593,3.0,-0.26985000000000037
2023-02-16,15533.6396484375,66113500,0.12843409737258113,2.64035,2.3705,123.0349,116.0786,97.90593,3.0,-0.26985000000000037
2023-02-17,15482.0,70462400,0.11130601817340821,2.64035,2.3705,123.0349,116.0786,97.90593,3.0,-0.26985000000000037
2023-02-20,15477.5498046875,33610800,0.10946092567838042,2.64035,2.3705,123.0349,116.0786,97.90593,3.0,-0.26985000000000037
2023-02-21,15397.6201171875,47050500,0.11108227842798694,2.64035,2.3705,123.0349,116.0786,97.90593,3.0,-0.26985000000000037
2023-02-22,15399.8896484375,54879700,0.11097213323598308,2.64035,2.3705,123.0349,116.0786,97.90593,3.0,-0.26985000000000037
2023-02-23,15475.6904296875,51347600,0.11159232388520535,2.64035,2.3705,123.0349,116.0786,97.90593,3.0,-0.26985000000000037
2023-02-24,15209.740234375,141484400,0.1281564159421264,2.64035,2.3705,123.0349,116.0786,97.90593,3.0,-0.26985000000000037
2023-02-27,15381.4296875,58764200,0.13372287320612924,2.64035,2.3705,123.0349,116.0786,97.90593,3.0,-0.26985000000000037
2023-02-28,15365.1396484375,93757000,0.13362016367964746,2.64035,2.3705,123.0349,116.0786,97.90593,3.0,-0.26985000000000037
2023-03-01,15305.01953125,72243100,0.13459915535224842,2.9105652,2.3834782609,123.0349,116.9915,95.68299,3.0,-0.5270869391000002
2023-03-02,15327.6396484375,62593100,0.13423848464934965,2.9105652,2.3834782609,123.0349,116.9915,95.68299,3.0,-0.5270869391000002
2023-03-03,15578.3896484375,67122500,0.1246700934594599,2.9105652,2.3834782609,123.0349,116.9915,95.68299,3.0,-0.5270869391000002
2023-03-06,15653.580078125,69392600,0.12533489502723796,2.9105652,2.3834782609,123.0349,116.9915,95.68299,3.0,-0.5270869391000002
2023-03-07,15559.5302734375,68603300,0.12340603645490042,2.9105652,2.3834782609,123.0349,116.9915,95.68299,3.0,-0.5270869391000002
2023-03-08,15631.8701171875,64604200,0.12383633332473759,2.9105652,2.3834782609,123.0349,116.9915,95.68299,3.0,-0.5270869391000002
2023-03-09,15633.2099609375,59687500,0.12253367542193189,2.9105652,2.3834782609,123.0349,116.9915,95.68299,3.0,-0.5270869391000002
2023-03-10,15427.9697265625,114116400,0.12900531851700073,2.9105652,2.3834782609,123.0349,116.9915,95.68299,3.0,-0.5270869391000002
2023-03-13,14959.4697265625,157697900,0.15988289653679505,2.9105652,2.3834782609,123.0349,116.9915,95.68299,3.0,-0.5270869391000002
2023-03-14,15232.830078125,101464500,0.17197665494321188,2.9105652,2.3834782609,123.0349,116.9915,95.68299,3.0,-0.5270869391000002
2023-03-15,14735.259765625,157452200,0.20504724021704385,2.9105652,2.3834782609,123.0349,116.9915,95.68299,3.0,-0.5270869391000002
2023-03-16,14967.099609375,141054600,0.2113279885526819,2.9105652,2.3834782609,123.0349,116.9915,95.68299,3.0,-0.5270869391000002
2023-03-17,14768.2001953125,217024000,0.21471691111738608,2.9105652,2.3834782609,123.0349,116.9915,95.68299,3.0,-0.5270869391000002
2023-03-20,14933.3798828125,125262600,0.2196831627921404,2.9105652,2.3834782609,123.0349,116.9915,95.68299,3.0,-0.5270869391000002
2023-03-21,15195.33984375,94322300,0.22951278244136838,2.9105652,2.3834782609,123.0349,116.9915,95.68299,3.0,-0.5270869391000002
2023-03-22,15216.1904296875,82685900,0.22905442534624015,2.9105652,2.3834782609,123.0349,116.9915,95.68299,3.0,-0.5270869391000002
2023-03-23,15210.3896484375,82739800,0.22904395604259878,2.9105652,2.3834782609,123.0349,116.9915,95.68299,3.0,-0.5270869391000002
2023-03-24,14957.23046875,181078000,0.23473641886267524,2.9105652,2.3834782609,123.0349,116.9915,95.68299,3.0,-0.5270869391000002
2023-03-27,15127.6796875,90911900,0.23155663642287982,2.9105652,2.3834782609,123.0349,116.9915,95.68299,3.0,-0.5270869391000002
2023-03-28,15142.01953125,73013800,0.22785876215935597,2.9105652,2.3834782609,123.0349,116.9915,95.68299,3.0,-0.5270869391000002
2023-03-29,15328.7802734375,81824600,0.23223546012064558,2.9105652,2.3834782609,123.0349,116.9915,95.68299,3.0,-0.5270869391000002
2023-03-30,15522.400390625,77412500,0.2357767640282972,2.9105652,2.3834782609,123.0349,116.9915,95.68299,3.0,-0.5270869391000002
2023-03-31,15628.83984375,86968700,0.2367125611293658,2.9105652,2.3834782609,123.0349,116.9915,95.68299,3.0,-0.5270869391000002
2023-04-03,15580.919921875,70893100,0.23034508475670284,3.1794444,2.3594444444,123.0349,117.6424,95.39304,3.0,-0.8199999556000002
2023-04-04,15603.4697265625,64484200,0.22976974632761146,3.1794444,2.3594444444,123.0349,117.6424,95.39304,3.0,-0.8199999556000002
2023-04-05,15520.169921875,78217100,0.22956264228652026,3.1794444,2.3594444444,123.0349,117.6424,95.39304,3.0,-0.8199999556000002
2023-04-06,15597.8896484375,62790900,0.2296578426795583,3.1794444,2.3594444444,123.0349,117.6424,95.39304,3.0,-0.8199999556000002
2023-04-11,15655.169921875,63070200,0.2300111298078671,3.1794444,2.3594444444,123.0349,117.6424,95.39304,3.0,-0.8199999556000002
2023-04-12,15703.599609375,65206700,0.22500573023311507,3.1794444,2.3594444444,123.0349,117.6424,95.39304,3.0,-0.8199999556000002
2023-04-13,15729.4599609375,53361500,0.19408578116814867,3.1794444,2.3594444444,123.0349,117.6424,95.39304,3.0,-0.8199999556000002
2023-04-14,15807.5,78563300,0.1857216726311555,3.1794444,2.3594444444,123.0349,117.6424,95.39304,3.0,-0.8199999556000002
2023-04-17,15789.5302734375,60200000,0.13789228500488845,3.1794444,2.3594444444,123.0349,117.6424,95.39304,3.0,-0.8199999556000002
2023-04-18,15882.669921875,63384400,0.13077217285302428,3.1794444,2.3594444444,123.0349,117.6424,95.39304,3.0,-0.8199999556000002
2023-04-19,15895.2001953125,55122300,0.11725694436046362,3.1794444,2.3594444444,123.0349,117.6424,95.39304,3.0,-0.8199999556000002
2023-04-20,15795.9697265625,74754500,0.11846441309698337,3.1794444,2.3594444444,123.0349,117.6424,95.39304,3.0,-0.8199999556000002
2023-04-21,15881.66015625,77403200,0.10613665339247018,3.1794444,2.3594444444,123.0349,117.6424,95.39304,3.0,-0.8199999556000002
2023-04-24,15863.9501953125,50552200,0.10670778314291485,3.1794444,2.3594444444,123.0349,117.6424,95.39304,3.0,-0.8199999556000002
2023-04-25,15872.1298828125,66489300,0.10649971529895591,3.1794444,2.3594444444,123.0349,117.6424,95.39304,3.0,-0.8199999556000002
2023-04-26,15795.73046875,74374600,0.08630264466259302,3.1794444,2.3594444444,123.0349,117.6424,95.39304,3.0,-0.8199999556000002
2023-04-27,15800.4501953125,79622200,0.08043823128816834,3.1794444,2.3594444444,123.0349,117.6424,95.39304,3.0,-0.8199999556000002
2023-04-28,15922.3798828125,91511200,0.0826192492398939,3.1794444,2.3594444444,123.0349,117.6424,95.39304,3.0,-0.8199999556000002
2023-05-02,15726.9404296875,80224800,0.08909471893816395,3.3717273,2.3422727273,123.0349,117.7147,95.29639,3.0,-1.0294545726999997
2023-05-03,15815.0595703125,61988400,0.08070054473878054,3.3717273,2.3422727273,123.0349,117.7147,95.29639,3.0,-1.0294545726999997
2023-05-04,15734.240234375,81687600,0.08022040407952206,3.3717273,2.3422727273,123.0349,117.7147,95.29639,3.0,-1.0294545726999997
2023-05-05,15961.01953125,69955200,0.09276136242479495,3.3717273,2.3422727273,123.0349,117.7147,95.29639,3.0,-1.0294545726999997
2023-05-08,15952.830078125,40927300,0.0929345168368601,3.3717273,2.3422727273,123.0349,117.7147,95.29639,3.0,-1.0294545726999997
2023-05-09,15955.48046875,60426400,0.09006266261519251,3.3717273,2.3422727273,123.0349,117.7147,95.29639,3.0,-1.0294545726999997
2023-05-10,15896.23046875,67473800,0.09064481342162788,3.3717273,2.3422727273,123.0349,117.7147,95.29639,3.0,-1.0294545726999997
2023-05-11,15834.91015625,67890500,0.09151094824217042,3.3717273,2.3422727273,123.0349,117.7147,95.29639,3.0,-1.0294545726999997
2023-05-12,15913.8203125,62915400,0.09240011896219279,3.3717273,2.3422727273,123.0349,117.7147,95.29639,3.0,-1.0294545726999997
2023-05-15,15917.240234375,53099400,0.0923385188585354,3.3717273,2.3422727273,123.0349,117.7147,95.29639,3.0,-1.0294545726999997
2023-05-16,15897.9296875,63874300,0.09111738580067938,3.3717273,2.3422727273,123.0349,117.7147,95.29639,3.0,-1.0294545726999997
2023-05-17,15951.2998046875,89827900,0.09156111521759505,3.3717273,2.3422727273,123.0349,117.7147,95.29639,3.0,-1.0294545726999997
2023-05-18,16163.3603515625,73640100,0.10022797664500395,3.3717273,2.3422727273,123.0349,117.7147,95.29639,3.0,-1.0294545726999997
2023-05-19,16275.3798828125,90102600,0.10241228096014497,3.3717273,2.3422727273,123.0349,117.7147,95.29639,3.0,-1.0294545726999997
2023-05-22,16223.990234375,54200300,0.10014007228168186,3.3717273,2.3422727273,123.0349,117.7147,95.29639,3.0,-1.0294545726999997
2023-05-23,16152.8603515625,56755000,0.10080315024344097,3.3717273,2.3422727273,123.0349,117.7147,95.29639,3.0,-1.0294545726999997
2023-05-24,15842.1298828125,65922900,0.12242708660900842,3.3717273,2.3422727273,123.0349,117.7147,95.29639,3.0,-1.0294545726999997
2023-05-25,15793.7998046875,66145400,0.12284680533381728,3.3717273,2.3422727273,123.0349,117.7147,95.29639,3.0,-1.0294545726999997
2023-05-26,15983.9697265625,57308100,0.12862208983080164,3.3717273,2.3422727273,123.0349,117.7147,95.29639,3.0,-1.0294545726999997
2023-05-29,15952.73046875,24247000,0.1289240758726389,3.3717273,2.3422727273,123.0349,117.7147,95.29639,3.0,-1.0294545726999997
2023-05-30,15908.91015625,54563500,0.12660657064347924,3.3717273,2.3422727273,123.0349,117.7147,95.29639,3.0,-1.0294545726999997
2023-05-31,15664.01953125,172555100,0.13080465335619582,3.3717273,2.3422727273,123.0349,117.7147,95.29639,3.0,-1.0294545726999997
2023-06-01,15853.66015625,55198400,0.13624138658528553,3.5358636,2.3763636364,123.0349,118.1327,93.9433,3.0,-1.1594999636
2023-06-02,16051.23046875,96604000,0.1411994148505542,3.5358636,2.3763636364,123.0349,118.1327,93.9433,3.0,-1.1594999636
2023-06-05,15963.8896484375,63777600,0.13398003420541663,3.5358636,2.3763636364,123.0349,118.1327,93.9433,3.0,-1.1594999636
2023-06-06,15992.4404296875,52413000,0.13409694079487633,3.5358636,2.3763636364,123.0349,118.1327,93.9433,3.0,-1.1594999636
2023-06-07,15960.5595703125,67870200,0.1343026262649148,3.5358636,2.3763636364,123.0349,118.1327,93.9433,3.0,-1.1594999636
2023-06-08,15989.9599609375,59532100,0.13371903276240868,3.5358636,2.3763636364,123.0349,118.1327,93.9433,3.0,-1.1594999636
2023-06-09,15949.83984375,58242200,0.13326984560252006,3.5358636,2.3763636364,123.0349,118.1327,93.9433,3.0,-1.1594999636
2023-06-12,16097.8701171875,61393600,0.1359457585180863,3.5358636,2.3763636364,123.0349,118.1327,93.9433,3.0,-1.1594999636
2023-06-13,16230.6796875,72345000,0.1384974843968325,3.5358636,2.3763636364,123.0349,118.1327,93.9433,3.0,-1.1594999636
2023-06-14,16310.7900390625,75755600,0.1389161488372255,3.5358636,2.3763636364,123.0349,118.1327,93.9433,3.0,-1.1594999636
2023-06-15,16290.1201171875,80150500,0.13895940257595044,3.5358636,2.3763636364,123.0349,118.1327,93.9433,3.0,-1.1594999636
2023-06-16,16357.6298828125,211233000,0.1322434181496476,3.5358636,2.3763636364,123.0349,118.1327,93.9433,3.0,-1.1594999636
2023-06-19,16201.2001953125,52459700,0.1346198965804959,3.5358636,2.3763636364,123.0349,118.1327,93.9433,3.0,-1.1594999636
2023-06-20,16111.3203125,68396400,0.1355368155274093,3.5358636,2.3763636364,123.0349,118.1327,93.9433,3.0,-1.1594999636
2023-06-21,16023.1298828125,62212100,0.13600256972550726,3.5358636,2.3763636364,123.0349,118.1327,93.9433,3.0,-1.1594999636
2023-06-22,15988.16015625,65000700,0.1177685297405854,3.5358636,2.3763636364,123.0349,118.1327,93.9433,3.0,-1.1594999636
2023-06-23,15829.9404296875,108856500,0.12262908591108508,3.5358636,2.3763636364,123.0349,118.1327,93.9433,3.0,-1.1594999636
2023-06-26,15813.0595703125,72427600,0.11475068412000385,3.5358636,2.3763636364,123.0349,118.1327,93.9433,3.0,-1.1594999636
2023-06-27,15846.8603515625,63273400,0.1149666101330281,3.5358636,2.3763636364,123.0349,118.1327,93.9433,3.0,-1.1594999636
2023-06-28,15949.0,69914300,0.11688733305988835,3.5358636,2.3763636364,123.0349,118.1327,93.9433,3.0,-1.1594999636
2023-06-29,15946.7197265625,54568800,0.10238045979573275,3.5358636,2.3763636364,123.0349,118.1327,93.9433,3.0,-1.1594999636
2023-06-30,16147.900390625,85583300,0.10309697205113665,3.5358636,2.3763636364,123.0349,118.1327,93.9433,3.0,-1.1594999636
2023-07-03,16081.0400390625,52047600,0.09538185898811258,3.6718095,2.4566666667,123.0349,118.5522,92.88016,3.0,-1.2151428333000003
2023-07-04,16039.169921875,42493900,0.09379590119029883,3.6718095,2.4566666667,123.0349,118.5522,92.88016,3.0,-1.2151428333000003
2023-07-05,15937.580078125,66456400,0.09629396557794387,3.6718095,2.4566666667,123.0349,118.5522,92.88016,3.0,-1.2151428333000003
2023-07-06,15528.5400390625,80363000,0.13076195225477302,3.6718095,2.4566666667,123.0349,118.5522,92.88016,3.0,-1.2151428333000003
2023-07-07,15603.400390625,67259700,0.13205688629266887,3.6718095,2.4566666667,123.0349,118.5522,92.88016,3.0,-1.2151428333000003
2023-07-10,15673.16015625,53384600,0.1333466873542167,3.6718095,2.4566666667,123.0349,118.5522,92.88016,3.0,-1.2151428333000003
2023-07-11,15790.33984375,60828200,0.131765056389675,3.6718095,2.4566666667,123.0349,118.5522,92.88016,3.0,-1.2151428333000003
2023-07-12,16023.0,72341400,0.13913761053226187,3.6718095,2.4566666667,123.0349,118.5522,92.88016,3.0,-1.2151428333000003
2023-07-13,16141.0302734375,64992600,0.14059793376785132,3.6718095,2.4566666667,123.0349,118.5522,92.88016,3.0,-1.2151428333000003
2023-07-14,16105.0703125,61718900,0.14070671829634107,3.6718095,2.4566666667,123.0349,118.5522,92.88016,3.0,-1.2151428333000003
2023-07-17,16068.650390625,45553500,0.1397858123267696,3.6718095,2.4566666667,123.0349,118.5522,92.88016,3.0,-1.2151428333000003
2023-07-18,16125.490234375,56765300,0.1367855631500387,3.6718095,2.4566666667,123.0349,118.5522,92.88016,3.0,-1.2151428333000003
2023-07-19,16108.9296875,62950200,0.1354432766495265,3.6718095,2.4566666667,123.0349,118.5522,92.88016,3.0,-1.2151428333000003
2023-07-20,16204.2197265625,66295300,0.13536040156767923,3.6718095,2.4566666667,123.0349,118.5522,92.88016,3.0,-1.2151428333000003
2023-07-21,16177.2197265625,69913700,0.13523989194601355,3.6718095,2.4566666667,123.0349,118.5522,92.88016,3.0,-1.2151428333000003
2023-07-24,16190.9501953125,51532000,0.12974845355569423,3.6718095,2.4566666667,123.0349,118.5522,92.88016,3.0,-1.2151428333000003
2023-07-25,16211.58984375,56468900,0.1295077083899848,3.6718095,2.4566666667,123.0349,118.5522,92.88016,3.0,-1.2151428333000003
2023-07-26,16131.4599609375,76242600,0.13118582615730204,3.6718095,2.4566666667,123.0349,118.5522,92.88016,3.0,-1.2151428333000003
2023-07-27,16406.029296875,96512200,0.14154418058755736,3.6718095,2.4566666667,123.0349,118.5522,92.88016,3.0,-1.2151428333000003
2023-07-28,16469.75,70297300,0.1416840356003987,3.6718095,2.4566666667,123.0349,118.5522,92.88016,3.0,-1.2151428333000003
2023-07-31,16446.830078125,60748100,0.1361321843718509,3.6718095,2.4566666667,123.0349,118.5522,92.88016,3.0,-1.2151428333000003
2023-08-01,16240.400390625,63456600,0.14300748468426755,3.7803043,2.5456521739,123.0349,118.8866,92.78351,3.1,-1.2346521260999999
2023-08-02,16020.01953125,74404800,0.1508452554314712,3.7803043,2.5456521739,123.0349,118.8866,92.78351,3.1,-1.2346521260999999
2023-08-03,15893.3798828125,82642000,0.15177009894720084,3.7803043,2.5456521739,123.0349,118.8866,92.78351,3.1,-1.2346521260999999
2023-08-04,15951.8603515625,77046600,0.12022452201875043,3.7803043,2.5456521739,123.0349,118.8866,92.78351,3.1,-1.2346521260999999
2023-08-07,15950.759765625,68246900,0.11961648262868116,3.7803043,2.5456521739,123.0349,118.8866,92.78351,3.1,-1.2346521260999999
2023-08-08,15774.9296875,80939300,0.12595002206633446,3.7803043,2.5456521739,123.0349,118.8866,92.78351,3.1,-1.2346521260999999
2023-08-09,15852.580078125,65516200,0.12442769473769985,3.7803043,2.5456521739,123.0349,118.8866,92.78351,3.1,-1.2346521260999999
2023-08-10,15996.51953125,74907500,0.11746171896949179,3.7803043,2.5456521739,123.0349,118.8866,92.78351,3.1,-1.2346521260999999
2023-08-11,15832.169921875,60296700,0.11930395105841683,3.7803043,2.5456521739,123.0349,118.8866,92.78351,3.1,-1.2346521260999999
2023-08-14,15904.25,43608500,0.12065245469863387,3.7803043,2.5456521739,123.0349,118.8866,92.78351,3.1,-1.2346521260999999
2023-08-15,15767.2802734375,45352200,0.12374052301486432,3.7803043,2.5456521739,123.0349,118.8866,92.78351,3.1,-1.2346521260999999
2023-08-16,15789.4501953125,39651700,0.12300161922977837,3.7803043,2.5456521739,123.0349,118.8866,92.78351,3.1,-1.2346521260999999
2023-08-17,15676.900390625,48603400,0.12483701260013082,3.7803043,2.5456521739,123.0349,118.8866,92.78351,3.1,-1.2346521260999999
2023-08-18,15574.259765625,59909500,0.1232609667570725,3.7803043,2.5456521739,123.0349,118.8866,92.78351,3.1,-1.2346521260999999
2023-08-21,15603.2802734375,45251100,0.12393463645892533,3.7803043,2.5456521739,123.0349,118.8866,92.78351,3.1,-1.2346521260999999
2023-08-22,15705.6201171875,42807400,0.12695007139352257,3.7803043,2.5456521739,123.0349,118.8866,92.78351,3.1,-1.2346521260999999
2023-08-23,15728.41015625,53425400,0.12699864761931037,3.7803043,2.5456521739,123.0349,118.8866,92.78351,3.1,-1.2346521260999999
2023-08-24,15621.490234375,48251600,0.12780899674649182,3.7803043,2.5456521739,123.0349,118.8866,92.78351,3.1,-1.2346521260999999
2023-08-25,15631.8203125,44315200,0.10914372465445517,3.7803043,2.5456521739,123.0349,118.8866,92.78351,3.1,-1.2346521260999999
2023-08-28,15792.6103515625,43473300,0.11575021626584464,3.7803043,2.5456521739,123.0349,118.8866,92.78351,3.1,-1.2346521260999999
2023-08-29,15930.8798828125,49760000,0.12158125868553626,3.7803043,2.5456521739,123.0349,118.8866,92.78351,3.1,-1.2346521260999999
2023-08-30,15891.9296875,49478600,0.11484865900005384,3.7803043,2.5456521739,123.0349,118.8866,92.78351,3.1,-1.2346521260999999
2023-08-31,15947.080078125,92766900,0.10620794482621206,3.7803043,2.5456521739,123.0349,118.8866,92.78351,3.1,-1.2346521260999999
2023-09-01,15840.33984375,54045200,0.10517771366994734,3.8800476,2.6614285714,123.0349,119.0932,91.72036,3.1,-1.2186190286
2023-09-04,15824.849609375,34752500,0.10428119322907918,3.8800476,2.6614285714,123.0349,119.0932,91.72036,3.1,-1.2186190286
2023-09-05,15771.7099609375,73334000,0.10478671221778353,3.8800476,2.6614285714,123.0349,119.0932,91.72036,3.1,-1.2186190286
2023-09-06,15741.3701171875,63047100,0.09779880838495329,3.8800476,2.6614285714,123.0349,119.0932,91.72036,3.1,-1.2186190286
2023-09-07,15718.66015625,59410800,0.09616579036939533,3.8800476,2.6614285714,123.0349,119.0932,91.72036,3.1,-1.2186190286
2023-09-08,15740.2998046875,63810400,0.09012394309097589,3.8800476,2.6614285714,123.0349,119.0932,91.72036,3.1,-1.2186190286
2023-09-11,15800.990234375,65431300,0.08442778084196749,3.8800476,2.6614285714,123.0349,119.0932,91.72036,3.1,-1.2186190286
2023-09-12,15715.5302734375,58026400,0.08459159877601562,3.8800476,2.6614285714,123.0349,119.0932,91.72036,3.1,-1.2186190286
2023-09-13,15654.0302734375,68861200,0.08041521759770032,3.8800476,2.6614285714,123.0349,119.0932,91.72036,3.1,-1.2186190286
2023-09-14,15805.2900390625,77633300,0.0874419255809097,3.8800476,2.6614285714,123.0349,119.0932,91.72036,3.1,-1.2186190286
2023-09-15,15893.5302734375,179829200,0.08533317284510865,3.8800476,2.6614285714,123.0349,119.0932,91.72036,3.1,-1.2186190286
2023-09-18,15727.1201171875,58899600,0.09044163282960757,3.8800476,2.6614285714,123.0349,119.0932,91.72036,3.1,-1.2186190286
2023-09-19,15664.48046875,53581800,0.09157579493148857,3.8800476,2.6614285714,123.0349,119.0932,91.72036,3.1,-1.2186190286
2023-09-20,15781.58984375,54733100,0.09242917347134513,3.8800476,2.6614285714,123.0349,119.0932,91.72036,3.1,-1.2186190286
2023-09-21,15571.8603515625,65995100,0.10345484245385426,3.8800476,2.6614285714,123.0349,119.0932,91.72036,3.1,-1.2186190286
2023-09-22,15557.2900390625,70200200,0.1008881452854239,3.8800476,2.6614285714,123.0349,119.0932,91.72036,3.1,-1.2186190286
2023-09-25,15405.490234375,64522900,0.10611772417775171,3.8800476,2.6614285714,123.0349,119.0932,91.72036,3.1,-1.2186190286
2023-09-26,15255.8701171875,69660000,0.10265108847518477,3.8800476,2.6614285714,123.0349,119.0932,91.72036,3.1,-1.2186190286
2023-09-27,15217.4501953125,72319500,0.09546361651720393,3.8800476,2.6614285714,123.0349,119.0932,91.72036,3.1,-1.2186190286
2023-09-28,15323.5,60119100,0.10054682772189324,3.8800476,2.6614285714,123.0349,119.0932,91.72036,3.1,-1.2186190286
2023-09-29,15386.580078125,110121500,0.10099058590268774,3.8800476,2.6614285714,123.0349,119.0932,91.72036,3.1,-1.2186190286
2023-10-02,15247.2099609375,61416800,0.10278488122586402,3.9676364,2.8231818182,123.0349,119.2808,91.72036,3.1,-1.1444545817999998
2023-10-03,15085.2099609375,64881000,0.10715739197143237,3.9676364,2.8231818182,123.0349,119.2808,91.72036,3.1,-1.1444545817999998
2023-10-04,15099.919921875,75006400,0.10764562487175595,3.9676364,2.8231818182,123.0349,119.2808,91.72036,3.1,-1.1444545817999998
2023-10-05,15070.2197265625,47650800,0.10764509655471836,3.9676364,2.8231818182,123.0349,119.2808,91.72036,3.1,-1.1444545817999998
2023-10-06,15229.76953125,65528500,0.11622559670901626,3.9676364,2.8231818182,123.0349,119.2808,91.72036,3.1,-1.1444545817999998
2023-10-09,15128.1103515625,52471000,0.1170775172318681,3.9676364,2.8231818182,123.0349,119.2808,91.72036,3.1,-1.1444545817999998
2023-10-10,15423.51953125,62641300,0.1375210971264342,3.9676364,2.8231818182,123.0349,119.2808,91.72036,3.1,-1.1444545817999998
2023-10-11,15460.009765625,65776100,0.13709921860057486,3.9676364,2.8231818182,123.0349,119.2808,91.72036,3.1,-1.1444545817999998
2023-10-12,15425.0302734375,52453700,0.1367373048199683,3.9676364,2.8231818182,123.0349,119.2808,91.72036,3.1,-1.1444545817999998
2023-10-13,15186.66015625,63240100,0.14046168895832306,3.9676364,2.8231818182,123.0349,119.2808,91.72036,3.1,-1.1444545817999998
2023-10-16,15237.990234375,55502000,0.13919194648127992,3.9676364,2.8231818182,123.0349,119.2808,91.72036,3.1,-1.1444545817999998
2023-10-17,15251.6904296875,49443000,0.13597546944638944,3.9676364,2.8231818182,123.0349,119.2808,91.72036,3.1,-1.1444545817999998
2023-10-18,15094.91015625,62492400,0.1391792158882241,3.9676364,2.8231818182,123.0349,119.2808,91.72036,3.1,-1.1444545817999998
2023-10-19,15045.23046875,69923300,0.1351492366421793,3.9676364,2.8231818182,123.0349,119.2808,91.72036,3.1,-1.1444545817999998
2023-10-20,14798.4697265625,90638400,0.13873753943326267,3.9676364,2.8231818182,123.0349,119.2808,91.72036,3.1,-1.1444545817999998
2023-10-23,14800.7197265625,61261000,0.13893189182614724,3.9676364,2.8231818182,123.0349,119.2808,91.72036,3.1,-1.1444545817999998
2023-10-24,14879.9404296875,62022100,0.13861972485697072,3.9676364,2.8231818182,123.0349,119.2808,91.72036,3.1,-1.1444545817999998
2023-10-25,14892.1796875,88086100,0.13563794935529033,3.9676364,2.8231818182,123.0349,119.2808,91.72036,3.1,-1.1444545817999998
2023-10-26,14731.0498046875,121803600,0.13970861123017067,3.9676364,2.8231818182,123.0349,119.2808,91.72036,3.1,-1.1444545817999998
2023-10-27,14687.41015625,86539200,0.1363097158021068,3.9676364,2.8231818182,123.0349,119.2808,91.72036,3.1,-1.1444545817999998
2023-10-30,14716.5400390625,76179000,0.1353037929046944,3.9676364,2.8231818182,123.0349,119.2808,91.72036,3.1,-1.1444545817999998
2023-10-31,14810.33984375,75370200,0.1358399837042666,3.9676364,2.8231818182,123.0349,119.2808,91.72036,3.1,-1.1444545817999998
2023-11-01,14923.26953125,63588700,0.1348444616076715,3.9716364,2.6013636364,123.0349,118.7756,91.81701,3.2,-1.3702727636
2023-11-02,15143.599609375,89446500,0.1448106892112385,3.9716364,2.6013636364,123.0349,118.7756,91.81701,3.2,-1.3702727636
2023-11-03,15189.25,93603800,0.14490948922756086,3.9716364,2.6013636364,123.0349,118.7756,91.81701,3.2,-1.3702727636
2023-11-06,15135.9697265625,59212500,0.14060401220351598,3.9716364,2.6013636364,123.0349,118.7756,91.81701,3.2,-1.3702727636
2023-11-07,15152.6396484375,62049600,0.13869898245642565,3.9716364,2.6013636364,123.0349,118.7756,91.81701,3.2,-1.3702727636
2023-11-08,15229.599609375,107586700,0.12113628712524985,3.9716364,2.6013636364,123.0349,118.7756,91.81701,3.2,-1.3702727636
2023-11-09,15352.5400390625,68377100,0.12444929758632564,3.9716364,2.6013636364,123.0349,118.7756,91.81701,3.2,-1.3702727636
2023-11-10,15234.3896484375,77014100,0.12692596755360808,3.9716364,2.6013636364,123.0349,118.7756,91.81701,3.2,-1.3702727636
2023-11-13,15345.0,65170400,0.1173765871862007,3.9716364,2.6013636364,123.0349,118.7756,91.81701,3.2,-1.3702727636
2023-11-14,15614.4296875,98894400,0.13119186688993364,3.9716364,2.6013636364,123.0349,118.7756,91.81701,3.2,-1.3702727636
2023-11-15,15748.169921875,91670700,0.13363873885043334,3.9716364,2.6013636364,123.0349,118.7756,91.81701,3.2,-1.3702727636
2023-11-16,15786.6103515625,68438900,0.12651363666326257,3.9716364,2.6013636364,123.0349,118.7756,91.81701,3.2,-1.3702727636
2023-11-17,15919.16015625,81125800,0.12663958529210662,3.9716364,2.6013636364,123.0349,118.7756,91.81701,3.2,-1.3702727636
2023-11-20,15901.330078125,93605500,0.10712340121739558,3.9716364,2.6013636364,123.0349,118.7756,91.81701,3.2,-1.3702727636
2023-11-21,15900.5302734375,70926900,0.10720416083256114,3.9716364,2.6013636364,123.0349,118.7756,91.81701,3.2,-1.3702727636
2023-11-22,15957.8203125,58757800,0.10698211733263843,3.9716364,2.6013636364,123.0349,118.7756,91.81701,3.2,-1.3702727636
2023-11-23,15994.73046875,38717400,0.10666126252692223,3.9716364,2.6013636364,123.0349,118.7756,91.81701,3.2,-1.3702727636
2023-11-24,16029.490234375,46227600,0.09347344057980929,3.9716364,2.6013636364,123.0349,118.7756,91.81701,3.2,-1.3702727636
2023-11-27,15966.3701171875,50564800,0.0944509324950497,3.9716364,2.6013636364,123.0349,118.7756,91.81701,3.2,-1.3702727636
2023-11-28,15992.669921875,60601100,0.09454851267077238,3.9716364,2.6013636364,123.0349,118.7756,91.81701,3.2,-1.3702727636
2023-11-29,16166.4501953125,69366600,0.09722186094224218,3.9716364,2.6013636364,123.0349,118.7756,91.81701,3.2,-1.3702727636
2023-11-30,16215.4296875,108532100,0.09648157056387695,3.9716364,2.6013636364,123.0349,118.7756,91.81701,3.2,-1.3702727636
2023-12-01,16397.51953125,68139400,0.09218450908235665,3.9348947,2.1021052632,123.0349,119.1271,90.17397,3.2,-1.8327894368000002
2023-12-04,16404.759765625,52149300,0.0928929068398917,3.9348947,2.1021052632,123.0349,119.1271,90.17397,3.2,-1.8327894368000002
2023-12-05,16533.109375,63916000,0.09008289032394029,3.9348947,2.1021052632,123.0349,119.1271,90.17397,3.2,-1.8327894368000002
2023-12-06,16656.439453125,78581700,0.08999447720186105,3.9348947,2.1021052632,123.0349,119.1271,90.17397,3.2,-1.8327894368000002
2023-12-07,16628.990234375,76803200,0.09246172653891925,3.9348947,2.1021052632,123.0349,119.1271,90.17397,3.2,-1.8327894368000002
2023-12-08,16759.220703125,77814500,0.09233862519757531,3.9348947,2.1021052632,123.0349,119.1271,90.17397,3.2,-1.8327894368000002
2023-12-11,16794.4296875,66736100,0.08210644740899518,3.9348947,2.1021052632,123.0349,119.1271,90.17397,3.2,-1.8327894368000002
2023-12-12,16791.740234375,67862500,0.08316891070331946,3.9348947,2.1021052632,123.0349,119.1271,90.17397,3.2,-1.8327894368000002
2023-12-13,16766.05078125,65413500,0.0701279642121924,3.9348947,2.1021052632,123.0349,119.1271,90.17397,3.2,-1.8327894368000002
2023-12-14,16752.23046875,141290100,0.0689534235855686,3.9348947,2.1021052632,123.0349,119.1271,90.17397,3.2,-1.8327894368000002
2023-12-15,16751.439453125,173711500,0.0697222434525592,3.9348947,2.1021052632,123.0349,119.1271,90.17397,3.2,-1.8327894368000002
2023-12-18,16650.55078125,56720400,0.07305076799651782,3.9348947,2.1021052632,123.0349,119.1271,90.17397,3.2,-1.8327894368000002
2023-12-19,16744.41015625,59217500,0.07298806964520696,3.9348947,2.1021052632,123.0349,119.1271,90.17397,3.2,-1.8327894368000002
2023-12-20,16733.05078125,63366400,0.07329347687375905,3.9348947,2.1021052632,123.0349,119.1271,90.17397,3.2,-1.8327894368000002
2023-12-21,16687.419921875,57871300,0.07528450665932301,3.9348947,2.1021052632,123.0349,119.1271,90.17397,3.2,-1.8327894368000002
2023-12-22,16706.1796875,46295300,0.07536303915529216,3.9348947,2.1021052632,123.0349,119.1271,90.17397,3.2,-1.8327894368000002
2023-12-27,16742.0703125,37678900,0.07536272260457544,3.9348947,2.1021052632,123.0349,119.1271,90.17397,3.2,-1.8327894368000002
2023-12-28,16701.55078125,36091600,0.07400602919362345,3.9348947,2.1021052632,123.0349,119.1271,90.17397,3.2,-1.8327894368000002
2023-12-29,16751.640625,26861900,0.07403702554017712,3.9348947,2.1021052632,123.0349,119.1271,90.17397,3.2,-1.8327894368000002
2024-01-02,16769.359375,59893300,0.06707453731839544,3.9252727,2.1745454545,125.8112,119.0993,91.04382,3.2,-1.7507272454999998
2024-01-03,16538.390625,70845800,0.085712970619406,3.9252727,2.1745454545,125.8112,119.0993,91.04382,3.2,-1.7507272454999998
2024-01-04,16617.2890625,65869400,0.07857970711941832,3.9252727,2.1745454545,125.8112,119.0993,91.04382,3.2,-1.7507272454999998
2024-01-05,16594.2109375,66762900,0.0788948485959585,3.9252727,2.1745454545,125.8112,119.0993,91.04382,3.2,-1.7507272454999998
2024-01-08,16716.470703125,55073400,0.07837954539934701,3.9252727,2.1745454545,125.8112,119.0993,91.04382,3.2,-1.7507272454999998
2024-01-09,16688.359375,59798500,0.07450782965344963,3.9252727,2.1745454545,125.8112,119.0993,91.04382,3.2,-1.7507272454999998
2024-01-10,16689.810546875,61300900,0.07423638695794167,3.9252727,2.1745454545,125.8112,119.0993,91.04382,3.2,-1.7507272454999998
2024-01-11,16547.029296875,72206800,0.0746686766945248,3.9252727,2.1745454545,125.8112,119.0993,91.04382,3.2,-1.7507272454999998
2024-01-12,16704.560546875,62163000,0.08209871381904707,3.9252727,2.1745454545,125.8112,119.0993,91.04382,3.2,-1.7507272454999998
2024-01-15,16622.220703125,47795000,0.08368513447518051,3.9252727,2.1745454545,125.8112,119.0993,91.04382,3.2,-1.7507272454999998
2024-01-16,16571.6796875,73101900,0.08408890737090756,3.9252727,2.1745454545,125.8112,119.0993,91.04382,3.2,-1.7507272454999998
2024-01-17,16431.689453125,71437800,0.088445436337646,3.9252727,2.1745454545,125.8112,119.0993,91.04382,3.2,-1.7507272454999998
2024-01-18,16567.349609375,72318600,0.0939646152591232,3.9252727,2.1745454545,125.8112,119.0993,91.04382,3.2,-1.7507272454999998
2024-01-19,16555.130859375,66146800,0.09181636798835897,3.9252727,2.1745454545,125.8112,119.0993,91.04382,3.2,-1.7507272454999998
2024-01-22,16683.359375,67438700,0.09379131653868311,3.9252727,2.1745454545,125.8112,119.0993,91.04382,3.2,-1.7507272454999998
2024-01-23,16627.08984375,64365600,0.09444210802156942,3.9252727,2.1745454545,125.8112,119.0993,91.04382,3.2,-1.7507272454999998
2024-01-24,16889.919921875,74569200,0.10909295138462463,3.9252727,2.1745454545,125.8112,119.0993,91.04382,3.2,-1.7507272454999998
2024-01-25,16906.919921875,62016700,0.10908654807812902,3.9252727,2.1745454545,125.8112,119.0993,91.04382,3.2,-1.7507272454999998
2024-01-26,16961.390625,84664200,0.1093426704410738,3.9252727,2.1745454545,125.8112,119.0993,91.04382,3.2,-1.7507272454999998
2024-01-29,16941.7109375,65956600,0.10898451521609884,3.9252727,2.1745454545,125.8112,119.0993,91.04382,3.2,-1.7507272454999998
2024-01-30,16972.33984375,61107500,0.10874608896256625,3.9252727,2.1745454545,125.8112,119.0993,91.04382,3.2,-1.7507272454999998
2024-01-31,16903.759765625,84388500,0.10993049379649988,3.9252727,2.1745454545,125.8112,119.0993,91.04382,3.2,-1.7507272454999998
2024-02-01,16859.0390625,89451400,0.09795582728383938,3.9231905,2.3319047619,125.8112,119.7132,92.10696,3.2,-1.5912857380999998
2024-02-02,16918.2109375,85847300,0.09742938569696805,3.9231905,2.3319047619,125.8112,119.7132,92.10696,3.2,-1.5912857380999998
2024-02-05,16904.060546875,69935700,0.09728650182784995,3.9231905,2.3319047619,125.8112,119.7132,92.10696,3.2,-1.5912857380999998
2024-02-06,17033.240234375,75544200,0.09752067189884335,3.9231905,2.3319047619,125.8112,119.7132,92.10696,3.2,-1.5912857380999998
2024-02-07,16921.9609375,93039700,0.10054766238768242,3.9231905,2.3319047619,125.8112,119.7132,92.10696,3.2,-1.5912857380999998
2024-02-08,16963.830078125,67419300,0.10070984255706349,3.9231905,2.3319047619,125.8112,119.7132,92.10696,3.2,-1.5912857380999998
2024-02-09,16926.5,61639700,0.0955500179928633,3.9231905,2.3319047619,125.8112,119.7132,92.10696,3.2,-1.5912857380999998
2024-02-12,17037.349609375,53286500,0.09276355778722951,3.9231905,2.3319047619,125.8112,119.7132,92.10696,3.2,-1.5912857380999998
2024-02-13,16880.830078125,62956700,0.0972319316598229,3.9231905,2.3319047619,125.8112,119.7132,92.10696,3.2,-1.5912857380999998
2024-02-14,16945.48046875,53717300,0.09676589229104457,3.9231905,2.3319047619,125.8112,119.7132,92.10696,3.2,-1.5912857380999998
2024-02-15,17046.689453125,83791100,0.09163288347201835,3.9231905,2.3319047619,125.8112,119.7132,92.10696,3.2,-1.5912857380999998
2024-02-16,17117.439453125,76375500,0.08903652122237177,3.9231905,2.3319047619,125.8112,119.7132,92.10696,3.2,-1.5912857380999998
2024-02-19,17092.259765625,43224700,0.08931202766166207,3.9231905,2.3319047619,125.8112,119.7132,92.10696,3.2,-1.5912857380999998
2024-02-20,17068.4296875,62710700,0.08688506109732726,3.9231905,2.3319047619,125.8112,119.7132,92.10696,3.2,-1.5912857380999998
2024-02-21,17118.119140625,59403800,0.08552400405086001,3.9231905,2.3319047619,125.8112,119.7132,92.10696,3.2,-1.5912857380999998
2024-02-22,17370.44921875,86130500,0.08331090452409332,3.9231905,2.3319047619,125.8112,119.7132,92.10696,3.2,-1.5912857380999998
2024-02-23,17419.330078125,76799700,0.0834522201621362,3.9231905,2.3319047619,125.8112,119.7132,92.10696,3.2,-1.5912857380999998
2024-02-26,17423.23046875,53156400,0.08328987981368934,3.9231905,2.3319047619,125.8112,119.7132,92.10696,3.2,-1.5912857380999998
2024-02-27,17556.490234375,59725400,0.08557864859655796,3.9231905,2.3319047619,125.8112,119.7132,92.10696,3.2,-1.5912857380999998
2024-02-28,17601.220703125,56644500,0.08562739590816248,3.9231905,2.3319047619,125.8112,119.7132,92.10696,3.2,-1.5912857380999998
2024-02-29,17678.189453125,102738500,0.08339190419407747,3.9231905,2.3319047619,125.8112,119.7132,92.10696,3.2,-1.5912857380999998
2024-03-01,17735.0703125,85782600,0.08159896429429407,3.9231,2.3495,125.8112,120.4163,91.43041,3.3,-1.5735999999999999
2024-03-04,17716.169921875,1220700,0.08237017796627638,3.9231,2.3495,125.8112,120.4163,91.43041,3.3,-1.5735999999999999
2024-03-05,17698.400390625,74178400,0.08244979869793476,3.9231,2.3495,125.8112,120.4163,91.43041,3.3,-1.5735999999999999
2024-03-06,17716.7109375,91487700,0.08010030922087409,3.9231,2.3495,125.8112,120.4163,91.43041,3.3,-1.5735999999999999
2024-03-07,17842.849609375,86702800,0.07586719626468398,3.9231,2.3495,125.8112,120.4163,91.43041,3.3,-1.5735999999999999
2024-03-08,17814.509765625,67940300,0.07720328989292236,3.9231,2.3495,125.8112,120.4163,91.43041,3.3,-1.5735999999999999
2024-03-11,17746.26953125,66646400,0.07860601466976047,3.9231,2.3495,125.8112,120.4163,91.43041,3.3,-1.5735999999999999
2024-03-12,17965.109375,91388300,0.08487789626677474,3.9231,2.3495,125.8112,120.4163,91.43041,3.3,-1.5735999999999999
2024-03-13,17961.380859375,92880500,0.07428241600350226,3.9231,2.3495,125.8112,120.4163,91.43041,3.3,-1.5735999999999999
2024-03-14,17942.0390625,93590600,0.07550084711689149,3.9231,2.3495,125.8112,120.4163,91.43041,3.3,-1.5735999999999999
2024-03-15,17936.650390625,202910600,0.07523880396554158,3.9231,2.3495,125.8112,120.4163,91.43041,3.3,-1.5735999999999999
2024-03-18,17932.6796875,63024300,0.07550798044070102,3.9231,2.3495,125.8112,120.4163,91.43041,3.3,-1.5735999999999999
2024-03-19,17987.490234375,73421100,0.07433249978757447,3.9231,2.3495,125.8112,120.4163,91.43041,3.3,-1.5735999999999999
2024-03-20,18015.130859375,61711000,0.07310878932078148,3.9231,2.3495,125.8112,120.4163,91.43041,3.3,-1.5735999999999999
2024-03-21,18179.25,79118500,0.07653193432088508,3.9231,2.3495,125.8112,120.4163,91.43041,3.3,-1.5735999999999999
2024-03-22,18205.939453125,68616300,0.06327544470709202,3.9231,2.3495,125.8112,120.4163,91.43041,3.3,-1.5735999999999999
2024-03-25,18261.310546875,53804600,0.0633060066188096,3.9231,2.3495,125.8112,120.4163,91.43041,3.3,-1.5735999999999999
2024-03-26,18384.349609375,58786600,0.0646755886342156,3.9231,2.3495,125.8112,120.4163,91.43041,3.3,-1.5735999999999999
2024-03-27,18477.08984375,66344700,0.06269716200528701,3.9231,2.3495,125.8112,120.4163,91.43041,3.3,-1.5735999999999999
2024-03-28,18492.490234375,75716300,0.06294218990454249,3.9231,2.3495,125.8112,120.4163,91.43041,3.3,-1.5735999999999999
2024-04-02,18283.130859375,82077300,0.07824507423537563,3.8853333,2.4457142857,125.8112,120.8501,91.43041,3.4,-1.4396190143000003
2024-04-03,18367.720703125,76334900,0.07875925744402673,3.8853333,2.4457142857,125.8112,120.8501,91.43041,3.4,-1.4396190143000003
2024-04-04,18403.130859375,62521400,0.07812338010963994,3.8853333,2.4457142857,125.8112,120.8501,91.43041,3.4,-1.4396190143000003
2024-04-05,18175.0390625,77046500,0.09204398527010633,3.8853333,2.4457142857,125.8112,120.8501,91.43041,3.4,-1.4396190143000003
2024-04-08,18318.970703125,61073600,0.09485722081544726,3.8853333,2.4457142857,125.8112,120.8501,91.43041,3.4,-1.4396190143000003
2024-04-09,18076.689453125,65276400,0.10554777780359796,3.8853333,2.4457142857,125.8112,120.8501,91.43041,3.4,-1.4396190143000003
2024-04-10,18097.30078125,83348200,0.10524431616898204,3.8853333,2.4457142857,125.8112,120.8501,91.43041,3.4,-1.4396190143000003
2024-04-11,17954.48046875,84365100,0.10837550086493272,3.8853333,2.4457142857,125.8112,120.8501,91.43041,3.4,-1.4396190143000003
2024-04-12,17930.3203125,78993900,0.09969417442506276,3.8853333,2.4457142857,125.8112,120.8501,91.43041,3.4,-1.4396190143000003
2024-04-15,18026.580078125,65138500,0.10145540546173393,3.8853333,2.4457142857,125.8112,120.8501,91.43041,3.4,-1.4396190143000003
2024-04-16,17766.23046875,73217300,0.11342087109883112,3.8853333,2.4457142857,125.8112,120.8501,91.43041,3.4,-1.4396190143000003
2024-04-17,17770.01953125,55970700,0.11344304267139861,3.8853333,2.4457142857,125.8112,120.8501,91.43041,3.4,-1.4396190143000003
2024-04-18,17837.400390625,60700500,0.11437951489540751,3.8853333,2.4457142857,125.8112,120.8501,91.43041,3.4,-1.4396190143000003
2024-04-19,17737.359375,79447700,0.1151793707289731,3.8853333,2.4457142857,125.8112,120.8501,91.43041,3.4,-1.4396190143000003
2024-04-22,17860.80078125,62454400,0.11796950775415864,3.8853333,2.4457142857,125.8112,120.8501,91.43041,3.4,-1.4396190143000003
2024-04-23,18137.650390625,68529200,0.1262363035087055,3.8853333,2.4457142857,125.8112,120.8501,91.43041,3.4,-1.4396190143000003
2024-04-24,18088.69921875,75104600,0.12641803255886086,3.8853333,2.4457142857,125.8112,120.8501,91.43041,3.4,-1.4396190143000003
2024-04-25,17917.279296875,101517300,0.1296727571392597,3.8853333,2.4457142857,125.8112,120.8501,91.43041,3.4,-1.4396190143000003
2024-04-26,18161.009765625,76008600,0.136738496669674,3.8853333,2.4457142857,125.8112,120.8501,91.43041,3.4,-1.4396190143000003
2024-04-29,18118.3203125,77251000,0.13532088759895258,3.8853333,2.4457142857,125.8112,120.8501,91.43041,3.4,-1.4396190143000003
2024-04-30,17932.169921875,88206200,0.13895124781329365,3.8853333,2.4457142857,125.8112,120.8501,91.43041,3.4,-1.4396190143000003
2024-05-02,17896.5,71332200,0.13426022610355368,3.8126818,2.5195454545,125.8112,121.1453,91.43041,3.4,-1.2931363455000002
2024-05-03,18001.599609375,71259900,0.13498362635308075,3.8126818,2.5195454545,125.8112,121.1453,91.43041,3.4,-1.2931363455000002
2024-05-06,18175.2109375,46036600,0.1396052002841109,3.8126818,2.5195454545,125.8112,121.1453,91.43041,3.4,-1.2931363455000002
2024-05-07,18430.05078125,85365200,0.1413608824003857,3.8126818,2.5195454545,125.8112,121.1453,91.43041,3.4,-1.2931363455000002
2024-05-08,18498.380859375,74222500,0.13939049399056092,3.8126818,2.5195454545,125.8112,121.1453,91.43041,3.4,-1.2931363455000002
2024-05-09,18686.599609375,53613600,0.13381425052105306,3.8126818,2.5195454545,125.8112,121.1453,91.43041,3.4,-1.2931363455000002
2024-05-10,18772.849609375,87914100,0.13419982788655482,3.8126818,2.5195454545,125.8112,121.1453,91.43041,3.4,-1.2931363455000002
2024-05-13,18742.220703125,66373100,0.13020739001475073,3.8126818,2.5195454545,125.8112,121.1453,91.43041,3.4,-1.2931363455000002
2024-05-14,18716.419921875,73288600,0.13021769962351107,3.8126818,2.5195454545,125.8112,121.1453,91.43041,3.4,-1.2931363455000002
2024-05-15,18869.359375,81628700,0.13146629342932206,3.8126818,2.5195454545,125.8112,121.1453,91.43041,3.4,-1.2931363455000002
2024-05-16,18738.810546875,76322100,0.12167647197977534,3.8126818,2.5195454545,125.8112,121.1453,91.43041,3.4,-1.2931363455000002
2024-05-17,18704.419921875,75994100,0.12238111124320304,3.8126818,2.5195454545,125.8112,121.1453,91.43041,3.4,-1.2931363455000002
2024-05-20,18768.9609375,41185400,0.12234042645810803,3.8126818,2.5195454545,125.8112,121.1453,91.43041,3.4,-1.2931363455000002
2024-05-21,18726.759765625,65727800,0.12008277482492391,3.8126818,2.5195454545,125.8112,121.1453,91.43041,3.4,-1.2931363455000002
2024-05-22,18680.19921875,57984200,0.12023516201914065,3.8126818,2.5195454545,125.8112,121.1453,91.43041,3.4,-1.2931363455000002
2024-05-23,18691.3203125,63719300,0.11006240747698844,3.8126818,2.5195454545,125.8112,121.1453,91.43041,3.4,-1.2931363455000002
2024-05-24,18693.369140625,53855900,0.10915286262631312,3.8126818,2.5195454545,125.8112,121.1453,91.43041,3.4,-1.2931363455000002
2024-05-27,18774.7109375,37335400,0.10174848860128723,3.8126818,2.5195454545,125.8112,121.1453,91.43041,3.4,-1.2931363455000002
2024-05-28,18677.869140625,52670400,0.09595849433412432,3.8126818,2.5195454545,125.8112,121.1453,91.43041,3.4,-1.2931363455000002
2024-05-29,18473.2890625,59553600,0.10439959285174921,3.8126818,2.5195454545,125.8112,121.1453,91.43041,3.4,-1.2931363455000002
2024-05-30,18496.7890625,52348300,0.09609736608996959,3.8126818,2.5195454545,125.8112,121.1453,91.43041,3.4,-1.2931363455000002
2024-05-31,18497.939453125,144013800,0.09542066629080645,3.8126818,2.5195454545,125.8112,121.1453,91.43041,3.4,-1.2931363455000002
2024-06-03,18608.16015625,54181600,0.0954696700967149,3.7245,2.4845,125.8112,121.3768,91.43041,3.4,-1.2399999999999998
2024-06-04,18405.640625,81414800,0.1000399980801028,3.7245,2.4845,125.8112,121.3768,91.43041,3.4,-1.2399999999999998
2024-06-05,18575.939453125,63882100,0.09311448365195515,3.7245,2.4845,125.8112,121.3768,91.43041,3.4,-1.2399999999999998
2024-06-06,18652.669921875,60878800,0.09331562998763542,3.7245,2.4845,125.8112,121.3768,91.43041,3.4,-1.2399999999999998
2024-06-07,18557.26953125,61383200,0.08804238835152112,3.7245,2.4845,125.8112,121.3768,91.43041,3.4,-1.2399999999999998
2024-06-10,18494.890625,53451600,0.08673927433180895,3.7245,2.4845,125.8112,121.3768,91.43041,3.4,-1.2399999999999998
2024-06-11,18369.939453125,63755500,0.08921687599670536,3.7245,2.4845,125.8112,121.3768,91.43041,3.4,-1.2399999999999998
2024-06-12,18630.859375,61490000,0.10344616075017696,3.7245,2.4845,125.8112,121.3768,91.43041,3.4,-1.2399999999999998
2024-06-13,18265.6796875,72490900,0.11874035096912408,3.7245,2.4845,125.8112,121.3768,91.43041,3.4,-1.2399999999999998
2024-06-14,18002.01953125,92522600,0.12569657009088966,3.7245,2.4845,125.8112,121.3768,91.43041,3.4,-1.2399999999999998
2024-06-17,18068.2109375,57818800,0.12716217854602116,3.7245,2.4845,125.8112,121.3768,91.43041,3.4,-1.2399999999999998
2024-06-18,18131.970703125,50843000,0.12720174957799119,3.7245,2.4845,125.8112,121.3768,91.43041,3.4,-1.2399999999999998
2024-06-19,18067.91015625,52036900,0.12736044952264824,3.7245,2.4845,125.8112,121.3768,91.43041,3.4,-1.2399999999999998
2024-06-20,18254.1796875,59523600,0.13387792600584864,3.7245,2.4845,125.8112,121.3768,91.43041,3.4,-1.2399999999999998
2024-06-21,18163.51953125,154535300,0.13439472299298444,3.7245,2.4845,125.8112,121.3768,91.43041,3.4,-1.2399999999999998
2024-06-24,18325.580078125,61738700,0.13897251065975844,3.7245,2.4845,125.8112,121.3768,91.43041,3.4,-1.2399999999999998
2024-06-25,18177.619140625,54133500,0.1397098882286038,3.7245,2.4845,125.8112,121.3768,91.43041,3.4,-1.2399999999999998
2024-06-26,18155.240234375,56452300,0.13907548035505768,3.7245,2.4845,125.8112,121.3768,91.43041,3.4,-1.2399999999999998
2024-06-27,18210.55078125,54448500,0.13525252804009463,3.7245,2.4845,125.8112,121.3768,91.43041,3.4,-1.2399999999999998
2024-06-28,18235.44921875,64588100,0.1352699410925183,3.7245,2.4845,125.8112,121.3768,91.43041,3.4,-1.2399999999999998
2024-07-01,18290.66015625,55846500,0.1358534603467253,3.6848261,2.4582608696,125.8112,121.8208,91.43041,3.4,-1.2265652303999999
2024-07-02,18164.060546875,57146800,0.13546267630136427,3.6848261,2.4582608696,125.8112,121.8208,91.43041,3.4,-1.2265652303999999
2024-07-03,18374.529296875,59157800,0.13739616540454785,3.6848261,2.4582608696,125.8112,121.8208,91.43041,3.4,-1.2265652303999999
2024-07-04,18450.48046875,34330900,0.13413726856672678,3.6848261,2.4582608696,125.8112,121.8208,91.43041,3.4,-1.2265652303999999
2024-07-05,18475.44921875,45501300,0.13332694365955458,3.6848261,2.4582608696,125.8112,121.8208,91.43041,3.4,-1.2265652303999999
2024-07-08,18472.05078125,45306600,0.13222934837397332,3.6848261,2.4582608696,125.8112,121.8208,91.43041,3.4,-1.2265652303999999
2024-07-09,18236.189453125,56403100,0.1389218695452747,3.6848261,2.4582608696,125.8112,121.8208,91.43041,3.4,-1.2265652303999999
2024-07-10,18407.220703125,49277300,0.1411879959239889,3.6848261,2.4582608696,125.8112,121.8208,91.43041,3.4,-1.2265652303999999
2024-07-11,18534.560546875,50928500,0.1341189990795189,3.6848261,2.4582608696,125.8112,121.8208,91.43041,3.4,-1.2265652303999999
2024-07-12,18748.1796875,49829900,0.12002621958848932,3.6848261,2.4582608696,125.8112,121.8208,91.43041,3.4,-1.2265652303999999
2024-07-15,18590.890625,42769100,0.11159056576938436,3.6848261,2.4582608696,125.8112,121.8208,91.43041,3.4,-1.2265652303999999
2024-07-16,18518.029296875,45194900,0.11286786705128422,3.6848261,2.4582608696,125.8112,121.8208,91.43041,3.4,-1.2265652303999999
2024-07-17,18437.30078125,49011600,0.11411429314543073,3.6848261,2.4582608696,125.8112,121.8208,91.43041,3.4,-1.2265652303999999
2024-07-18,18354.759765625,52139700,0.11461369427993537,3.6848261,2.4582608696,125.8112,121.8208,91.43041,3.4,-1.2265652303999999
2024-07-19,18171.9296875,58262300,0.1148769685345222,3.6848261,2.4582608696,125.8112,121.8208,91.43041,3.4,-1.2265652303999999
2024-07-22,18407.0703125,46821100,0.12202061654444273,3.6848261,2.4582608696,125.8112,121.8208,91.43041,3.4,-1.2265652303999999
2024-07-23,18557.69921875,48611000,0.12141559209149076,3.6848261,2.4582608696,125.8112,121.8208,91.43041,3.4,-1.2265652303999999
2024-07-24,18387.4609375,71705700,0.12246359907506053,3.6848261,2.4582608696,125.8112,121.8208,91.43041,3.4,-1.2265652303999999
2024-07-25,18298.720703125,70728300,0.12375802700457093,3.6848261,2.4582608696,125.8112,121.8208,91.43041,3.4,-1.2265652303999999
2024-07-26,18417.55078125,46952600,0.12525270946806785,3.6848261,2.4582608696,125.8112,121.8208,91.43041,3.4,-1.2265652303999999
2024-07-29,18320.669921875,42845500,0.12681420172126193,3.6848261,2.4582608696,125.8112,121.8208,91.43041,3.4,-1.2265652303999999
2024-07-30,18411.1796875,43049700,0.12751275709621912,3.6848261,2.4582608696,125.8112,121.8208,91.43041,3.4,-1.2265652303999999
2024-07-31,18508.650390625,62448100,0.1257526983158716,3.6848261,2.4582608696,125.8112,121.8208,91.43041,3.4,-1.2265652303999999
2024-08-01,18083.05078125,71404300,0.14447515154965673,3.5475909,2.2077272727,125.8112,121.872,91.43041,3.4,-1.3398636272999997
2024-08-02,17661.220703125,93521900,0.16298003855389662,3.5475909,2.2077272727,125.8112,121.872,91.43041,3.4,-1.3398636272999997
2024-08-05,17339.0,101880300,0.17175821388546966,3.5475909,2.2077272727,125.8112,121.872,91.43041,3.4,-1.3398636272999997
2024-08-06,17354.3203125,78115300,0.17201542129607839,3.5475909,2.2077272727,125.8112,121.872,91.43041,3.4,-1.3398636272999997
2024-08-07,17615.150390625,73601400,0.1787659806661795,3.5475909,2.2077272727,125.8112,121.872,91.43041,3.4,-1.3398636272999997
2024-08-08,17680.400390625,61730800,0.17542944041219388,3.5475909,2.2077272727,125.8112,121.872,91.43041,3.4,-1.3398636272999997
2024-08-09,17722.880859375,0,0.17326732064228542,3.5475909,2.2077272727,125.8112,121.872,91.43041,3.4,-1.3398636272999997
2024-08-12,17726.470703125,38708600,0.16637273337452527,3.5475909,2.2077272727,125.8112,121.872,91.43041,3.4,-1.3398636272999997
2024-08-13,17812.05078125,0,0.16688917465329856,3.5475909,2.2077272727,125.8112,121.872,91.43041,3.4,-1.3398636272999997
2024-08-14,17885.599609375,0,0.16803747523281645,3.5475909,2.2077272727,125.8112,121.872,91.43041,3.4,-1.3398636272999997
2024-08-15,18183.240234375,0,0.17907667477578817,3.5475909,2.2077272727,125.8112,121.872,91.43041,3.4,-1.3398636272999997
2024-08-16,18322.400390625,63794900,0.1806901506782153,3.5475909,2.2077272727,125.8112,121.872,91.43041,3.4,-1.3398636272999997
2024-08-19,18421.689453125,43769700,0.17786333284547504,3.5475909,2.2077272727,125.8112,121.872,91.43041,3.4,-1.3398636272999997
2024-08-20,18357.51953125,42912000,0.17265778487887082,3.5475909,2.2077272727,125.8112,121.872,91.43041,3.4,-1.3398636272999997
2024-08-21,18448.94921875,36068100,0.17107765062650335,3.5475909,2.2077272727,125.8112,121.872,91.43041,3.4,-1.3398636272999997
2024-08-22,18493.390625,40950900,0.16812286721762107,3.5475909,2.2077272727,125.8112,121.872,91.43041,3.4,-1.3398636272999997
2024-08-23,18633.099609375,41122500,0.16881000132149054,3.5475909,2.2077272727,125.8112,121.872,91.43041,3.4,-1.3398636272999997
2024-08-26,18617.01953125,23952300,0.1676674253753031,3.5475909,2.2077272727,125.8112,121.872,91.43041,3.4,-1.3398636272999997
2024-08-27,18681.810546875,35308200,0.16657039231222062,3.5475909,2.2077272727,125.8112,121.872,91.43041,3.4,-1.3398636272999997
2024-08-28,18782.2890625,37615100,0.16670840024664937,3.5475909,2.2077272727,125.8112,121.872,91.43041,3.4,-1.3398636272999997
2024-08-29,18912.5703125,39421500,0.16733684017383413,3.5475909,2.2077272727,125.8112,121.872,91.43041,3.4,-1.3398636272999997
2024-08-30,18906.919921875,95583000,0.142872782515364,3.5475909,2.2077272727,125.8112,121.872,91.43041,3.4,-1.3398636272999997
2024-09-02,18930.849609375,36654700,0.10896400591623204,3.4337143,2.1671428571,125.8112,121.9985,91.43041,3.4,-1.2665714429000001
2024-09-03,18747.109375,51866700,0.0900276180010799,3.4337143,2.1671428571,125.8112,121.9985,91.43041,3.4,-1.2665714429000001
2024-09-04,18591.849609375,52360600,0.09885765949416027,3.4337143,2.1671428571,125.8112,121.9985,91.43041,3.4,-1.2665714429000001
2024-09-05,18576.5,57259500,0.09002462600845187,3.4337143,2.1671428571,125.8112,121.9985,91.43041,3.4,-1.2665714429000001
2024-09-06,18301.900390625,60804900,0.10801450265039216,3.4337143,2.1671428571,125.8112,121.9985,91.43041,3.4,-1.2665714429000001
2024-09-09,18443.560546875,43109500,0.11003518958340588,3.4337143,2.1671428571,125.8112,121.9985,91.43041,3.4,-1.2665714429000001
2024-09-10,18265.919921875,70039500,0.11702375793155395,3.4337143,2.1671428571,125.8112,121.9985,91.43041,3.4,-1.2665714429000001
2024-09-11,18330.26953125,87371800,0.11663646913881769,3.4337143,2.1671428571,125.8112,121.9985,91.43041,3.4,-1.2665714429000001
2024-09-12,18518.390625,61591100,0.12032692296504244,3.4337143,2.1671428571,125.8112,121.9985,91.43041,3.4,-1.2665714429000001
2024-09-13,18699.400390625,69687600,0.11160738009650775,3.4337143,2.1671428571,125.8112,121.9985,91.43041,3.4,-1.2665714429000001
2024-09-16,18633.109375,51208600,0.11038282927856251,3.4337143,2.1671428571,125.8112,121.9985,91.43041,3.4,-1.2665714429000001
2024-09-17,18726.080078125,60260500,0.11016739706030106,3.4337143,2.1671428571,125.8112,121.9985,91.43041,3.4,-1.2665714429000001
2024-09-18,18711.490234375,56152800,0.10923579033342251,3.4337143,2.1671428571,125.8112,121.9985,91.43041,3.4,-1.2665714429000001
2024-09-19,19002.380859375,80223000,0.11979081930908787,3.4337143,2.1671428571,125.8112,121.9985,91.43041,3.4,-1.2665714429000001
2024-09-20,18720.009765625,155117400,0.13230559651316834,3.4337143,2.1671428571,125.8112,121.9985,91.43041,3.4,-1.2665714429000001
2024-09-23,18846.7890625,67192700,0.13181540055328905,3.4337143,2.1671428571,125.8112,121.9985,91.43041,3.4,-1.2665714429000001
2024-09-24,18996.630859375,57329700,0.13411871265223327,3.4337143,2.1671428571,125.8112,121.9985,91.43041,3.4,-1.2665714429000001
2024-09-25,18918.5,52174600,0.13492328459747666,3.4337143,2.1671428571,125.8112,121.9985,91.43041,3.4,-1.2665714429000001
2024-09-26,19238.359375,78292900,0.14552521858909487,3.4337143,2.1671428571,125.8112,121.9985,91.43041,3.4,-1.2665714429000001
2024-09-27,19473.630859375,77616700,0.14926869204990034,3.4337143,2.1671428571,125.8112,121.9985,91.43041,3.4,-1.2665714429000001
2024-09-30,19324.9296875,67084500,0.15247220009412824,3.4337143,2.1671428571,125.8112,121.9985,91.43041,3.4,-1.2665714429000001
2024-10-01,19213.140625,69875300,0.15431236395353568,3.1666087,2.2295652174,125.8112,122.4336,91.43041,3.4,-0.9370434826
2024-10-02,19164.75,49480800,0.15012802282952387,3.1666087,2.2295652174,125.8112,122.4336,91.43041,3.4,-0.9370434826
2024-10-03,19015.41015625,46992800,0.14975210680567624,3.1666087,2.2295652174,125.8112,122.4336,91.43041,3.4,-0.9370434826
2024-10-04,19120.9296875,58396000,0.15033795456488463,3.1666087,2.2295652174,125.8112,122.4336,91.43041,3.4,-0.9370434826
2024-10-07,19104.099609375,46285500,0.13872598925025292,3.1666087,2.2295652174,125.8112,122.4336,91.43041,3.4,-0.9370434826
2024-10-08,19066.470703125,49308400,0.13780993667466732,3.1666087,2.2295652174,125.8112,122.4336,91.43041,3.4,-0.9370434826
2024-10-09,19254.9296875,53333500,0.13427242261544492,3.1666087,2.2295652174,125.8112,122.4336,91.43041,3.4,-0.9370434826
2024-10-10,19210.900390625,52366500,0.135245642836643,3.1666087,2.2295652174,125.8112,122.4336,91.43041,3.4,-0.9370434826
2024-10-11,19373.830078125,54978200,0.13405470337898073,3.1666087,2.2295652174,125.8112,122.4336,91.43041,3.4,-0.9370434826
2024-10-14,19508.2890625,43005800,0.13238236101922962,3.1666087,2.2295652174,125.8112,122.4336,91.43041,3.4,-0.9370434826
2024-10-15,19486.189453125,69656200,0.13135713822777315,3.1666087,2.2295652174,125.8112,122.4336,91.43041,3.4,-0.9370434826
2024-10-16,19432.810546875,51088700,0.1319912479428703,3.1666087,2.2295652174,125.8112,122.4336,91.43041,3.4,-0.9370434826
2024-10-17,19583.390625,49000700,0.13319328949339052,3.1666087,2.2295652174,125.8112,122.4336,91.43041,3.4,-0.9370434826
2024-10-18,19657.369140625,57112300,0.12428104921644731,3.1666087,2.2295652174,125.8112,122.4336,91.43041,3.4,-0.9370434826
2024-10-21,19461.189453125,41631500,0.11705561756938507,3.1666087,2.2295652174,125.8112,122.4336,91.43041,3.4,-0.9370434826
2024-10-22,19421.91015625,54438000,0.11638204371974094,3.1666087,2.2295652174,125.8112,122.4336,91.43041,3.4,-0.9370434826
2024-10-23,19377.619140625,52260500,0.11457282668732037,3.1666087,2.2295652174,125.8112,122.4336,91.43041,3.4,-0.9370434826
2024-10-24,19443.0,55469100,0.11331571429676483,3.1666087,2.2295652174,125.8112,122.4336,91.43041,3.4,-0.9370434826
2024-10-25,19463.58984375,46014500,0.09814373914155687,3.1666087,2.2295652174,125.8112,122.4336,91.43041,3.4,-0.9370434826
2024-10-28,19531.619140625,46669100,0.08934190593202324,3.1666087,2.2295652174,125.8112,122.4336,91.43041,3.4,-0.9370434826
2024-10-29,19478.0703125,46982400,0.08548857415282497,3.1666087,2.2295652174,125.8112,122.4336,91.43041,3.4,-0.9370434826
2024-10-30,19257.33984375,59541100,0.09241632323991653,3.1666087,2.2295652174,125.8112,122.4336,91.43041,3.4,-0.9370434826
2024-10-31,19077.5390625,63370400,0.09773911332773572,3.1666087,2.2295652174,125.8112,122.4336,91.43041,3.4,-0.9370434826
2024-11-01,19254.970703125,45756600,0.09893533660258835,3.0067619,2.3057142857,125.8112,122.0364,91.43041,3.4,-0.7010476142999997
2024-11-04,19147.849609375,43111600,0.09943976882796209,3.0067619,2.3057142857,125.8112,122.0364,91.43041,3.4,-0.7010476142999997
2024-11-05,19256.26953125,47179800,0.10120605793508626,3.0067619,2.3057142857,125.8112,122.0364,91.43041,3.4,-0.7010476142999997
2024-11-06,19039.310546875,112726700,0.10878638397977655,3.0067619,2.3057142857,125.8112,122.0364,91.43041,3.4,-0.7010476142999997
2024-11-07,19362.51953125,83268900,0.11921614951733249,3.0067619,2.3057142857,125.8112,122.0364,91.43041,3.4,-0.7010476142999997
2024-11-08,19215.48046875,69792500,0.12204677604698343,3.0067619,2.3057142857,125.8112,122.0364,91.43041,3.4,-0.7010476142999997
2024-11-11,19448.599609375,59016800,0.12582514790465296,3.0067619,2.3057142857,125.8112,122.0364,91.43041,3.4,-0.7010476142999997
2024-11-12,19033.640625,92931100,0.14364284084504989,3.0067619,2.3057142857,125.8112,122.0364,91.43041,3.4,-0.7010476142999997
2024-11-13,19003.109375,92679600,0.14365210165736259,3.0067619,2.3057142857,125.8112,122.0364,91.43041,3.4,-0.7010476142999997
2024-11-14,19263.69921875,77861900,0.15240563607429208,3.0067619,2.3057142857,125.8112,122.0364,91.43041,3.4,-0.7010476142999997
2024-11-15,19210.810546875,67439800,0.14967099821830515,3.0067619,2.3057142857,125.8112,122.0364,91.43041,3.4,-0.7010476142999997
2024-11-18,19189.189453125,51546500,0.14871249540464285,3.0067619,2.3057142857,125.8112,122.0364,91.43041,3.4,-0.7010476142999997
2024-11-19,19060.310546875,62320400,0.14667423538807076,3.0067619,2.3057142857,125.8112,122.0364,91.43041,3.4,-0.7010476142999997
2024-11-20,19004.779296875,53795400,0.14678911723401208,3.0067619,2.3057142857,125.8112,122.0364,91.43041,3.4,-0.7010476142999997
2024-11-21,19146.169921875,55646800,0.14955056242049872,3.0067619,2.3057142857,125.8112,122.0364,91.43041,3.4,-0.7010476142999997
2024-11-22,19322.58984375,71164000,0.15280453731156374,3.0067619,2.3057142857,125.8112,122.0364,91.43041,3.4,-0.7010476142999997
2024-11-25,19405.19921875,121851800,0.15355645775880664,3.0067619,2.3057142857,125.8112,122.0364,91.43041,3.4,-0.7010476142999997
2024-11-26,19295.98046875,60758200,0.15411755523689794,3.0067619,2.3057142857,125.8112,122.0364,91.43041,3.4,-0.7010476142999997
2024-11-27,19261.75,51794500,0.1539792081117178,3.0067619,2.3057142857,125.8112,122.0364,91.43041,3.4,-0.7010476142999997
2024-11-28,19425.73046875,42531100,0.15169660825913048,3.0067619,2.3057142857,125.8112,122.0364,91.43041,3.4,-0.7010476142999997
2024-11-29,19626.44921875,52162600,0.15099481248446983,3.0067619,2.3057142857,125.8112,122.0364,91.43041,3.4,-0.7010476142999997
2024-12-02,19933.619140625,63210300,0.15667951309806114,3.0067619,2.3057142857,125.8112,122.0364,91.43041,3.4,-0.7010476142999997
2024-12-03,20016.75,63234700,0.1546107407186932,3.0067619,2.3057142857,125.8112,122.0364,91.43041,3.4,-0.7010476142999997
2024-12-04,20232.140625,63418900,0.15705493292501044,3.0067619,2.3057142857,125.8112,122.0364,91.43041,3.4,-0.7010476142999997
2024-12-05,20358.80078125,58274500,0.1493809212062179,3.0067619,2.3057142857,125.8112,122.0364,91.43041,3.4,-0.7010476142999997
2024-12-06,20384.609375,61610000,0.14084598553522154,3.0067619,2.3057142857,125.8112,122.0364,91.43041,3.4,-0.7010476142999997
2024-12-09,20345.9609375,58794900,0.13703728160877982,3.0067619,2.3057142857,125.8112,122.0364,91.43041,3.4,-0.7010476142999997
2024-12-10,20329.16015625,66183800,0.1331701370295893,3.0067619,2.3057142857,125.8112,122.0364,91.43041,3.4,-0.7010476142999997
2024-12-11,20399.16015625,59728100,0.10217753622055796,3.0067619,2.3057142857,125.8112,122.0364,91.43041,3.4,-0.7010476142999997
2024-12-12,20426.26953125,55684800,0.10089205249477573,3.0067619,2.3057142857,125.8112,122.0364,91.43041,3.4,-0.7010476142999997
2024-12-13,20405.919921875,52015900,0.09474464661126376,3.0067619,2.3057142857,125.8112,122.0364,91.43041,3.4,-0.7010476142999997
2024-12-16,20313.810546875,64212700,0.09622667517233059,3.0067619,2.3057142857,125.8112,122.0364,91.43041,3.4,-0.7010476142999997
2024-12-17,20246.369140625,70862400,0.09761035298986001,3.0067619,2.3057142857,125.8112,122.0364,91.43041,3.4,-0.7010476142999997
2024-12-18,20242.5703125,62488100,0.0922532673186188,3.0067619,2.3057142857,125.8112,122.0364,91.43041,3.4,-0.7010476142999997
2024-12-19,19969.859375,70045700,0.10673126677984653,3.0067619,2.3057142857,125.8112,122.0364,91.43041,3.4,-0.7010476142999997
2024-12-20,19884.75,135977900,0.10744100884871732,3.0067619,2.3057142857,125.8112,122.0364,91.43041,3.4,-0.7010476142999997
2024-12-23,19848.76953125,38341600,0.10463899243857354,3.0067619,2.3057142857,125.8112,122.0364,91.43041,3.4,-0.7010476142999997
2024-12-27,19984.3203125,43396400,0.10591985901393935,3.0067619,2.3057142857,125.8112,122.0364,91.43041,3.4,-0.7010476142999997
2024-12-30,19909.140625,26662200,0.1045428007720186,3.0067619,2.3057142857,125.8112,122.0364,91.43041,3.4,-0.7010476142999997
