data,giorno,allocazione_K,posizione_prec,turnover,operazione,posizione,rendimento_giorno,rendimento_buyhold,equity_agente,equity_buyhold,drawdown_agente
2020-08-19,1,0.0,0.0,0.0,MANTIENE,CASH,0.0,-0.011352896690368652,100000.0,98864.71033096313,0.0
2020-08-20,2,0.0,0.0,0.0,MANTIENE,CASH,0.0,-0.005081828587716997,100000.0,98362.29681968689,0.0
2020-08-21,3,0.0,0.0,0.0,MANTIENE,CASH,0.0,0.02363848288027448,100000.0,100687.43228912354,0.0
2020-08-24,4,0.0,0.0,0.0,MANTIENE,CASH,0.0,-0.0003766157716408314,100000.0,100649.51181411743,0.0
2020-08-25,5,0.0,0.0,0.0,MANTIENE,CASH,0.0,0.009840351160410155,100000.0,101639.93835449219,0.0
2020-08-26,6,0.0,0.0,0.0,MANTIENE,CASH,0.0,-0.007110573368412809,100000.0,100917.22011566162,0.0
2020-08-27,7,0.0,0.0,0.0,MANTIENE,CASH,0.0,-0.004822722681928515,100000.0,100430.52434921265,0.0
2020-08-28,8,0.0,0.0,0.0,MANTIENE,CASH,0.0,-0.006738263085919849,100000.0,99753.79705429077,0.0
2020-08-31,9,0.0,0.0,0.0,MANTIENE,CASH,0.0,0.002230174516951955,100000.0,99976.26543045044,0.0
2020-09-01,10,1.0,0.0,1.0,COMPRA,LONG,0.019747138023376465,0.020747221436247854,101974.71380233765,102050.49514770508,0.0
2020-09-02,11,1.0,1.0,0.0,MANTIENE,LONG,-0.014018981655804397,-0.01401908460793011,100545.13216018677,100619.84062194824,-0.014018981655804437
2020-09-03,12,0.0,1.0,-1.0,VENDE,CASH,-0.0009999600442809342,-0.016473643355380707,100444.59104537964,98962.26525306702,-0.015004923278568021
2020-09-04,13,0.0,0.0,0.0,MANTIENE,CASH,0.0,0.02005979240158151,100444.59104537964,100947.42774963379,-0.015004923278568021
2020-09-07,14,1.0,0.0,1.0,COMPRA,LONG,-0.011072285071404231,-0.010072349305935036,99332.43989944458,99930.64999580383,-0.025911069561957382
2020-09-08,15,1.0,1.0,0.0,MANTIENE,LONG,0.020733602164700216,0.02073360893368381,101391.95919036865,102002.57301330566,-0.005714697205216723
2020-09-09,16,0.0,1.0,-1.0,VENDE,CASH,-0.0009999560278007857,-0.002139519033035997,101290.57168960571,101784.33656692505,-0.006708938787100087
2020-09-10,17,1.0,0.0,1.0,COMPRA,LONG,-0.00145794880443606,-0.000457937181559398,101142.8952217102,101737.7257347107,-0.00815710630225248
2020-09-11,18,1.0,1.0,0.0,MANTIENE,LONG,-0.0006952693983285352,-0.0006953054229252853,101072.5736618042,101666.98694229126,-0.00884670431419016
2020-09-14,19,1.0,1.0,0.0,MANTIENE,LONG,0.00181987978650211,0.001819792470960424,101256.51359558105,101851.99975967407,-0.007042924466046679
2020-09-15,20,1.0,1.0,0.0,MANTIENE,LONG,0.0028522446165604176,0.002852188650117382,101545.32194137573,102142.50087738037,-0.004210767992879337
2020-09-16,21,1.0,1.0,0.0,MANTIENE,LONG,-0.0035645865301502377,-0.003564520243958702,101183.35485458374,101778.41186523438,-0.007760344876160518
2020-09-17,22,1.0,1.0,0.0,MANTIENE,LONG,-0.0069555689733885595,-0.006955662541322183,100479.56705093384,101070.4755783081,-0.014661936235505612
2020-09-18,23,0.25,1.0,-0.75,VENDE,LONG,-0.011686962270121004,-0.043747904971760065,99305.26614189148,96648.85401725769,-0.02617754501003535
2020-09-21,24,0.0,0.25,-0.25,VENDE,CASH,-0.0002499901114355607,0.0041418472922611915,99280.44080734253,97049.15881156921,-0.026420990994076753
2020-09-22,25,0.0,0.0,0.0,MANTIENE,CASH,0.0,0.003857292284610958,99280.44080734253,97423.50578308105,-0.026420990994076753
2020-09-23,26,1.0,0.0,1.0,COMPRA,LONG,-0.0038790276032879545,-0.00287905403454225,98895.32923698425,97143.01824569702,-0.03019753084399245
2020-09-24,27,1.0,1.0,0.0,MANTIENE,LONG,-0.010896653502197484,-0.010896683951926556,97817.7011013031,96084.48147773743,-0.040765132315960975
2020-09-25,28,1.0,1.0,0.0,MANTIENE,LONG,0.032212918010854574,0.032212984112393483,100968.69468688965,99179.64935302734,-0.009865378170102168
2020-09-28,29,0.0,1.0,-1.0,VENDE,CASH,-0.0010000155846584535,-0.0035001475998438503,100867.72441864014,98832.50594139099,-0.010855528222841979
2020-09-29,30,1.0,0.0,1.0,COMPRA,LONG,-0.006074882661234016,-0.005074920650275483,100254.96482849121,98330.93881607056,-0.016864464823896495
2020-09-30,31,0.25,1.0,-0.75,VENDE,LONG,-0.0013369804218693604,-0.0023479144392676288,100120.92590332031,98100.06618499756,-0.018178897786471044
2020-10-01,32,1.0,0.25,0.75,COMPRA,LONG,-0.00402786032972513,-0.0032778279377292385,99717.65279769897,97778.51104736328,-0.022133536054963966
2020-10-02,33,1.0,1.0,0.0,MANTIENE,LONG,0.010975594156694468,0.010975577938557413,100812.1132850647,98851.68671607971,-0.011400870607261249
2020-10-05,34,1.0,1.0,0.0,MANTIENE,LONG,0.006057776685157279,0.006057682202139647,101422.8105545044,99450.4988193512,-0.005412157850259151
2020-10-06,35,1.0,1.0,0.0,MANTIENE,LONG,0.0017473044660989423,0.0017473153321616586,101600.02708435059,99624.27020072937,-0.00367431007174321
2020-10-07,36,1.0,1.0,0.0,MANTIENE,LONG,0.008789805449552768,0.008789842444549611,102493.07155609131,100499.95183944702,0.0
2020-10-08,37,1.0,1.0,0.0,MANTIENE,LONG,0.0006916932375966578,0.0006916514432575571,102563.96532058716,100569.46277618408,0.0
2020-10-09,38,1.0,1.0,0.0,MANTIENE,LONG,0.006679809091193256,0.006679762334025341,103249.07302856445,101241.2428855896,0.0
2020-10-12,39,1.0,1.0,0.0,MANTIENE,LONG,-0.009089313671609811,-0.009089420117038949,102310.60981750488,100321.0186958313,-0.009089313671609808
2020-10-13,40,1.0,1.0,0.0,MANTIENE,LONG,0.0006966553551928101,0.0006966875672935746,102381.8850517273,100390.91110229492,-0.008398990435461301
2020-10-14,41,1.0,1.0,0.0,MANTIENE,LONG,-0.024893184598089424,-0.024893188780962805,99833.27388763428,97891.86120033264,-0.03308309741420318
2020-10-15,42,1.0,1.0,0.0,MANTIENE,LONG,0.016155833660313368,0.016155906565513467,101446.16365432739,99473.39296340942,-0.01746174877268172
2020-10-16,43,1.0,1.0,0.0,MANTIENE,LONG,-0.0042087347226842375,-0.004208734134482195,101019.20366287231,99054.73589897156,-0.02159699162698761
2020-10-19,44,1.0,1.0,0.0,MANTIENE,LONG,-0.009156955218279639,-0.00915695382055326,100094.17533874512,98147.69625663757,-0.03055618416008941
2020-10-20,45,1.0,1.0,0.0,MANTIENE,LONG,-0.014077935732330626,-0.01407801839024081,98685.05597114563,96765.97118377686,-0.044203951895589046
2020-10-21,46,1.0,1.0,0.0,MANTIENE,LONG,-0.0011610472074438105,-0.0011610361944671688,98570.4779624939,96653.62238883972,-0.04531367622812649
2020-10-22,47,1.0,1.0,0.0,MANTIENE,LONG,0.00818702742671129,0.008187021696819174,99377.47716903687,97444.92769241333,-0.037497633111500075
2020-10-23,48,1.0,1.0,0.0,MANTIENE,LONG,-0.037053582085380676,-0.037053570390908175,95695.18566131592,93834.24520492554,-0.07316179357037625
2020-10-26,49,0.0,1.0,-1.0,VENDE,CASH,-0.001000000747431229,-0.009329677222070232,95599.49040412903,92958.80198478699,-0.07408863246955373
2020-10-27,50,0.75,0.0,0.75,COMPRA,LONG,-0.03202557177587806,-0.041700834302658696,92537.86206245422,89082.34238624573,-0.1037414734285015
2020-10-28,51,0.0,0.75,-0.75,VENDE,CASH,-0.0007500027213684923,0.0032490635833293258,92468.45841407776,89371.77658081055,-0.10441366976247986
2020-10-29,52,1.0,0.0,1.0,COMPRA,LONG,-0.004585901961197569,-0.0035859447611913398,92044.40712928772,89051.29432678223,-0.10852074087073788
2020-10-30,53,1.0,1.0,0.0,MANTIENE,LONG,0.020058035981116884,0.020057993372033067,93890.63715934753,90837.48459815979,-0.0906394178147038
2020-11-02,54,1.0,1.0,0.0,MANTIENE,LONG,0.025508380239375628,0.025508397276351902,96285.63523292542,93154.60324287415,-0.06744310230962135
2020-11-03,55,1.0,1.0,0.0,MANTIENE,LONG,0.01945902231694352,0.01945901108271686,98159.259557724,94967.29969978333,-0.049296456825644604
2020-11-04,56,1.0,1.0,0.0,MANTIENE,LONG,0.019787907634692514,0.01978783607647805,100101.62591934204,96846.49705886841,-0.030484022925335637
2020-11-05,57,1.0,1.0,0.0,MANTIENE,LONG,-0.007007451233653206,-0.007007445649491295,99400.16865730286,96167.85049438477,-0.03727785885493398
2020-11-06,58,1.0,1.0,0.0,MANTIENE,LONG,0.04935490074374349,0.04935488941315547,104306.05411529541,100914.20412063599,0.0
2020-11-09,59,0.0,1.0,-1.0,VENDE,CASH,-0.0010000198861097598,0.005126813625085935,104201.74598693848,101431.57243728638,-0.0010000198861097353
2020-11-10,60,0.0,0.0,0.0,MANTIENE,CASH,0.0,0.004031757153886151,104201.74598693848,101840.51990509033,-0.0010000198861097353
2020-11-11,61,1.0,0.0,1.0,COMPRA,LONG,-0.01335075910562955,-0.012350810640100462,102810.57357788086,100582.70692825317,-0.014337427967139004
2020-11-12,62,1.0,1.0,0.0,MANTIENE,LONG,0.0018210013107036183,0.0018210394111328743,102997.79176712036,100765.87200164795,-0.012542535131555758
2020-11-13,63,1.0,1.0,0.0,MANTIENE,LONG,0.0047328260001267,0.004732839346331952,103485.26239395142,101242.7806854248,-0.007869070767807268
2020-11-16,64,0.0,1.0,-1.0,VENDE,CASH,-0.0010000031102503915,-0.0003912698431388639,103381.77680969238,101203.16743850708,-0.008861204782815109
2020-11-17,65,1.0,0.0,1.0,COMPRA,LONG,0.004209498480909124,0.00520958916840808,103816.96224212646,101730.39436340332,-0.004689007529978311
2020-11-18,66,1.0,1.0,0.0,MANTIENE,LONG,-0.008766077706705344,-0.008766120084876983,102906.89468383789,100838.61351013184,-0.013413981032308528
2020-11-19,67,1.0,1.0,0.0,MANTIENE,LONG,0.0039041033050153384,0.0039041460908415537,103308.65383148193,101232.30218887329,-0.00956224729497478
2020-11-20,68,1.0,1.0,0.0,MANTIENE,LONG,-0.0007825843932224297,-0.0007825029283509144,103227.8060913086,101153.0876159668,-0.010337348422700062
2020-11-23,69,0.0,1.0,-1.0,VENDE,CASH,-0.0009999565788574305,0.012605393587242775,103124.58276748657,102428.16209793091,-0.011326968101994257
2020-11-24,70,0.0,0.0,0.0,MANTIENE,CASH,0.0,-0.0001986663170512326,103124.58276748657,102407.81307220459,-0.011326968101994257
2020-11-25,71,0.0,0.0,0.0,MANTIENE,CASH,0.0,-0.00024305664686596895,103124.58276748657,102382.92217254639,-0.011326968101994257
2020-11-26,72,1.0,0.0,1.0,COMPRA,LONG,0.002696192697090982,0.0036962208310600264,103402.62651443481,102761.35206222534,-0.008661315093580146
2020-11-27,73,1.0,1.0,0.0,MANTIENE,LONG,-0.0033383517555427566,-0.0033384194211604212,103057.43217468262,102418.2915687561,-0.011970752332674958
2020-11-30,74,1.0,1.0,0.0,MANTIENE,LONG,0.006857191902357451,0.0068571509715043,103764.1167640686,103120.58925628662,-0.005195646176278248
2020-12-01,75,0.0,1.0,-1.0,VENDE,CASH,-0.0009999580670158048,-0.0051604657459057846,103660.3569984436,102588.43898773193,-0.006190408814986721
2020-12-02,76,1.0,0.0,1.0,COMPRA,LONG,-0.005535289381681241,-0.004535343959881644,103086.56692504883,102123.16513061523,-0.011691432492486137
2020-12-03,77,1.0,1.0,0.0,MANTIENE,LONG,0.003478450720252102,0.0034784640828360303,103445.14846801758,102478.39689254761,-0.008253649844008327
2020-12-04,78,1.0,1.0,0.0,MANTIENE,LONG,-0.0021024226952864877,-0.0021023645523166046,103227.66304016113,102262.94994354248,-0.010338719878543871
2020-12-07,79,1.0,1.0,0.0,MANTIENE,LONG,0.000564475635854933,0.0005643218497353164,103285.93254089355,102320.65916061401,-0.009780080198166227
2020-12-08,80,1.0,1.0,0.0,MANTIENE,LONG,0.004651873006463747,0.004651835271811677,103766.40558242798,102796.63801193237,-0.005173702882777326
2020-12-09,81,1.0,1.0,0.0,MANTIENE,LONG,-0.0033380216822062048,-0.0033378533067801586,103420.03107070923,102453.51791381836,-0.00849445463258355
2020-12-10,82,1.0,1.0,0.0,MANTIENE,LONG,-0.013645782531752304,-0.013645824315858701,102008.78381729126,101055.4552078247,-0.022024323683693826
2020-12-11,83,1.0,1.0,0.0,MANTIENE,LONG,0.008300926585437685,0.008300906932592556,102855.55124282837,101894.30713653564,-0.013906219392248486
2020-12-14,84,1.0,1.0,0.0,MANTIENE,LONG,0.01056553381264047,0.010565528175794814,103942.27504730225,102970.8743095398,-0.0034876122108028207
2020-12-15,85,1.0,1.0,0.0,MANTIENE,LONG,0.015199711903808977,0.015199547385955858,105522.1676826477,104535.98499298096,0.0
2020-12-16,86,1.0,1.0,0.0,MANTIENE,LONG,0.007465000783452913,0.007465064315505643,106309.89074707031,105316.35284423828,0.0
2020-12-17,87,1.0,1.0,0.0,MANTIENE,LONG,-0.0026881828946659914,-0.002688301057119258,106024.11031723022,105033.23078155518,-0.002688182894666021
2020-12-18,88,0.0,1.0,-1.0,VENDE,CASH,-0.001000005959109096,-0.02818748208170263,105918.08557510376,102072.60847091675,-0.0036855006548612234
2020-12-21,89,0.0,0.0,0.0,MANTIENE,CASH,0.0,0.01297043808965892,105918.08557510376,103396.53491973877,-0.0036855006548612234
2020-12-22,90,1.0,0.0,1.0,COMPRA,LONG,0.011603870005052253,0.012603980155715178,107147.14527130127,104699.74279403687,0.0
2020-12-23,91,1.0,1.0,0.0,MANTIENE,LONG,0.0,0.0,107147.14527130127,104699.74279403687,0.0
2020-12-24,92,1.0,1.0,0.0,MANTIENE,LONG,0.0,0.0,107147.14527130127,104699.74279403687,0.0
2020-12-25,93,1.0,1.0,0.0,MANTIENE,LONG,0.014944893022527106,0.014944805507915326,108748.44789505005,106264.46008682251,0.0
2020-12-28,94,1.0,1.0,0.0,MANTIENE,LONG,-0.0020964691513196687,-0.0020963396341686646,108520.46012878418,106041.69368743896,-0.0020964691513196904
2020-12-29,95,1.0,1.0,0.0,MANTIENE,LONG,-0.0030955616807691877,-0.003095637283987207,108184.52835083008,105713.42706680298,-0.005185541082519109
2020-12-30,96,1.0,1.0,0.0,MANTIENE,LONG,0.0,0.0,108184.52835083008,105713.42706680298,-0.005185541082519109
2020-12-31,97,1.0,1.0,0.0,MANTIENE,LONG,0.0,0.0,108184.52835083008,105713.42706680298,-0.005185541082519109
2021-01-01,98,1.0,1.0,0.0,MANTIENE,LONG,0.0005801540377838865,0.0005801834372005654,108247.29204177856,105774.76024627686,-0.004608395457332277
2021-01-04,99,1.0,1.0,0.0,MANTIENE,LONG,-0.005501715170001087,-0.0055017282709514115,107651.74627304077,105192.8162574768,-0.010084756548136412
2021-01-05,100,1.0,1.0,0.0,MANTIENE,LONG,0.017635823022976727,0.017635793696276325,109550.27341842651,107047.97506332397,0.0
2021-01-06,101,1.0,1.0,0.0,MANTIENE,LONG,0.005490251468403429,0.005490301325135727,110151.73196792603,107635.70070266724,0.0
2021-01-07,102,0.0,1.0,-1.0,VENDE,CASH,-0.00099997868010826,0.005819603800451878,110041.5825843811,108262.09783554077,-0.0009999786801082272
2021-01-08,103,1.0,0.0,1.0,COMPRA,LONG,-0.00903373290548315,-0.008033643103376287,109047.49631881714,107392.35877990723,-0.0100246780452841
2021-01-11,104,1.0,1.0,0.0,MANTIENE,LONG,-0.0008323524714276553,-0.0008324153342915697,108956.73036575317,107302.9637336731,-0.010848686451165488
2021-01-12,105,1.0,1.0,0.0,MANTIENE,LONG,0.0010521935944309835,0.0010520790225774235,109071.37393951416,107415.85493087769,-0.00980790777512644
2021-01-13,106,1.0,1.0,0.0,MANTIENE,LONG,0.0035143728065909485,0.0035143793014855707,109454.6914100647,107793.35498809814,-0.0063280036129099845
2021-01-14,107,0.0,1.0,-1.0,VENDE,CASH,-0.001000029950798953,-0.014366489640649238,109345.23344039917,106244.74287033081,-0.007321705370567316
2021-01-15,108,0.0,0.0,0.0,MANTIENE,CASH,0.0,0.004396543937669195,109345.23344039917,106711.85255050659,-0.007321705370567316
2021-01-18,109,1.0,0.0,1.0,COMPRA,LONG,-0.0034038543073605654,-0.002403917316147308,108973.03819656372,106455.32608032227,-0.01070063765956505
2021-01-19,110,1.0,1.0,0.0,MANTIENE,LONG,0.007695277301825509,0.007695305326244295,109811.61594390869,107274.53231811523,-0.003087704731836345
2021-01-20,111,1.0,1.0,0.0,MANTIENE,LONG,-0.0010559436262669308,-0.0010559138733436946,109695.66106796265,107161.25965118408,-0.004140387915971921
2021-01-21,112,1.0,1.0,0.0,MANTIENE,LONG,-0.0023513522530415054,-0.0023514523538885612,109437.72792816162,106909.27505493164,-0.006482004658558686
2021-01-22,113,1.0,1.0,0.0,MANTIENE,LONG,-0.016579193146369242,-0.016579246671572845,107623.33869934082,105136.7998123169,-0.022953731397718037
2021-01-25,114,0.0,1.0,-1.0,VENDE,CASH,-0.0009999889234723058,0.016640372700808648,107515.71655273438,106886.31534576416,-0.02393076684404023
2021-01-26,115,0.5,0.0,0.5,COMPRA,LONG,-0.009530692292954335,-0.018061460089218828,106491.01734161377,104955.79242706299,-0.03323338236186956
2021-01-27,116,0.0,0.5,-0.5,VENDE,CASH,-0.0005000495907697688,0.0033383573764271812,106437.76655197144,105306.17237091064,-0.033716813613389414
2021-01-28,117,0.0,0.0,0.0,MANTIENE,CASH,0.0,-0.01705407980916762,106437.76655197144,103510.27250289917,-0.033716813613389414
2021-01-29,118,0.25,0.0,0.25,COMPRA,LONG,0.0032702603205165826,0.01408107799648306,106785.84575653076,104967.8087234497,-0.030556816050566888
2021-02-01,119,0.75,0.25,0.5,COMPRA,LONG,0.011235067001598376,0.015646758818343987,107985.59188842773,106610.2147102356,-0.019665056924652147
2021-02-02,120,0.5,0.75,-0.25,VENDE,LONG,0.0033086095604475396,0.007117432151422021,108342.87405014038,107369.00568008423,-0.016421511359552183
2021-02-03,121,1.0,0.5,0.5,COMPRA,LONG,0.008590345183930426,0.009090167224303114,109273.5767364502,108345.00789642334,-0.007972232626642052
2021-02-04,122,1.0,1.0,0.0,MANTIENE,LONG,-0.0002539673673751519,-0.0002538334126631625,109245.82481384277,108317.50631332397,-0.008224175307084903
2021-02-05,123,1.0,1.0,0.0,MANTIENE,LONG,0.00022697006744931691,0.00022693428183506725,109270.62034606934,108342.08726882935,-0.007999071881259675
2021-02-08,124,1.0,1.0,0.0,MANTIENE,LONG,-0.00342177920736475,-0.0034218370618436245,108896.72040939331,107971.35829925537,-0.011393480030782893
2021-02-09,125,1.0,1.0,0.0,MANTIENE,LONG,-0.005625994056433381,-0.00562596289796935,108284.06810760498,107363.91544342041,-0.016955374436280958
2021-02-10,126,1.0,1.0,0.0,MANTIENE,LONG,0.007747211820607891,0.007747099875665242,109122.96772003174,108195.67441940308,-0.00933951949292856
2021-02-11,127,1.0,1.0,0.0,MANTIENE,LONG,0.0006395089829491774,0.0006395911200292037,109192.75283813477,108264.8754119873,-0.008705983216591594
2021-02-12,128,1.0,1.0,0.0,MANTIENE,LONG,0.0042413812077009005,0.004241285649415838,109655.88092803955,108724.05767440796,-0.004501527402500185
2021-02-15,129,1.0,1.0,0.0,MANTIENE,LONG,-0.003180918143865785,-0.0031808789821976546,109307.07454681396,108378.21960449219,-0.007668126556176237
2021-02-16,130,1.0,1.0,0.0,MANTIENE,LONG,-0.011043976765181207,-0.011044034465887864,108099.88975524902,107181.28681182861,-0.018627416709838546
2021-02-17,131,1.0,1.0,0.0,MANTIENE,LONG,-0.0016060738793984841,-0.001606047279629541,107926.27334594727,107009.14859771729,-0.020203573581818655
2021-02-18,132,1.0,1.0,0.0,MANTIENE,LONG,0.007654819477789454,0.007654698705898744,108752.42948532104,107828.27138900757,-0.01270340881260432
2021-02-19,133,1.0,1.0,0.0,MANTIENE,LONG,-0.0030865472992711585,-0.0030865784196439927,108416.75996780396,107495.45097351074,-0.015750746439713352
2021-02-22,134,0.0,1.0,-1.0,VENDE,CASH,-0.0010000377144514516,-0.006109651459427434,108308.33911895752,106838.69123458862,-0.01673503281369434
2021-02-23,135,0.0,0.0,0.0,MANTIENE,CASH,0.0,0.008019611975927043,108308.33911895752,107695.49608230591,-0.01673503281369434
2021-02-24,136,0.25,0.0,0.25,COMPRA,LONG,-0.0019791841165136548,-0.00691686315252793,108093.9769744873,106950.58107376099,-0.018681095219073792
2021-02-25,137,0.0,0.25,-0.25,VENDE,CASH,-0.00025001157971582533,-0.006703437990607131,108066.95222854614,106233.64448547363,-0.018926436308663117
2021-02-26,138,0.0,0.0,0.0,MANTIENE,CASH,0.0,0.016431532922988268,108066.95222854614,107979.22611236572,-0.018926436308663117
2021-03-01,139,1.0,0.0,1.0,COMPRA,LONG,0.0009252852052654692,0.0019252692164257734,108166.94498062134,108187.11519241333,-0.01801866345490253
2021-03-02,140,1.0,1.0,0.0,MANTIENE,LONG,0.002865423932307154,0.0028655508362007698,108476.88913345337,108497.13087081909,-0.015204870632087173
2021-03-03,141,0.0,1.0,-1.0,VENDE,CASH,-0.0010000328582224771,-0.001682598466455576,108368.40867996216,108314.57376480103,-0.016189698120072548
2021-03-04,142,0.0,0.0,0.0,MANTIENE,CASH,0.0,-0.00965036096404559,108368.40867996216,107269.29903030396,-0.016189698120072548
2021-03-05,143,0.0,0.0,0.0,MANTIENE,CASH,0.0,0.0330600958992604,108368.40867996216,110815.63234329224,-0.016189698120072548
2021-03-08,144,0.0,0.0,0.0,MANTIENE,CASH,0.0,0.0039656239440897245,108368.40867996216,111255.08546829224,-0.016189698120072548
2021-03-09,145,0.0,0.0,0.0,MANTIENE,CASH,0.0,0.007086226325715428,108368.40867996216,112043.46418380737,-0.016189698120072548
2021-03-10,146,0.0,0.0,0.0,MANTIENE,CASH,0.0,0.0020040670773040503,108368.40867996216,112268.00680160522,-0.016189698120072548
2021-03-11,147,0.0,0.0,0.0,MANTIENE,CASH,0.0,-0.004598669975746761,108368.40867996216,111751.72328948975,-0.016189698120072548
2021-03-12,148,1.0,0.0,1.0,COMPRA,LONG,-0.003825049630931998,-0.002825029916536659,107953.89413833618,111436.02132797241,-0.019952821352185457
2021-03-15,149,1.0,1.0,0.0,MANTIENE,LONG,0.006649418843929222,0.006649385837357968,108671.72479629517,112177.00242996216,-0.013436077174545088
2021-03-16,150,1.0,1.0,0.0,MANTIENE,LONG,0.002681096901123281,0.0026810585957264266,108963.08422088623,112477.75554656982,-0.010791003698297774
2021-03-17,151,1.0,1.0,0.0,MANTIENE,LONG,0.012256897499761,0.01225692658159483,110298.63357543945,113856.3871383667,0.0
2021-03-18,152,0.0,1.0,-1.0,VENDE,CASH,-0.000999943799094738,-0.010457790342882634,110188.34114074707,112665.70091247559,-0.0009999437990947332
2021-03-19,153,0.0,0.0,0.0,MANTIENE,CASH,0.0,0.0024765413152607607,110188.34114074707,112944.72217559814,-0.0009999437990947332
2021-03-22,154,1.0,0.0,1.0,COMPRA,LONG,-0.0006718403058312283,0.00032814431172556446,110114.31217193604,112981.78434371948,-0.0016711123023781629
2021-03-23,155,1.0,1.0,0.0,MANTIENE,LONG,-0.003521359289938464,-0.0035213559890010515,109726.56011581421,112583.9352607727,-0.005186587005486073
2021-03-24,156,1.0,1.0,0.0,MANTIENE,LONG,0.0007509345125786826,0.0007509350952565885,109808.95757675171,112668.47848892212,-0.004439547280092343
2021-03-25,157,1.0,1.0,0.0,MANTIENE,LONG,0.008725668714445689,0.008725556448905492,110767.11416244507,113651.5736579895,0.0
2021-03-26,158,0.0,1.0,-1.0,VENDE,CASH,-0.0010000194795012352,0.004663415422101469,110656.34489059448,114181.57815933228,-0.0010000194795012688
2021-03-29,159,1.0,0.0,1.0,COMPRA,LONG,0.011882540174674494,0.01288252701825865,111971.2233543396,115652.52542495728,0.0
2021-03-30,160,0.0,1.0,-1.0,VENDE,CASH,-0.0010000184183101002,-1.8038192935887487e-05,111859.25006866455,115650.43926239014,-0.0010000184183100573
2021-03-31,161,0.0,0.0,0.0,MANTIENE,CASH,0.0,0.006585089958606183,111859.25006866455,116412.0078086853,-0.0010000184183100573
2021-04-01,162,0.25,0.0,0.25,COMPRA,LONG,-0.0002500150797671852,0.0,111831.28356933594,116412.0078086853,-0.0012497834783926074
2021-04-02,163,0.5,0.25,0.25,COMPRA,LONG,-0.0002499710054952864,0.0,111803.32899093628,116412.0078086853,-0.0014994420742551738
2021-04-05,164,0.75,0.5,0.25,COMPRA,LONG,0.004988088489043863,0.006984083617305181,112361.01388931274,117225.03900527954,0.0
2021-04-06,165,0.5,0.75,-0.25,VENDE,LONG,-0.0014437392081607658,-0.0023874391636223846,112198.79388809204,116945.17135620117,-0.0014437392081608185
2021-04-07,166,1.0,0.5,0.5,COMPRA,LONG,0.0012342862777052765,0.0017342380361733412,112337.27931976318,117147.98212051392,-0.00021123491794886756
2021-04-08,167,1.0,1.0,0.0,MANTIENE,LONG,0.002070666906916152,0.0020707056059858786,112569.89240646362,117390.5611038208,0.0
2021-04-09,168,1.0,1.0,0.0,MANTIENE,LONG,-0.0012577508086107914,-0.0012576880434029825,112428.30753326416,117242.92039871216,-0.0012577508086108224
2021-04-12,169,1.0,1.0,0.0,MANTIENE,LONG,0.0012724826294086,0.0012723881701046658,112571.37060165405,117392.098903656,0.0
2021-04-13,170,1.0,1.0,0.0,MANTIENE,LONG,-0.0016548466611480128,-0.0016548256660048333,112385.08224487305,117197.83544540405,-0.0016548466611480401
2021-04-14,171,1.0,1.0,0.0,MANTIENE,LONG,0.003036209642723442,0.003036332956881438,112726.3069152832,117553.68709564209,0.0
2021-04-15,172,1.0,1.0,0.0,MANTIENE,LONG,0.013399931134895127,0.013399900498097583,114236.83166503906,119128.8948059082,0.0
2021-04-16,173,1.0,1.0,0.0,MANTIENE,LONG,-0.005909601288965338,-0.005909585424410224,113561.73753738403,118424.89242553711,-0.005909601288965322
2021-04-19,174,1.0,1.0,0.0,MANTIENE,LONG,-0.015543578590062057,-0.015543576734915798,111796.5817451477,116584.14602279663,-0.021361323526956407
2021-04-20,175,1.0,1.0,0.0,MANTIENE,LONG,0.0043927513844108645,0.004392733706777063,112287.6763343811,117096.26913070679,-0.01706240712604144
2021-04-21,176,1.0,1.0,0.0,MANTIENE,LONG,0.008196193101175586,0.008196281549346596,113208.0078125,118056.02312088013,-0.009006060808441721
2021-04-22,177,1.0,1.0,0.0,MANTIENE,LONG,-0.0026695937567392525,-0.002669626770263611,112905.78842163086,117740.85760116577,-0.011651612041473962
2021-04-23,178,1.0,1.0,0.0,MANTIENE,LONG,0.0010942619454465952,0.0010942794436143988,113029.33692932129,117869.69900131226,-0.01057010001168751
2021-04-26,179,1.0,1.0,0.0,MANTIENE,LONG,-0.0030772271480262736,-0.0030772803221642553,112681.51998519897,117506.9808959961,-0.01361480056100045
2021-04-27,180,1.0,1.0,0.0,MANTIENE,LONG,0.002813885261654381,0.0028139836870511026,112998.59285354614,117837.64362335205,-0.010839225785985007
2021-04-28,181,1.0,1.0,0.0,MANTIENE,LONG,-0.009022884143268572,-0.009022919516541217,111979.01964187622,116774.40404891968,-0.0197643088507839
2021-04-29,182,1.0,1.0,0.0,MANTIENE,LONG,-0.0012069008283510652,-0.0012069523641229374,111843.8720703125,116633.46290588379,-0.020947356118411167
2021-04-30,183,1.0,1.0,0.0,MANTIENE,LONG,0.006643790587737675,0.006643857822280719,112586.93933486938,117408.35905075073,-0.014442735378090928
2021-05-03,184,1.0,1.0,0.0,MANTIENE,LONG,-0.02493944344403609,-0.02493946802529856,109779.08372879028,114480.25703430176,-0.03902198503998798
2021-05-04,185,1.0,1.0,0.0,MANTIENE,LONG,0.021155753373054864,0.02115574854477109,112101.54294967651,116902.1725654602,-0.01869177115856611
2021-05-05,186,1.0,1.0,0.0,MANTIENE,LONG,0.0017111242429757034,0.001711116085153952,112293.36261749268,117102.20575332642,-0.017012630858364082
2021-05-06,187,1.0,1.0,0.0,MANTIENE,LONG,0.013352229600259058,0.013352206933655797,113792.72937774658,118665.77863693237,-0.003887557811430384
2021-05-07,188,1.0,1.0,0.0,MANTIENE,LONG,4.934197086714498e-05,4.942534497542894e-05,113798.34413528442,118671.64373397827,-0.003838407660327584
2021-05-10,189,1.0,1.0,0.0,MANTIENE,LONG,-0.018224201995852285,-0.01822429338559839,111724.46012496948,116508.93688201904,-0.021992657739635685
2021-05-11,190,0.0,1.0,-1.0,VENDE,CASH,-0.0009999864491806454,0.0020152498424819143,111612.73717880249,116743.73149871826,-0.02297065182909522
2021-05-12,191,0.0,0.0,0.0,MANTIENE,CASH,0.0,0.0032646208471329707,111612.73717880249,117124.85551834106,-0.02297065182909522
2021-05-13,192,1.0,0.0,1.0,COMPRA,LONG,0.013273977584589147,0.014273987813920197,113094.28215026855,118796.69427871704,-0.01000158616198888
2021-05-14,193,1.0,1.0,0.0,MANTIENE,LONG,-0.0012985088282578827,-0.0012984942183390524,112947.42822647095,118642.43745803833,-0.011287107842318803
2021-05-17,194,0.0,1.0,-1.0,VENDE,CASH,-0.0010000298689659681,-0.0006521008045355936,112834.47742462158,118565.07062911987,-0.01227585026630825
2021-05-18,195,0.0,0.0,0.0,MANTIENE,CASH,0.0,-0.017744090841315563,112834.47742462158,116461.24124526978,-0.01227585026630825
2021-05-19,196,0.0,0.0,0.0,MANTIENE,CASH,0.0,0.01698473725870886,112834.47742462158,118439.3048286438,-0.01227585026630825
2021-05-20,197,0.0,0.0,0.0,MANTIENE,CASH,0.0,0.004375360893547509,112834.47742462158,118957.51953125,-0.01227585026630825
2021-05-21,198,0.0,0.0,0.0,MANTIENE,CASH,0.0,0.0,112834.47742462158,118957.51953125,-0.01227585026630825
2021-05-24,199,1.0,0.0,1.0,COMPRA,LONG,0.000786562034018834,0.001786573242688494,112923.22874069214,119170.04585266113,-0.011498943950044246
2021-05-25,200,0.0,1.0,-1.0,VENDE,CASH,-0.0010000330423669546,-0.0009292058945804538,112810.30178070068,119059.31234359741,-0.01248747766850884
2021-05-26,201,1.0,0.0,1.0,COMPRA,LONG,-0.003847107335837485,-0.0028470819137557113,112376.30844116211,118720.34072875977,-0.0162865443374017
2021-05-27,202,0.0,1.0,-1.0,VENDE,CASH,-0.0010000203674457309,0.007350649423676137,112263.92984390259,119593.01233291626,-0.017270277828794683
2021-05-28,203,1.0,0.0,1.0,COMPRA,LONG,-0.007369246290449549,-0.006369198187952785,111436.62929534912,118831.30073547363,-0.024512255188419346
2021-05-31,204,1.0,1.0,0.0,MANTIENE,LONG,0.0094824743992874,0.009482467006383777,112493.32427978516,119958.11462402344,-0.015262217621424875
2021-06-01,205,1.0,1.0,0.0,MANTIENE,LONG,0.0022707273279087836,0.0022707361438387696,112748.76594543457,120230.50785064697,-0.01302614662815354
2021-06-02,206,1.0,1.0,0.0,MANTIENE,LONG,0.001920268571160344,0.00192015083584951,112965.2738571167,120461.36856079102,-0.01113089175696659
2021-06-03,207,1.0,1.0,0.0,MANTIENE,LONG,0.00385280450610348,0.0038529318858169237,113400.5069732666,120925.49800872803,-0.0073209724007813936
2021-06-04,208,1.0,1.0,0.0,MANTIENE,LONG,-0.0010036031740224827,-0.0010036508403123978,113286.69786453247,120804.13103103638,-0.008317228223665537
2021-06-07,209,1.0,1.0,0.0,MANTIENE,LONG,-0.00233153607472536,-0.002331507921275233,113022.5658416748,120522.47524261475,-0.010629372380745664
2021-06-08,210,1.0,1.0,0.0,MANTIENE,LONG,-0.003801595187015727,-0.0038016220913659193,112592.89979934692,120064.29433822632,-0.014390558996877766
2021-06-09,211,1.0,1.0,0.0,MANTIENE,LONG,-0.0006366346895285702,-0.0006366338708878594,112521.21925354004,119987.85734176636,-0.01501803215734727
2021-06-10,212,1.0,1.0,0.0,MANTIENE,LONG,0.007838148339160966,0.007838108529383714,113403.17726135254,120928.33518981934,-0.007297597381997896
2021-06-11,213,1.0,1.0,0.0,MANTIENE,LONG,-0.0012508215119014787,-0.001250862068625569,113261.33012771606,120777.07052230835,-0.00853929090210876
2021-06-14,214,1.0,1.0,0.0,MANTIENE,LONG,0.0035651852758573632,0.003565212112897287,113665.12775421143,121207.66639709473,-0.005004549780441788
2021-06-15,215,1.0,1.0,0.0,MANTIENE,LONG,-0.0012046244321662902,-0.001204606459161206,113528.2039642334,121061.65885925293,-0.006203145609670579
2021-06-16,216,1.0,1.0,0.0,MANTIENE,LONG,0.001088367685780689,0.0010883877602707592,113651.76439285278,121193.42088699341,-0.0051215292271217005
2021-06-17,217,1.0,1.0,0.0,MANTIENE,LONG,-0.017779477461297932,-0.017779476613300593,111631.09540939331,119038.66529464722,-0.022809948574958678
2021-06-18,218,0.0,1.0,-1.0,VENDE,CASH,-0.000999968497361503,0.01004657966948086,111519.46783065796,120234.59672927856,-0.023787107842318803
2021-06-21,219,1.0,0.0,1.0,COMPRA,LONG,0.001120692392065692,0.0021206604118635397,111644.446849823,120489.57347869873,-0.02269307348104119
2021-06-22,220,1.0,1.0,0.0,MANTIENE,LONG,-0.011507872315321799,-0.011507808438927625,110359.6568107605,119103.00254821777,-0.033939796804301
2021-06-23,221,1.0,1.0,0.0,MANTIENE,LONG,0.008594523938554977,0.008594562912292547,111308.14552307129,120126.64079666138,-0.0256369692618503
2021-06-24,222,1.0,1.0,0.0,MANTIENE,LONG,0.0012020729117625528,0.0012020498656686307,111441.94602966309,120271.03900909424,-0.024465713856377205
2021-06-25,223,1.0,1.0,0.0,MANTIENE,LONG,-0.0034463548309940917,-0.0034463051386520727,111057.87754058838,119856.54830932617,-0.027827751156228608
2021-06-28,224,1.0,1.0,0.0,MANTIENE,LONG,0.008769982643156427,0.00876998250300165,112031.85319900513,120907.68814086914,-0.019301817407710416
2021-06-29,225,1.0,1.0,0.0,MANTIENE,LONG,-0.010168534226694836,-0.010168526962657576,110892.653465271,119678.23505401611,-0.0292740804434575
2021-06-30,226,1.0,1.0,0.0,MANTIENE,LONG,0.004685375200890185,0.0046854683047825585,111412.22715377808,120238.98363113403,-0.02472586529310604
2021-07-01,227,1.0,1.0,0.0,MANTIENE,LONG,0.002965888378209325,0.0029659807480921785,111742.66338348389,120595.61014175415,-0.021833311071410684
2021-07-02,228,1.0,1.0,0.0,MANTIENE,LONG,0.0007591489935514506,0.0007590725179669189,111827.49271392822,120687.1509552002,-0.02109073681398494
2021-07-05,229,1.0,1.0,0.0,MANTIENE,LONG,-0.009614988961460513,-0.00961500091070977,110752.272605896,119526.74388885498,-0.030502938573789926
2021-07-06,230,1.0,1.0,0.0,MANTIENE,LONG,0.01169012808035319,0.011690069345333454,112046.98085784912,120924.0198135376,-0.01916939375219141
2021-07-07,231,1.0,1.0,0.0,MANTIENE,LONG,-0.017337359783010875,-0.0173373165709797,110104.38203811646,118827.52180099487,-0.03617440685889837
2021-07-08,232,1.0,1.0,0.0,MANTIENE,LONG,0.017333271980706444,0.017333309925035012,112012.85123825073,120887.19606399536,-0.01946815571101798
2021-07-09,233,1.0,1.0,0.0,MANTIENE,LONG,0.006538730751904032,0.006538764922092044,112745.27311325073,121677.64902114868,-0.013056721987544454
2021-07-12,234,1.0,1.0,0.0,MANTIENE,LONG,-5.5087045461865713e-05,-5.515789510812663e-05,112739.06230926514,121670.93753814697,-0.01311108977676857
2021-07-13,235,1.0,1.0,0.0,MANTIENE,LONG,-4.176695140800657e-05,-4.17381162470809e-05,112734.35354232788,121665.85922241211,-0.01315230911792697
2021-07-14,236,1.0,1.0,0.0,MANTIENE,LONG,-0.010090576738981505,-0.010090561775382367,111596.79889678955,120438.18235397339,-0.02311017147245922
2021-07-15,237,1.0,1.0,0.0,MANTIENE,LONG,-0.005716762140094533,-0.005716767558271996,110958.82654190063,119749.66526031494,-0.028694818259228958
2021-07-16,238,1.0,1.0,0.0,MANTIENE,LONG,-0.026196991136884673,-0.026196949229144284,108052.03914642334,116612.58935928345,-0.0541400914965021
2021-07-19,239,0.25,1.0,-0.75,VENDE,LONG,0.0006222375795752466,0.005489168919829979,108119.27318572998,117252.69556045532,-0.05355154191641761
2021-07-20,240,1.0,0.25,0.75,COMPRA,LONG,0.012803287252436846,0.013553250861718436,109503.55529785156,118841.85075759888,-0.04143389043794767
2021-07-21,241,1.0,1.0,0.0,MANTIENE,LONG,0.005967891394392133,0.0059679951514552965,110157.06062316895,119551.0983467102,-0.03571327200173643
2021-07-22,242,1.0,1.0,0.0,MANTIENE,LONG,0.009974521256310709,0.009974500115818019,111255.82456588745,120743.56079101562,-0.02609497353613945
2021-07-23,243,1.0,1.0,0.0,MANTIENE,LONG,-0.003210714023582417,-0.003210776028206519,110898.61392974854,120355.88026046753,-0.029221904062244335
2021-07-26,244,1.0,1.0,0.0,MANTIENE,LONG,-0.006392879601412438,-0.00639281201618469,110189.65244293213,119586.46774291992,-0.03542797154926285
2021-07-27,245,1.0,1.0,0.0,MANTIENE,LONG,0.0033011740945787515,0.0033010554605228393,110553.40766906738,119981.22930526733,-0.032243751356585915
2021-07-28,246,1.0,1.0,0.0,MANTIENE,LONG,0.004502748145007507,0.004502742490999578,111051.20182037354,120521.47388458252,-0.02788618870318735
2021-07-29,247,1.0,1.0,0.0,MANTIENE,LONG,-0.0061429959262101486,-0.00614298174276473,110369.01473999023,119781.11267089844,-0.03385787988579634
2021-07-30,248,1.0,1.0,0.0,MANTIENE,LONG,0.0015659252589856898,0.0015658887448686265,110541.84436798096,119968.67656707764,-0.03234497353613945
2021-08-02,249,1.0,1.0,0.0,MANTIENE,LONG,-0.0008767462942101956,-0.0008768145161690555,110444.92721557617,119863.48628997803,-0.03319336149466549
2021-08-03,250,1.0,1.0,0.0,MANTIENE,LONG,0.008810667309098852,0.008810648920852149,111418.02072525024,120919.5613861084,-0.024675149850566843
2021-08-04,251,1.0,1.0,0.0,MANTIENE,LONG,0.003348233510987786,0.003348164552793964,111791.07427597046,121324.41997528076,-0.02140953450319737
2021-08-05,252,1.0,1.0,0.0,MANTIENE,LONG,0.0010657180347237727,0.0010657896934687106,111910.21203994751,121453.7262916565,-0.020366632995508657
2021-08-06,253,1.0,1.0,0.0,MANTIENE,LONG,-0.0010177136935113351,-0.0010177383280803864,111796.3194847107,121330.11817932129,-0.021363619287729785
2021-08-09,254,1.0,1.0,0.0,MANTIENE,LONG,0.0016068192517610935,0.0016068135023425967,111975.95596313477,121525.07305145264,-0.019791127510727462
2021-08-10,255,1.0,1.0,0.0,MANTIENE,LONG,0.003511573874954932,0.0035115832808692016,112369.16780471802,121951.81846618652,-0.016349051642095068
2021-08-11,256,1.0,1.0,0.0,MANTIENE,LONG,0.007040264012817987,0.007040232413104031,113160.27641296387,122810.38761138916,-0.009423889269196734
2021-08-12,257,1.0,1.0,0.0,MANTIENE,LONG,0.002505432668827856,0.0025055129633020368,113443.79186630249,123118.09062957764,-0.0069420675204114
2021-08-13,258,1.0,1.0,0.0,MANTIENE,LONG,-0.003236428233288846,-0.0032364778337190536,113076.63917541504,122719.6216583252,-0.010156028250379845
2021-08-16,259,1.0,1.0,0.0,MANTIENE,LONG,-0.00023730817676892446,-0.00023740906280922403,113049.80516433716,122690.48690795898,-0.010390926318601506
2021-08-17,260,1.0,1.0,0.0,MANTIENE,LONG,0.002764753427207056,0.002764762305256907,113362.36000061035,123029.69694137573,-0.007654901240545639
2021-08-18,261,1.0,1.0,0.0,MANTIENE,LONG,-0.012536694791453251,-0.012536724312892877,111941.17069244385,121487.30754852295,-0.020095628871487487
2021-08-19,262,1.0,1.0,0.0,MANTIENE,LONG,0.0026786134551952667,0.0026786133068736895,112241.01781845093,121812.72506713867,-0.017470843838178086
2021-08-20,263,1.0,1.0,0.0,MANTIENE,LONG,0.002830876327962306,0.0028308759342956513,112558.75825881958,122157.56177902222,-0.014689425308466765
2021-08-23,264,1.0,1.0,0.0,MANTIENE,LONG,0.0033470262429606823,0.0033470217917486167,112935.49537658691,122566.42580032349,-0.011391564957507556
2021-08-24,265,1.0,1.0,0.0,MANTIENE,LONG,-0.002841018244583271,-0.002841090073672281,112614.64357376099,122218.2035446167,-0.014200219558212145
2021-08-25,266,1.0,1.0,0.0,MANTIENE,LONG,-0.004226827684842727,-0.004226812711084604,112138.64088058472,121701.61008834839,-0.01836702536189538
2021-08-26,267,1.0,1.0,0.0,MANTIENE,LONG,0.0036806075048758657,0.003680648317559987,112551.37920379639,122149.5509147644,-0.014754019668408662
2021-08-27,268,1.0,1.0,0.0,MANTIENE,LONG,0.0022432890387897864,0.0022432704083590327,112803.86447906494,122423.56538772583,-0.012543828160219057
2021-08-30,269,1.0,1.0,0.0,MANTIENE,LONG,-0.0032869144599084743,-0.0032868750032255534,112433.08782577515,122021.17443084717,-0.015789512129965103
2021-08-31,270,1.0,1.0,0.0,MANTIENE,LONG,-0.000681964860360984,-0.0006821105136266548,112356.41241073608,121937.94250488281,-0.01646070909789124
2021-09-01,271,1.0,1.0,0.0,MANTIENE,LONG,0.0010301174338118724,0.0010301209436482939,112472.15270996094,122063.55333328247,-0.015447548127494031
2021-09-02,272,1.0,1.0,0.0,MANTIENE,LONG,-0.003749185996425153,-0.0037492310365232484,112050.47369003296,121605.90887069702,-0.019138818392800495
2021-09-03,273,1.0,1.0,0.0,MANTIENE,LONG,0.009563300077929826,0.009563237798331015,113122.04599380493,122768.85509490967,-0.009758548578297964
2021-09-06,274,1.0,1.0,0.0,MANTIENE,LONG,-0.005588150524297508,-0.005588042178168329,112489.90297317505,122082.81755447388,-0.01529216686424123
2021-09-07,275,1.0,1.0,0.0,MANTIENE,LONG,-0.014694685024496223,-0.014694686061945461,110836.8992805481,120288.84887695312,-0.029762138313325432
2021-09-08,276,1.0,1.0,0.0,MANTIENE,LONG,0.0008243998256338703,0.0008244339263627776,110928.27320098877,120388.01908493042,-0.028962274389327636
2021-09-09,277,1.0,1.0,0.0,MANTIENE,LONG,-0.0008539184713118875,-0.0008539561668181594,110833.54949951172,120285.21299362183,-0.029791461439567228
2021-09-10,278,1.0,1.0,0.0,MANTIENE,LONG,0.005868742546296879,0.005868830867009844,111484.0030670166,120991.14656448364,-0.024097557310537126
2021-09-13,279,1.0,1.0,0.0,MANTIENE,LONG,0.0013737233152080197,0.0013737659088308707,111637.15124130249,121157.3600769043,-0.0227569373716461
2021-09-14,280,1.0,1.0,0.0,MANTIENE,LONG,-0.006804734707179683,-0.006804700309423484,110877.49004364014,120332.92055130005,-0.029406817157263787
2021-09-15,281,1.0,1.0,0.0,MANTIENE,LONG,0.002289304530077141,0.0022893215419421686,111131.32238388062,120608.40129852295,-0.027184833786920007
2021-09-16,282,1.0,1.0,0.0,MANTIENE,LONG,-0.010323446685397974,-0.010323437938293378,109984.06410217285,119363.30795288086,-0.03722763929006729
2021-09-17,283,0.0,1.0,-1.0,VENDE,CASH,-0.000999985692812566,-0.023118630729098033,109874.0816116333,116603.7917137146,-0.038190397876212576
2021-09-20,284,0.0,0.0,0.0,MANTIENE,CASH,0.0,0.01430546744930572,109874.0816116333,118271.86346054077,-0.038190397876212576
2021-09-21,285,1.0,0.0,1.0,COMPRA,LONG,0.009307787233590048,0.010307857902185358,110896.7661857605,119490.9930229187,-0.029238078740420417
2021-09-22,286,1.0,1.0,0.0,MANTIENE,LONG,0.008849586060813541,0.008849687303932097,111878.1566619873,120548.45094680786,-0.02064723757367305
2021-09-23,287,0.75,1.0,-0.25,VENDE,LONG,-0.005630035950909051,-0.007173415996717725,111248.27861785889,119683.7067604065,-0.026161028834755313
2021-09-24,288,1.0,0.75,0.25,COMPRA,LONG,0.002462553773597609,0.0027125050436775933,111522.23348617554,120008.34941864014,-0.023762898001435894
2021-09-27,289,0.75,1.0,-0.25,VENDE,LONG,-0.015916665481937597,-0.020888782490963043,109747.17140197754,117501.52111053467,-0.03930133738500326
2021-09-28,290,0.25,0.75,-0.5,VENDE,LONG,0.001413494730759357,0.007653746034947506,109902.29845046997,118400.84791183472,-0.03794339488754946
2021-09-29,291,0.0,0.25,-0.25,VENDE,CASH,-0.0002500197141358518,-0.006806157317077233,109874.82070922852,117594.99311447144,-0.03818392800494215
2021-09-30,292,0.25,0.0,0.25,COMPRA,LONG,-0.0019578021752924,-0.006831307517003005,109659.70754623413,116791.66555404663,-0.040066973602925215
2021-10-01,293,0.0,0.25,-0.25,VENDE,CASH,-0.0002500292697308337,-0.007910223283296935,109632.28940963745,115867.81740188599,-0.04030698495650577
2021-10-04,294,0.0,0.0,0.0,MANTIENE,CASH,0.0,0.01050382537644956,109632.28940963745,117084.87272262573,-0.04030698495650577
2021-10-05,295,0.0,0.0,0.0,MANTIENE,CASH,0.0,-0.014555288337941619,109632.28940963745,115380.66864013672,-0.04030698495650577
2021-10-06,296,0.0,0.0,0.0,MANTIENE,CASH,0.0,0.018534984386545883,109632.28940963745,117519.24753189087,-0.04030698495650577
2021-10-07,297,0.0,0.0,0.0,MANTIENE,CASH,0.0,-0.0029329811673070028,109632.28940963745,117174.56579208374,-0.04030698495650577
2021-10-08,298,0.0,0.0,0.0,MANTIENE,CASH,0.0,-0.00045974719499786154,109632.28940963745,117120.69511413574,-0.04030698495650577
2021-10-11,299,0.0,0.0,0.0,MANTIENE,CASH,0.0,-0.0034389518113149276,109632.28940963745,116717.92268753052,-0.04030698495650577
2021-10-12,300,0.0,0.0,0.0,MANTIENE,CASH,0.0,0.006767739668097628,109632.28940963745,117507.83920288086,-0.04030698495650577
2021-10-13,301,0.0,0.0,0.0,MANTIENE,CASH,0.0,0.013990077579273397,109632.28940963745,119151.78298950195,-0.04030698495650577
2021-10-14,302,0.0,0.0,0.0,MANTIENE,CASH,0.0,0.008060688476120959,109632.28940963745,120112.22839355469,-0.04030698495650577
2021-10-15,303,0.0,0.0,0.0,MANTIENE,CASH,0.0,-0.007242442840945551,109632.28940963745,119242.32244491577,-0.04030698495650577
2021-10-18,304,0.0,0.0,0.0,MANTIENE,CASH,0.0,0.0026727593783761883,109632.28940963745,119561.02848052979,-0.04030698495650577
2021-10-19,305,0.0,0.0,0.0,MANTIENE,CASH,0.0,0.0004569517182602123,109632.28940963745,119615.66209793091,-0.04030698495650577
2021-10-20,306,0.0,0.0,0.0,MANTIENE,CASH,0.0,-0.0032442407078510094,109632.28940963745,119227.60009765625,-0.04030698495650577
2021-10-21,307,0.0,0.0,0.0,MANTIENE,CASH,0.0,0.00455140090482109,109632.28940963745,119770.25270462036,-0.04030698495650577
2021-10-22,308,0.0,0.0,0.0,MANTIENE,CASH,0.0,0.003618970211874073,109632.28940963745,120203.697681427,-0.04030698495650577
2021-10-25,309,0.0,0.0,0.0,MANTIENE,CASH,0.0,0.01011770117213251,109632.28940963745,121419.88277435303,-0.04030698495650577
2021-10-26,310,0.0,0.0,0.0,MANTIENE,CASH,0.0,-0.0032524865400976877,109632.28940963745,121024.9662399292,-0.04030698495650577
2021-10-27,311,0.0,0.0,0.0,MANTIENE,CASH,0.0,-0.0006035079701073309,109632.28940963745,120951.92670822144,-0.04030698495650577
2021-10-28,312,0.0,0.0,0.0,MANTIENE,CASH,0.0,-0.0004817575239870475,109632.28940963745,120893.65720748901,-0.04030698495650577
2021-10-29,313,0.0,0.0,0.0,MANTIENE,CASH,0.0,0.007490759316241213,109632.28940963745,121799.24249649048,-0.04030698495650577
2021-11-01,314,0.0,0.0,0.0,MANTIENE,CASH,0.0,0.009373549329903641,109632.28940963745,122940.93370437622,-0.04030698495650577
2021-11-02,315,0.0,0.0,0.0,MANTIENE,CASH,0.0,0.00034655178549325427,109632.28940963745,122983.53910446167,-0.04030698495650577
2021-11-03,316,0.0,0.0,0.0,MANTIENE,CASH,0.0,0.004365291805726423,109632.28940963745,123520.39813995361,-0.04030698495650577
2021-11-04,317,0.0,0.0,0.0,MANTIENE,CASH,0.0,0.0015415510398835153,109632.28940963745,123710.81113815308,-0.04030698495650577
2021-11-05,318,0.0,0.0,0.0,MANTIENE,CASH,0.0,-0.0004883588377483372,109632.28940963745,123650.39587020874,-0.04030698495650577
2021-11-08,319,0.25,0.0,0.25,COMPRA,LONG,-0.0003442567994795809,-0.00037705300347157245,109594.54774856567,123603.77311706543,-0.040637365802347516
2021-11-09,320,0.0,0.25,-0.25,VENDE,CASH,-0.0002499603794307026,0.0017057209839366205,109567.1534538269,123814.60666656494,-0.04087716845040322
2021-11-10,321,0.25,0.0,0.25,COMPRA,LONG,-1.229442336925235e-05,0.0009509622366801196,109565.80638885498,123932.34968185425,-0.04088896031255739
2021-11-11,322,0.0,0.25,-0.25,VENDE,CASH,-0.0002500259491683421,0.0006814990748060801,109538.41209411621,124016.80946350098,-0.041128762960613095
2021-11-12,323,0.0,0.0,0.0,MANTIENE,CASH,0.0,0.0033906601030981864,109538.41209411621,124437.3083114624,-0.041128762960613095
2021-11-15,324,0.0,0.0,0.0,MANTIENE,CASH,0.0,0.006144143664287727,109538.41209411621,125201.8690109253,-0.041128762960613095
2021-11-16,325,0.0,0.0,0.0,MANTIENE,CASH,0.0,0.00020128169020261488,109538.41209411621,125227.06985473633,-0.041128762960613095
2021-11-17,326,0.0,0.0,0.0,MANTIENE,CASH,0.0,-0.001809076377216945,109538.41209411621,125000.52452087402,-0.041128762960613095
2021-11-18,327,0.0,0.0,0.0,MANTIENE,CASH,0.0,-0.0038073379971625965,109538.41209411621,124524.60527420044,-0.041128762960613095
2021-11-19,328,0.0,0.0,0.0,MANTIENE,CASH,0.0,-0.0027400273849568224,109538.41209411621,124183.4044456482,-0.041128762960613095
2021-11-22,329,0.0,0.0,0.0,MANTIENE,CASH,0.0,-0.01108794549506742,109538.41209411621,122806.46562576294,-0.041128762960613095
2021-11-23,330,0.0,0.0,0.0,MANTIENE,CASH,0.0,-0.0036776265165744393,109538.41209411621,122354.82931137085,-0.041128762960613095
2021-11-24,331,0.0,0.0,0.0,MANTIENE,CASH,0.0,0.002493309782755304,109538.41209411621,122659.89780426025,-0.041128762960613095
2021-11-25,332,0.0,0.0,0.0,MANTIENE,CASH,0.0,-0.041521623393574236,109538.41209411621,117566.85972213745,-0.041128762960613095
2021-11-26,333,0.0,0.0,0.0,MANTIENE,CASH,0.0,0.0015613112784003125,109538.41209411621,117750.41818618774,-0.041128762960613095
2021-11-29,334,0.0,0.0,0.0,MANTIENE,CASH,0.0,-0.011827240587586774,109538.41209411621,116357.75566101074,-0.041128762960613095
2021-11-30,335,0.0,0.0,0.0,MANTIENE,CASH,0.0,0.024671348525263648,109538.41209411621,119228.45840454102,-0.041128762960613095
2021-12-01,336,0.0,0.0,0.0,MANTIENE,CASH,0.0,-0.013543922137320363,109538.41209411621,117613.63744735718,-0.041128762960613095
2021-12-02,337,0.0,0.0,0.0,MANTIENE,CASH,0.0,-0.006101571363167357,109538.41209411621,116896.00944519043,-0.041128762960613095
2021-12-03,338,0.25,0.0,0.25,COMPRA,LONG,0.003224160679996979,0.013896463656547953,109891.58153533936,118520.45059204102,-0.03803720802097073
2021-12-06,339,0.0,0.25,-0.25,VENDE,CASH,-0.0002499356177130263,0.028161729739124564,109864.11571502686,121858.19149017334,-0.03827763678560099
2021-12-07,340,0.0,0.0,0.0,MANTIENE,CASH,0.0,-0.008021360555637402,109864.11571502686,120880.72299957275,-0.03827763678560099
2021-12-08,341,0.0,0.0,0.0,MANTIENE,CASH,0.0,-0.003049049280044458,109864.11571502686,120512.15171813965,-0.03827763678560099
2021-12-09,342,0.0,0.0,0.0,MANTIENE,CASH,0.0,-0.0010198538136992896,109864.11571502686,120389.2469406128,-0.03827763678560099
2021-12-10,343,0.0,0.0,0.0,MANTIENE,CASH,0.0,-0.00010179243808927652,109864.11571502686,120376.99222564697,-0.03827763678560099
2021-12-13,344,0.0,0.0,0.0,MANTIENE,CASH,0.0,-0.010764457829774199,109864.11571502686,119081.19916915894,-0.03827763678560099
2021-12-14,345,0.0,0.0,0.0,MANTIENE,CASH,0.0,0.001474684548547378,109864.11571502686,119256.80637359619,-0.03827763678560099
2021-12-15,346,0.0,0.0,0.0,MANTIENE,CASH,0.0,0.010341677807226057,109864.11571502686,120490.12184143066,-0.03827763678560099
2021-12-16,347,0.0,0.0,0.0,MANTIENE,CASH,0.0,-0.006696549592557721,109864.11571502686,119683.2537651062,-0.03827763678560099
2021-12-17,348,0.0,0.0,0.0,MANTIENE,CASH,0.0,-0.018801646533547323,109864.11571502686,117433.01153182983,-0.03827763678560099
2021-12-20,349,0.0,0.0,0.0,MANTIENE,CASH,0.0,0.013633546662037643,109864.11571502686,119034.03997421265,-0.03827763678560099
2021-12-21,350,0.0,0.0,0.0,MANTIENE,CASH,0.0,0.00945329729234956,109864.11571502686,120159.30414199829,-0.03827763678560099
2021-12-22,351,0.0,0.0,0.0,MANTIENE,CASH,0.0,0.010442877575735698,109864.11571502686,121414.11304473877,-0.03827763678560099
2021-12-23,352,0.0,0.0,0.0,MANTIENE,CASH,0.0,0.0,109864.11571502686,121414.11304473877,-0.03827763678560099
2021-12-24,353,0.0,0.0,0.0,MANTIENE,CASH,0.0,0.005010037355102526,109864.11571502686,122022.40228652954,-0.03827763678560099
2021-12-27,354,0.0,0.0,0.0,MANTIENE,CASH,0.0,0.008111679769628344,109864.11571502686,123012.20893859863,-0.03827763678560099
2021-12-28,355,0.0,0.0,0.0,MANTIENE,CASH,0.0,-0.0069814823357119415,109864.11571502686,122153.4013748169,-0.03827763678560099
2021-12-29,356,0.0,0.0,0.0,MANTIENE,CASH,0.0,0.002057095902496142,109864.11571502686,122404.68263626099,-0.03827763678560099
2021-12-30,357,0.0,0.0,0.0,MANTIENE,CASH,0.0,0.0,109864.11571502686,122404.68263626099,-0.03827763678560099
2021-12-31,358,0.0,0.0,0.0,MANTIENE,CASH,0.0,0.0085535236538119,109864.11571502686,123451.67398452759,-0.03827763678560099
2022-01-03,359,0.0,0.0,0.0,MANTIENE,CASH,0.0,0.008231750917860436,109864.11571502686,124467.89741516113,-0.03827763678560099
2022-01-04,360,0.0,0.0,0.0,MANTIENE,CASH,0.0,0.0073759300243920745,109864.11571502686,125385.96391677856,-0.03827763678560099
2022-01-05,361,0.0,0.0,0.0,MANTIENE,CASH,0.0,-0.013503151746359632,109864.11571502686,123692.85821914673,-0.03827763678560099
2022-01-06,362,0.0,0.0,0.0,MANTIENE,CASH,0.0,-0.0064970404609280274,109864.11571502686,122889.22071456909,-0.03827763678560099
2022-01-07,363,0.0,0.0,0.0,MANTIENE,CASH,0.0,-0.011253606785339931,109864.11571502686,121506.27374649048,-0.03827763678560099
2022-01-10,364,0.0,0.0,0.0,MANTIENE,CASH,0.0,0.011005637866764229,109864.11571502686,122843.52779388428,-0.03827763678560099
2022-01-11,365,0.0,0.0,0.0,MANTIENE,CASH,0.0,0.004297485982830196,109864.11571502686,123371.44613265991,-0.03827763678560099
2022-01-12,366,0.0,0.0,0.0,MANTIENE,CASH,0.0,0.001328515287298604,109864.11571502686,123535.34698486328,-0.03827763678560099
2022-01-13,367,0.0,0.0,0.0,MANTIENE,CASH,0.0,-0.009253590888106955,109864.11571502686,122392.20142364502,-0.03827763678560099
2022-01-14,368,0.0,0.0,0.0,MANTIENE,CASH,0.0,0.003178142947668716,109864.11571502686,122781.18133544922,-0.03827763678560099
2022-01-17,369,1.0,0.0,1.0,COMPRA,LONG,-0.011114390407190866,-0.010114341949304606,108643.04304122925,121539.33048248291,-0.048966594593692084
2022-01-18,370,1.0,1.0,0.0,MANTIENE,LONG,0.0023560292436424213,0.002355951051929095,108899.00922775269,121825.67119598389,-0.046725932078873995
2022-01-19,371,1.0,1.0,0.0,MANTIENE,LONG,0.006490342591348952,0.006490351072726108,109605.80110549927,122616.36257171631,-0.040538856794617065
2022-01-20,372,1.0,1.0,0.0,MANTIENE,LONG,-0.019384297030333952,-0.019384382711476356,107481.16970062256,120239.52007293701,-0.05913733658357404
2022-01-21,373,1.0,1.0,0.0,MANTIENE,LONG,-0.03798739908968041,-0.03798730610319501,103398.23961257935,115671.9446182251,-0.09487826206735345
2022-01-24,374,0.5,1.0,-0.5,VENDE,LONG,0.003255252993743296,0.007510460910790329,103734.82704162598,116540.69423675537,-0.09193186182024611
2022-01-25,375,1.0,0.5,0.5,COMPRA,LONG,0.021684784532311818,0.022184722766915632,105984.29441452026,119126.11722946167,-0.07224059990316063
2022-01-26,376,1.0,1.0,0.0,MANTIENE,LONG,0.004196788813182195,0.004196828126984187,106429.08811569214,119626.06906890869,-0.06834698963150952
2022-01-27,377,1.0,1.0,0.0,MANTIENE,LONG,-0.01322570242852783,-0.013225760097546946,105021.48866653442,118043.92337799072,-0.08066875511328536
2022-01-28,378,1.0,1.0,0.0,MANTIENE,LONG,0.009938771880218855,0.00993875932339372,106065.27328491211,119217.13352203369,-0.0715317315879986
2022-01-31,379,1.0,1.0,0.0,MANTIENE,LONG,0.009578416166520665,0.009578369743270976,107081.21061325073,120359.03930664062,-0.06263847611573974
2022-02-01,380,0.25,1.0,-0.75,VENDE,LONG,-0.0008399550999746985,-0.0003598295162813292,106991.26720428467,120315.73057174683,-0.06342581770824637
2022-02-02,381,0.25,0.25,0.0,MANTIENE,LONG,-0.003927542468154632,-0.01571048315063739,106571.05445861816,118425.51231384277,-0.06710425258377439
2022-02-03,382,0.0,0.25,-0.25,VENDE,CASH,-0.0002500048099359775,-0.01749754284469529,106544.41118240356,116353.35683822632,-0.06733748100779724
2022-02-04,383,0.0,0.0,0.0,MANTIENE,CASH,0.0,0.007091595480402724,106544.41118240356,117178.48777770996,-0.06733748100779724
2022-02-07,384,0.0,0.0,0.0,MANTIENE,CASH,0.0,0.00235033944260854,106544.41118240356,117453.89699935913,-0.06733748100779724
2022-02-08,385,0.0,0.0,0.0,MANTIENE,CASH,0.0,0.015721300871726518,106544.41118240356,119300.42505264282,-0.06733748100779724
2022-02-09,386,0.0,0.0,0.0,MANTIENE,CASH,0.0,0.0005445836657875791,106544.41118240356,119365.394115448,-0.06733748100779724
2022-02-10,387,0.0,0.0,0.0,MANTIENE,CASH,0.0,-0.004216877998261315,106544.41118240356,118862.04481124878,-0.06733748100779724
2022-02-11,388,0.0,0.0,0.0,MANTIENE,CASH,0.0,-0.020171658022654193,106544.41118240356,116464.40029144287,-0.06733748100779724
2022-02-14,389,0.0,0.0,0.0,MANTIENE,CASH,0.0,0.019765823908144187,106544.41118240356,118766.41511917114,-0.06733748100779724
2022-02-15,390,0.0,0.0,0.0,MANTIENE,CASH,0.0,-0.0010796108623145617,106544.41118240356,118638.19360733032,-0.06733748100779724
2022-02-16,391,1.0,0.0,1.0,COMPRA,LONG,-0.009342448240818313,-0.008342365771702442,105549.0255355835,117648.47040176392,-0.07605083231763311
2022-02-17,392,0.0,1.0,-1.0,VENDE,CASH,-0.0009999893834422569,-0.014744957199103625,105443.47763061523,115913.7487411499,-0.07697477167615581
2022-02-18,393,0.0,0.0,0.0,MANTIENE,CASH,0.0,-0.020700670022779755,105443.47763061523,113514.25647735596,-0.07697477167615581
2022-02-21,394,0.0,0.0,0.0,MANTIENE,CASH,0.0,-0.00258772439249233,105443.47763061523,113220.51286697388,-0.07697477167615581
2022-02-22,395,0.0,0.0,0.0,MANTIENE,CASH,0.0,-0.004195154051670813,105443.47763061523,112745.53537368774,-0.07697477167615581
2022-02-23,396,0.0,0.0,0.0,MANTIENE,CASH,0.0,-0.03959036480121503,105443.47763061523,108281.89849853516,-0.07697477167615581
2022-02-24,397,0.0,0.0,0.0,MANTIENE,CASH,0.0,0.036658635850409294,105443.47763061523,112251.36518478394,-0.07697477167615581
2022-02-25,398,0.0,0.0,0.0,MANTIENE,CASH,0.0,-0.007291059454498594,105443.47763061523,111432.93380737305,-0.07697477167615581
2022-02-28,399,0.0,0.0,0.0,MANTIENE,CASH,0.0,-0.03845995024215654,105443.47763061523,107147.22871780396,-0.07697477167615581
2022-03-01,400,0.0,0.0,0.0,MANTIENE,CASH,0.0,0.006850900868375698,105443.47763061523,107881.2837600708,-0.07697477167615581
2022-03-02,401,1.0,0.0,1.0,COMPRA,LONG,-0.022550546960851237,-0.021550568646296675,103065.66953659058,105556.38074874878,-0.09778949543352311
2022-03-03,402,0.0,1.0,-1.0,VENDE,CASH,-0.0010000260242719605,-0.044082522851395134,102962.60118484497,100903.1891822815,-0.09869172941746114
2022-03-04,403,0.0,0.0,0.0,MANTIENE,CASH,0.0,-0.019847187736173777,102962.60118484497,98900.5446434021,-0.09869172941746114
2022-03-07,404,0.0,0.0,0.0,MANTIENE,CASH,0.0,-0.00024468506079577956,102962.60118484497,98876.34515762329,-0.09869172941746114
2022-03-08,405,0.0,0.0,0.0,MANTIENE,CASH,0.0,0.07921284720476551,102962.60118484497,106708.62197875977,-0.09869172941746114
2022-03-09,406,0.0,0.0,0.0,MANTIENE,CASH,0.0,-0.0293062468217149,102962.60118484497,103581.39276504517,-0.09869172941746114
2022-03-10,407,0.0,0.0,0.0,MANTIENE,CASH,0.0,0.013837897111037778,102962.60118484497,105014.74142074585,-0.09869172941746114
2022-03-11,408,0.25,0.0,0.25,COMPRA,LONG,0.005271659135807738,0.022086721097933637,103505.38492202759,107334.17272567749,-0.09394033943866562
2022-03-14,409,0.0,0.25,-0.25,VENDE,CASH,-0.00025003855384886364,-0.000850081459661145,103479.50458526611,107242.92993545532,-0.09416688928589317
2022-03-15,410,0.5,0.0,0.5,COMPRA,LONG,0.018306455050348447,0.03761303814315142,105373.84748458862,111276.66234970093,-0.07758429616148799
2022-03-16,411,0.5,0.5,0.0,MANTIENE,LONG,-0.001823992785029871,-0.0036480550830285674,105181.6463470459,110870.71895599365,-0.07926677575008766
2022-03-17,412,0.75,0.5,0.25,COMPRA,LONG,0.0010547102912794593,0.0017396895439067972,105292.58251190186,111063.59958648682,-0.07829566894294826
2022-03-18,413,0.0,0.75,-0.75,VENDE,CASH,-0.0007499505807022633,-0.0059751907598084575,105213.61827850342,110399.97339248657,-0.07898690164126025
2022-03-21,414,0.0,0.0,0.0,MANTIENE,CASH,0.0,0.010206757980572467,105213.61827850342,111526.79920196533,-0.07898690164126025
2022-03-22,415,0.5,0.0,0.5,COMPRA,LONG,-0.007048300025900844,-0.013096616702007569,104472.04113006592,110066.17546081543,-0.08547847828627719
2022-03-23,416,1.0,0.5,0.5,COMPRA,LONG,-0.001190358008843262,-0.0006903483367305396,104347.68199920654,109990.19145965576,-0.08656708630390864
2022-03-24,417,1.0,1.0,0.0,MANTIENE,LONG,0.002239722125941368,0.0022397087739141064,104581.39181137085,110236.53745651245,-0.0845212503965405
2022-03-25,418,1.0,1.0,0.0,MANTIENE,LONG,0.007801732672223283,0.007801835582257333,105397.30787277222,111096.58479690552,-0.07737892992503298
2022-03-28,419,1.0,1.0,0.0,MANTIENE,LONG,0.02794952409508622,0.027949589766871563,108343.11246871948,114201.68876647949,-0.05159211009633847
2022-03-29,420,0.25,1.0,-0.75,VENDE,LONG,-0.004364646713713061,-0.01445855774341609,107870.23305892944,112550.49705505371,-0.055731575476266004
2022-03-30,421,0.5,0.25,0.25,COMPRA,LONG,-0.006798572762764077,-0.013097288331628043,107136.86943054199,111076.39074325562,-0.062151253067971216
2022-03-31,422,0.5,0.5,0.0,MANTIENE,LONG,0.0011005539822228627,0.002201279427261671,107254.77933883667,111320.90091705322,-0.061119099894812415
2022-04-01,423,0.0,0.5,-0.5,VENDE,CASH,-0.0005000454031001134,0.004961730615314908,107201.14707946777,111873.24523925781,-0.06158858297296846
2022-04-04,424,0.0,0.0,0.0,MANTIENE,CASH,0.0,-0.006460898526608694,107201.14707946777,111150.44355392456,-0.06158858297296846
2022-04-05,425,0.0,0.0,0.0,MANTIENE,CASH,0.0,-0.018903418338208744,107201.14707946777,109049.32022094727,-0.06158858297296846
2022-04-06,426,0.0,0.0,0.0,MANTIENE,CASH,0.0,-0.005196595435802531,107201.14707946777,108482.63502120972,-0.06158858297296846
2022-04-07,427,0.0,0.0,0.0,MANTIENE,CASH,0.0,0.014598497634608076,107201.14707946777,110066.31851196289,-0.06158858297296846
2022-04-08,428,0.75,0.0,0.75,COMPRA,LONG,-0.005522377968579795,-0.006363131850945614,106609.14182662964,109365.9520149231,-0.06677084550782228
2022-04-11,429,0.5,0.75,-0.25,VENDE,LONG,-0.002639599607425769,-0.004779230110784738,106327.73637771606,108843.26696395874,-0.06923419681765816
2022-04-12,430,0.0,0.5,-0.5,VENDE,CASH,-0.0005000326815082223,-0.0034343380134681523,106274.56903457642,108469.46239471436,-0.06969961013807957
2022-04-13,431,1.0,0.0,1.0,COMPRA,LONG,0.005209559619861359,0.0062096401415616675,106828.21273803711,109143.01872253418,-0.06485315479271367
2022-04-14,432,1.0,1.0,0.0,MANTIENE,LONG,0.0,0.0,106828.21273803711,109143.01872253418,-0.06485315479271367
2022-04-15,433,1.0,1.0,0.0,MANTIENE,LONG,0.0,0.0,106828.21273803711,109143.01872253418,-0.06485315479271367
2022-04-18,434,1.0,1.0,0.0,MANTIENE,LONG,-0.0007335907335906944,-0.0007335417308351744,106749.84455108643,109062.95776367188,-0.06553916985290435
2022-04-19,435,1.0,1.0,0.0,MANTIENE,LONG,0.014736299733797198,0.014736365083140468,108322.94225692749,110670.14932632446,-0.05176867497036382
2022-04-20,436,1.0,1.0,0.0,MANTIENE,LONG,0.009774301961738452,0.009774351456345087,109381.72340393066,111751.87826156616,-0.04250037566994473
2022-04-21,437,1.0,1.0,0.0,MANTIENE,LONG,-0.0248455578510145,-0.0248455718946875,106664.07346725464,108975.33893585205,-0.06628998797856177
2022-04-22,438,1.0,1.0,0.0,MANTIENE,LONG,-0.01540933013442325,-0.015409263717147903,105020.45154571533,107296.10919952393,-0.08067783380361646
2022-04-25,439,0.25,1.0,-0.75,VENDE,LONG,-0.003762193586790308,-0.01204879647581003,104625.34427642822,106003.32021713257,-0.08413650176147464
2022-04-26,440,0.0,0.25,-0.25,VENDE,CASH,-0.00024998262427067264,0.0027289075609273628,104599.18975830078,106292.5934791565,-0.08436545172223799
2022-04-27,441,0.0,0.0,0.0,MANTIENE,CASH,0.0,0.013476859505707983,104599.18975830078,107725.08382797241,-0.08436545172223799
2022-04-28,442,1.0,0.0,1.0,COMPRA,LONG,0.007443572312960667,0.008443629736068825,105377.7813911438,108634.67454910278,-0.0775498597498873
2022-04-29,443,1.0,1.0,0.0,MANTIENE,LONG,-0.011264824973706733,-0.011264864444909484,104190.71912765503,107410.91966629028,-0.08794109912677608
2022-05-02,444,0.75,1.0,-0.25,VENDE,LONG,0.005152084901050236,0.007202772033413796,104727.5185585022,108184.5760345459,-0.08324209423471858
2022-05-03,445,1.0,0.75,0.25,COMPRA,LONG,-0.005139677827924127,-0.00488971017654749,104189.25285339355,107655.5848121643,-0.08795393451655452
2022-05-04,446,0.0,1.0,-1.0,VENDE,CASH,-0.0009999967963489897,-0.004888822203557686,104085.06393432617,107129.27579879761,-0.08886597766016062
2022-05-05,447,1.0,0.0,1.0,COMPRA,LONG,-0.017416445317117057,-0.016416453062902736,102272.27210998535,105370.59307098389,-0.10473469353680731
2022-05-06,448,1.0,1.0,0.0,MANTIENE,LONG,-0.02147234830206013,-0.021472371815946523,100076.24626159668,103108.03651809692,-0.12395814201993555
2022-05-09,449,1.0,1.0,0.0,MANTIENE,LONG,0.01151446741419071,0.011514419211016147,101228.57093811035,104295.26567459106,-0.11387098659275709
2022-05-10,450,1.0,1.0,0.0,MANTIENE,LONG,0.02171446175239078,0.021714449130355584,103426.69486999512,106559.9799156189,-0.0946291720234418
2022-05-11,451,1.0,1.0,0.0,MANTIENE,LONG,-0.006435985919876042,-0.006435915653594471,102761.04211807251,105874.16887283325,-0.10045612592456547
2022-05-12,452,1.0,1.0,0.0,MANTIENE,LONG,0.020982408687665988,0.020982350806503014,104917.21630096436,108095.65782546997,-0.08158152872622844
2022-05-13,453,1.0,1.0,0.0,MANTIENE,LONG,-0.004530232264307155,-0.00453024525125989,104441.91694259644,107605.95798492432,-0.08574217771692852
2022-05-16,454,1.0,1.0,0.0,MANTIENE,LONG,0.015866163890589258,0.015866033016486147,106099.00951385498,109313.23766708374,-0.07123641327033209
2022-05-17,455,1.0,1.0,0.0,MANTIENE,LONG,-0.012560349563999984,-0.012560280370723209,104766.3688659668,107940.23275375366,-0.08290200858197118
2022-05-18,456,1.0,1.0,0.0,MANTIENE,LONG,-0.008956424575920163,-0.008956470370083625,103828.03678512573,106973.46925735474,-0.09111592757083466
2022-05-19,457,1.0,1.0,0.0,MANTIENE,LONG,0.0071753110057295455,0.007175281673935219,104573.03524017334,107741.0340309143,-0.08459440168300135
2022-05-20,458,1.0,1.0,0.0,MANTIENE,LONG,0.013838683061144552,0.013838611821478164,106020.188331604,109232.0203781128,-0.07192639373549496
2022-05-23,459,1.0,1.0,0.0,MANTIENE,LONG,-0.018034842512912097,-0.018034723387834184,104108.13093185425,107262.05110549927,-0.08866405506486567
2022-05-24,460,1.0,1.0,0.0,MANTIENE,LONG,0.00633488919268399,0.006334775649984303,104767.64440536499,107941.53213500977,-0.08289084283639156
2022-05-25,461,1.0,1.0,0.0,MANTIENE,LONG,0.015945297897365762,0.015945369037742685,106438.19570541382,109662.69969940186,-0.06826726412101582
2022-05-26,462,1.0,1.0,0.0,MANTIENE,LONG,0.01622490125363396,0.016224826272445814,108165.14492034912,111441.95795059204,-0.05314999248660111
2022-05-27,463,1.0,1.0,0.0,MANTIENE,LONG,0.007868034010943825,0.007868059970290275,109016.1919593811,112318.78995895386,-0.045700144424223196
2022-05-30,464,1.0,1.0,0.0,MANTIENE,LONG,-0.012872581682046969,-0.012872555596841972,107612.87212371826,110872.9600906372,-0.05798444726428798
2022-05-31,465,0.0,1.0,-1.0,VENDE,CASH,-0.000999975407716791,-0.003327707232295918,107505.26189804077,110504.00733947754,-0.058926439650710434
2022-06-01,466,1.0,0.0,1.0,COMPRA,LONG,0.00909028913213783,0.010090349813177246,108482.51581192017,111619.03142929077,-0.050371808892525
2022-06-02,467,0.25,1.0,-0.75,VENDE,LONG,-0.0011828346560004421,-0.0017314439817743832,108354.1989326477,111425.76932907104,-0.05149506202728198
2022-06-03,468,1.0,0.25,0.75,COMPRA,LONG,0.012646916867752322,0.01339681703498341,109724.5454788208,112918.51997375488,-0.039499398928088424
2022-06-06,469,1.0,1.0,0.0,MANTIENE,LONG,-0.0066323988561075575,-0.006632291318722006,108996.80852890015,112169.61145401001,-0.04586982201592841
2022-06-07,470,1.0,1.0,0.0,MANTIENE,LONG,-0.007599978782312555,-0.0076000037834228484,108168.43509674072,111317.12198257446,-0.05312119112417144
2022-06-08,471,1.0,1.0,0.0,MANTIENE,LONG,-0.017111414743901876,-0.017111344590685085,106317.52014160156,109412.3363494873,-0.06932362713505752
2022-06-09,472,1.0,1.0,0.0,MANTIENE,LONG,-0.030775147557453253,-0.030775082445611224,103045.58277130127,106045.16267776489,-0.09796532983821148
2022-06-10,473,1.0,1.0,0.0,MANTIENE,LONG,-0.024328182608001514,-0.024328235409573074,100538.67101669312,103465.27099609375,-0.1199101940126559
2022-06-13,474,1.0,1.0,0.0,MANTIENE,LONG,-0.00913384781109805,-0.009133805322459332,99620.36609649658,102520.23935317993,-0.12794880036064316
2022-06-14,475,1.0,1.0,0.0,MANTIENE,LONG,0.013597012814293485,0.013597059821133017,100974.90549087524,103914.21318054199,-0.1160915090244269
2022-06-15,476,1.0,1.0,0.0,MANTIENE,LONG,-0.03313236263411279,-0.03313243751603201,97629.3683052063,100471.28200531006,-0.14537748568280098
2022-06-16,477,1.0,1.0,0.0,MANTIENE,LONG,0.006731650374950604,0.0067316141564772725,98286.57507896423,101147.61590957642,-0.13962446571385637
2022-06-17,478,1.0,1.0,0.0,MANTIENE,LONG,0.010615320995447375,0.010615357181960272,99329.91862297058,102221.3339805603,-0.1304913032407794
2022-06-20,479,1.0,1.0,0.0,MANTIENE,LONG,0.002020366887201419,0.002020304032199771,99530.60150146484,102427.85215377808,-0.1287345766617134
2022-06-21,480,1.0,1.0,0.0,MANTIENE,LONG,-0.011143180594334945,-0.011143270504387015,98421.51403427124,101286.47089004517,-0.13844324461957158
2022-06-22,481,1.0,1.0,0.0,MANTIENE,LONG,-0.01762670334215699,-0.017626676788451756,96686.6672039032,99501.12700462341,-0.15362964995909373
2022-06-23,482,1.0,1.0,0.0,MANTIENE,LONG,0.015917806004944968,0.015917854108531637,98225.7068157196,101084.97142791748,-0.14015729091880522
2022-06-24,483,1.0,1.0,0.0,MANTIENE,LONG,0.0051791497322830615,0.005179122371256728,98734.43245887756,101608.50286483765,-0.1357040367822617
2022-06-27,484,1.0,1.0,0.0,MANTIENE,LONG,0.0034695674688796085,0.0034695682157375174,99076.99823379517,101961.04049682617,-0.13270530362479754
2022-06-28,485,1.0,1.0,0.0,MANTIENE,LONG,-0.017266739829153055,-0.01726681469855651,97366.26148223877,100200.49810409546,-0.14768065550231246
2022-06-29,486,1.0,1.0,0.0,MANTIENE,LONG,-0.016886386503672912,-0.01688641160050519,95722.097158432,98508.47125053406,-0.16207324937805753
2022-06-30,487,1.0,1.0,0.0,MANTIENE,LONG,0.00228892513049761,0.0022889240677319567,95941.19787216187,98733.94966125488,-0.16015529778104287
2022-07-01,488,1.0,1.0,0.0,MANTIENE,LONG,-0.003094569409966108,-0.003094572541981755,95644.30117607117,98428.41029167175,-0.16275425550565176
2022-07-04,489,1.0,1.0,0.0,MANTIENE,LONG,-0.02913715936315142,-0.029137107854539046,92857.49793052673,95560.49108505249,-0.1871492181891039
2022-07-05,490,1.0,1.0,0.0,MANTIENE,LONG,0.015588774126137128,0.015588755014068312,94305.03249168396,97050.16016960144,-0.17447787095319986
2022-07-06,491,1.0,1.0,0.0,MANTIENE,LONG,0.01974666660009161,0.019746700638084924,96167.24252700806,98966.58062934875,-0.15817656069991484
2022-07-07,492,1.0,1.0,0.0,MANTIENE,LONG,0.013393176451542033,0.013393109074727683,97455.22737503052,100292.05083847046,-0.14690187083632478
2022-07-08,493,1.0,1.0,0.0,MANTIENE,LONG,-0.014044351794960774,-0.01404433582028608,96086.5318775177,98883.51559638977,-0.1588830810779223
2022-07-11,494,1.0,1.0,0.0,MANTIENE,LONG,0.005691893841716533,0.005691836256286331,96633.44621658325,99446.34437561035,-0.15409553286694605
2022-07-12,495,1.0,1.0,0.0,MANTIENE,LONG,-0.011557880195667503,-0.011557912311481733,95516.5684223175,98296.95224761963,-0.16387239535504983
2022-07-13,496,1.0,1.0,0.0,MANTIENE,LONG,-0.01855236258348736,-0.01855235414721723,93744.51041221619,96473.31237792969,-0.17938453784248576
2022-07-14,497,1.0,1.0,0.0,MANTIENE,LONG,0.027561402896376874,0.027561398028461914,96328.24063301086,99132.25173950195,-0.1567672244669661
2022-07-15,498,1.0,1.0,0.0,MANTIENE,LONG,0.007391593580599265,0.007391517561235128,97040.25983810425,99864.98951911926,-0.15053439049638523
2022-07-18,499,1.0,1.0,0.0,MANTIENE,LONG,0.02689861230390367,0.026898639266373037,99650.5081653595,102551.22184753418,-0.12768494440084818
2022-07-19,500,1.0,1.0,0.0,MANTIENE,LONG,-0.0019859939070188126,-0.0019860228628022503,99452.60286331177,102347.55277633667,-0.12941735678626884
2022-07-20,501,1.0,1.0,0.0,MANTIENE,LONG,-0.0026608327363035755,-0.0026607543967848146,99187.97612190247,102075.23107528687,-0.13173383158298965
2022-07-21,502,1.0,1.0,0.0,MANTIENE,LONG,0.000531459052804717,0.0005314917938765706,99240.69046974182,102129.48322296143,-0.13127238366754046
2022-07-22,503,1.0,1.0,0.0,MANTIENE,LONG,-0.003271505856668133,-0.0032715312582508593,98916.02396965027,101795.3634262085,-0.13411443115222146
2022-07-25,504,1.0,1.0,0.0,MANTIENE,LONG,-0.00858348616224236,-0.0085834597891562,98066.97964668274,100921.60701751709,-0.14154674795051175
2022-07-26,505,1.0,1.0,0.0,MANTIENE,LONG,0.00530277047055927,0.005302791735048773,98587.00633049011,101456.77328109741,-0.1369945673951881
2022-07-27,506,1.0,1.0,0.0,MANTIENE,LONG,0.008789881352381457,0.008789761633761994,99453.5744190216,102348.5541343689,-0.1294088520361311
2022-07-28,507,1.0,1.0,0.0,MANTIENE,LONG,0.015203882211550779,0.015203912496000616,100965.6548500061,103904.65259552002,-0.11617248676806972
2022-07-29,508,1.0,1.0,0.0,MANTIENE,LONG,-0.00032775995786349377,-0.00032778218466533726,100932.5623512268,103870.59450149536,-0.11646217003656521
2022-08-01,509,1.0,1.0,0.0,MANTIENE,LONG,-0.002257513638209918,-0.002257469244994148,100704.70571517944,103636.10982894897,-0.11845676873758203
2022-08-02,510,1.0,1.0,0.0,MANTIENE,LONG,0.010287505875843594,0.010287535915677104,101740.70596694946,104702.27003097534,-0.10938788756615965
2022-08-03,511,1.0,1.0,0.0,MANTIENE,LONG,0.005528535569618853,0.005528595206478748,102303.18307876587,105281.12649917603,-0.10446410682383583
2022-08-04,512,1.0,1.0,0.0,MANTIENE,LONG,-0.006495830193456786,-0.0064957497610008685,101638.63897323608,104597.2466468811,-0.11028135591805387
2022-08-05,513,1.0,1.0,0.0,MANTIENE,LONG,0.008380769233927055,0.008380770420000516,102490.44895172119,105473.85215759277,-0.10282482927888068
2022-08-08,514,1.0,1.0,0.0,MANTIENE,LONG,-0.011157517247411541,-0.011157478004671928,101346.90999984741,104297.02997207642,-0.11283507672015093
2022-08-09,515,1.0,1.0,0.0,MANTIENE,LONG,0.01226146387824878,0.012261533198560937,102589.57147598267,105575.87146759033,-0.10195713605930576
2022-08-10,516,1.0,1.0,0.0,MANTIENE,LONG,-0.0004685192155045037,-0.00046859054513004317,102541.50629043579,105526.39961242676,-0.10237788639740872
2022-08-11,517,1.0,1.0,0.0,MANTIENE,LONG,0.007400074751752639,0.007400084679552998,103300.32110214233,106307.30390548706,-0.0957354156579233
2022-08-12,518,1.0,1.0,0.0,MANTIENE,LONG,0.0015049404768980867,0.0015048718262986593,103455.78193664551,106467.28277206421,-0.09437455128312157
2022-08-15,519,1.0,1.0,0.0,MANTIENE,LONG,0.006767874632713111,0.0067679058949250415,104155.95769882202,107187.8433227539,-0.08824539178201125
2022-08-16,520,1.0,1.0,0.0,MANTIENE,LONG,-0.0203744090664838,-0.020374421902831674,102033.84160995483,105003.9529800415,-0.10682185313809626
2022-08-17,521,1.0,1.0,0.0,MANTIENE,LONG,0.0051883238412289145,0.005188360616095844,102563.22622299194,105548.75135421753,-0.10218775566426795
2022-08-18,522,1.0,1.0,0.0,MANTIENE,LONG,-0.011162036661979902,-0.011161984131367375,101418.41173171997,104370.61786651611,-0.11220916885111783
2022-08-19,523,1.0,1.0,0.0,MANTIENE,LONG,-0.02317905898883499,-0.023179028061131812,99067.62838363647,101951.40838623047,-0.13278732489606465
2022-08-22,524,1.0,1.0,0.0,MANTIENE,LONG,-0.002746620347167661,-0.0027467452045670804,98795.52721977234,101671.37384414673,-0.13516922887482677
2022-08-23,525,1.0,1.0,0.0,MANTIENE,LONG,0.0019576306418909173,0.001957716742060134,98988.93237113953,101870.41759490967,-0.13347620965722204
2022-08-24,526,1.0,1.0,0.0,MANTIENE,LONG,0.003925916510327587,0.003925804311269987,99377.55465507507,102270.34091949463,-0.1300743096021238
2022-08-25,527,1.0,1.0,0.0,MANTIENE,LONG,-0.022641025762519473,-0.022640947292814628,97127.54487991333,99954.84352111816,-0.14977031956989967
2022-08-26,528,1.0,1.0,0.0,MANTIENE,LONG,-0.006050150172153934,-0.006050159693350654,96539.90864753723,99350.10075569153,-0.15491433681732422
2022-08-29,529,1.0,1.0,0.0,MANTIENE,LONG,0.005285765151426647,0.005285759735870421,97050.1959323883,99875.24151802063,-0.15044741246890286
2022-08-30,530,1.0,1.0,0.0,MANTIENE,LONG,-0.009735221409773231,-0.009735212787321257,96105.39078712463,98902.9347896576,-0.15871799500776385
2022-08-31,531,1.0,1.0,0.0,MANTIENE,LONG,-0.015950945586120535,-0.015950971120086255,94572.41892814636,97325.33693313599,-0.17213723849197737
2022-09-01,532,1.0,1.0,0.0,MANTIENE,LONG,0.03325667554001255,0.03325661258652213,97717.58317947388,100562.04795837402,-0.14460527524084618
2022-09-02,533,1.0,1.0,0.0,MANTIENE,LONG,-0.022182662378181672,-0.022182599876051423,95549.94702339172,98331.32028579712,-0.16358020762025613
2022-09-05,534,1.0,1.0,0.0,MANTIENE,LONG,0.008671903602486708,0.008671925964908844,96378.5469532013,99184.04221534729,-0.156326855809527
2022-09-06,535,1.0,1.0,0.0,MANTIENE,LONG,0.003459570551892943,0.003459548646928212,96711.97533607483,99527.17423439026,-0.15340810904446261
2022-09-07,536,1.0,1.0,0.0,MANTIENE,LONG,-0.0009019093743168893,-0.0009019703029526926,96624.74989891052,99437.40367889404,-0.15417165820713605
2022-09-08,537,1.0,1.0,0.0,MANTIENE,LONG,0.01425025058690288,0.01425022184488145,98001.67679786682,100854.40874099731,-0.14211839238308316
2022-09-09,538,1.0,1.0,0.0,MANTIENE,LONG,0.023995628743130437,0.023995656881845795,100353.2886505127,103274.47652816772,-0.12153298382114772
2022-09-12,539,1.0,1.0,0.0,MANTIENE,LONG,-0.01591662109104941,-0.0159166995544765,98756.00337982178,101630.68771362305,-0.13551521045865125
2022-09-13,540,1.0,1.0,0.0,MANTIENE,LONG,-0.012203392121970191,-0.012203415675510865,97550.8451461792,100390.44618606567,-0.1460648573289032
2022-09-14,541,1.0,1.0,0.0,MANTIENE,LONG,-0.005475881071830724,-0.005475836981694515,97016.66831970215,99840.7244682312,-0.15074090461322692
2022-09-15,542,1.0,1.0,0.0,MANTIENE,LONG,-0.016624688450284975,-0.016624703725155787,95403.79643440247,98180.90200424194,-0.16485957248760288
2022-09-16,543,1.0,1.0,0.0,MANTIENE,LONG,0.004864582573857357,0.004864551540788353,95867.89608001709,98658.50806236267,-0.16079696291720236
2022-09-19,544,1.0,1.0,0.0,MANTIENE,LONG,-0.010341915711823302,-0.010341918702892472,94876.43837928772,97638.18979263306,-0.16947592999181874
2022-09-20,545,1.0,1.0,0.0,MANTIENE,LONG,0.007601762197563922,0.007601747637655087,95597.6665019989,98380.41067123413,-0.16316248351226353
2022-09-21,546,1.0,1.0,0.0,MANTIENE,LONG,-0.018447402012653602,-0.01844737273540553,93834.13791656494,96565.5505657196,-0.17859996159818342
2022-09-22,547,1.0,1.0,0.0,MANTIENE,LONG,-0.019745145005105824,-0.019745249231668316,91981.36925697327,94658.8397026062,-0.1948186244636268
2022-09-23,548,1.0,1.0,0.0,MANTIENE,LONG,-0.00458076714144251,-0.004580722843316232,91560.02402305603,94225.23379325867,-0.19850697285158533
2022-09-26,549,1.0,1.0,0.0,MANTIENE,LONG,-0.007216287401074717,-0.007216240054082723,90899.30057525635,93545.28188705444,-0.20429077688544572
2022-09-27,550,1.0,1.0,0.0,MANTIENE,LONG,0.0035915189478656906,0.003591560091839696,91225.76713562012,93881.25538825989,-0.2014329721336383
2022-09-28,551,1.0,1.0,0.0,MANTIENE,LONG,-0.017050476624068334,-0.017050459025179987,89670.32432556152,92280.5368900299,-0.21504892057502545
2022-09-29,552,1.0,1.0,0.0,MANTIENE,LONG,0.011591190323117617,0.01159118866588238,90709.71012115479,93350.17800331116,-0.205950403219074
2022-09-30,553,1.0,1.0,0.0,MANTIENE,LONG,0.007851857770549087,0.007851835458802636,91421.94986343384,94083.14824104309,-0.19971563872238826
2022-10-03,554,1.0,1.0,0.0,MANTIENE,LONG,0.03775751793349591,0.037757531375809394,94873.8157749176,97635.49566268921,-0.16949888759955253
2022-10-04,555,1.0,1.0,0.0,MANTIENE,LONG,-0.012098998660881266,-0.012099067929353668,93725.93760490417,96454.19716835022,-0.179547119446346
2022-10-05,556,1.0,1.0,0.0,MANTIENE,LONG,-0.003706866240120621,-0.003706821187481779,93378.5080909729,96096.65870666504,-0.18258842853088006
2022-10-06,557,1.0,1.0,0.0,MANTIENE,LONG,-0.015859505943772056,-0.015859542508210978,91897.57108688354,94572.60966300964,-0.19555217220710266
2022-10-07,558,1.0,1.0,0.0,MANTIENE,LONG,-4.799630350604822e-06,-4.8529459681923015e-06,91897.1300125122,94572.15070724487,-0.19555603325931245
2022-10-10,559,1.0,1.0,0.0,MANTIENE,LONG,-0.004293225094663455,-0.004293176334097093,91502.59494781494,94166.13578796387,-0.19900969228457416
2022-10-11,560,1.0,1.0,0.0,MANTIENE,LONG,-0.003927085588800283,-0.003927155919540515,91143.25642585754,93796.33069038391,-0.20215524977877214
2022-10-12,561,1.0,1.0,0.0,MANTIENE,LONG,0.015060523627126399,0.015060547788114054,92515.9215927124,95208.95481109619,-0.19013929006728666
2022-10-13,562,1.0,1.0,0.0,MANTIENE,LONG,0.006655243442749148,0.006655246856463792,93131.63757324219,95842.59390830994,-0.18474946988796687
2022-10-14,563,1.0,1.0,0.0,MANTIENE,LONG,0.01698219303347681,0.016982137560985988,94713.21702003479,97470.20602226257,-0.17090472801496
2022-10-17,564,1.0,1.0,0.0,MANTIENE,LONG,0.009216537370326794,0.009216532937168509,95586.14492416382,98368.54338645935,-0.16326334045714858
2022-10-18,565,1.0,1.0,0.0,MANTIENE,LONG,-0.0018957149148072228,-0.0018957793384835053,95404.94084358215,98182.05833435059,-0.16484955462240997
2022-10-19,566,1.0,1.0,0.0,MANTIENE,LONG,0.0020406348927888285,0.0020406483256412145,95599.62749481201,98382.41338729858,-0.16314531748284442
2022-10-20,567,1.0,1.0,0.0,MANTIENE,LONG,-0.0028596000886840223,-0.0028596562547900106,95326.25079154968,98101.07350349426,-0.16553838720718614
2022-10-21,568,1.0,1.0,0.0,MANTIENE,LONG,0.015753052364924303,0.015753013206628586,96827.93021202087,99646.46100997925,-0.15239306972434175
2022-10-24,569,1.0,1.0,0.0,MANTIENE,LONG,0.009396411739688304,0.00939651398841801,97737.76531219482,100582.79037475586,-0.1444286060140584
2022-10-25,570,1.0,1.0,0.0,MANTIENE,LONG,0.010943867899329218,0.010943768151119748,98807.39450454712,101683.54511260986,-0.13506534569983136
2022-10-26,571,1.0,1.0,0.0,MANTIENE,LONG,0.001168597941863192,0.0011686042190270918,98922.860622406,101802.37293243408,-0.13405458484296998
2022-10-27,572,1.0,1.0,0.0,MANTIENE,LONG,0.002429728866962355,0.002429798723670551,99163.21635246277,102049.73220825195,-0.13195057227054915
2022-10-28,573,1.0,1.0,0.0,MANTIENE,LONG,0.0007860873951506253,0.0007860474418004415,99241.16730690002,102129.94813919067,-0.13126820955704338
2022-10-31,574,1.0,1.0,0.0,MANTIENE,LONG,0.0064133699261346155,0.006413236591632732,99877.6376247406,102784.93165969849,-0.12569671121833936
2022-11-01,575,0.0,1.0,-1.0,VENDE,CASH,-0.00099995900144223,-0.0061474851328978675,99777.76408195496,102153.06282043457,-0.12657097866194714
2022-11-02,576,0.0,0.0,0.0,MANTIENE,CASH,0.0,-0.00954602635945867,99777.76408195496,101177.90699005127,-0.12657097866194714
2022-11-03,577,0.0,0.0,0.0,MANTIENE,CASH,0.0,0.025106928868119827,99777.76408195496,103718.17350387573,-0.12657097866194714
2022-11-04,578,0.0,0.0,0.0,MANTIENE,CASH,0.0,0.005473356679854824,99777.76408195496,104285.86006164551,-0.12657097866194714
2022-11-07,579,0.0,0.0,0.0,MANTIENE,CASH,0.0,0.011469991536478874,99777.76408195496,105482.017993927,-0.12657097866194714
2022-11-08,580,0.0,0.0,0.0,MANTIENE,CASH,0.0,-0.0016384747967248536,99777.76408195496,105309.18836593628,-0.12657097866194714
2022-11-09,581,0.0,0.0,0.0,MANTIENE,CASH,0.0,0.035105940417535786,99777.76408195496,109006.16645812988,-0.12657097866194714
2022-11-10,582,0.0,0.0,0.0,MANTIENE,CASH,0.0,0.005568399295720727,99777.76408195496,109613.15631866455,-0.12657097866194714
2022-11-11,583,0.0,0.0,0.0,MANTIENE,CASH,0.0,0.006217171081122297,99777.76408195496,110294.6400642395,-0.12657097866194714
2022-11-14,584,0.0,0.0,0.0,MANTIENE,CASH,0.0,0.00455589679627022,99777.76408195496,110797.13106155396,-0.12657097866194714
2022-11-15,585,0.0,0.0,0.0,MANTIENE,CASH,0.0,-0.010048269177241997,99777.76408195496,109683.8116645813,-0.12657097866194714
2022-11-16,586,0.0,0.0,0.0,MANTIENE,CASH,0.0,0.0022727013366561355,99777.76408195496,109933.09020996094,-0.12657097866194714
2022-11-17,587,0.0,0.0,0.0,MANTIENE,CASH,0.0,0.011599291942966827,99777.76408195496,111208.23621749878,-0.12657097866194714
2022-11-18,588,0.0,0.0,0.0,MANTIENE,CASH,0.0,-0.003598310312029729,99777.76408195496,110808.07447433472,-0.12657097866194714
2022-11-21,589,0.0,0.0,0.0,MANTIENE,CASH,0.0,0.0029499997579409687,99777.76408195496,111134.95826721191,-0.12657097866194714
2022-11-22,590,0.0,0.0,0.0,MANTIENE,CASH,0.0,0.00036330770263814927,99777.76408195496,111175.33445358276,-0.12657097866194714
2022-11-23,591,1.0,0.0,1.0,COMPRA,LONG,0.006760661080383201,0.007760831124559164,100452.32772827148,112038.14744949341,-0.12066602107090979
2022-11-24,592,1.0,1.0,0.0,MANTIENE,LONG,0.00012519948847411477,0.00012512713544721166,100464.90430831909,112052.16646194458,-0.12055592890655001
2022-11-25,593,0.0,1.0,-1.0,VENDE,CASH,-0.0009999279748094114,-0.010866825744070163,100364.44664001465,110834.51509475708,-0.12143530963551667
2022-11-28,594,0.0,0.0,0.0,MANTIENE,CASH,0.0,-0.0019405272809074336,100364.44664001465,110619.43769454956,-0.12143530963551667
2022-11-29,595,0.0,0.0,0.0,MANTIENE,CASH,0.0,0.002897160397011378,100364.44664001465,110939.91994857788,-0.12143530963551667
2022-11-30,596,0.75,0.0,0.75,COMPRA,LONG,0.004108357345964819,0.006477751935110687,100776.77965164185,111658.56122970581,-0.11782585193595245
2022-12-01,597,0.0,0.75,-0.75,VENDE,CASH,-0.0007499613486008361,0.002697670734062685,100701.20096206665,111959.77926254272,-0.11848744844973536
2022-12-02,598,0.0,0.0,0.0,MANTIENE,CASH,0.0,-0.005628593335063159,100701.20096206665,111329.60319519043,-0.11848744844973536
2022-12-05,599,0.0,0.0,0.0,MANTIENE,CASH,0.0,-0.007227430248450517,100701.20096206665,110524.97625350952,-0.11848744844973536
2022-12-06,600,0.0,0.0,0.0,MANTIENE,CASH,0.0,-0.005717085690600254,100701.20096206665,109893.09549331665,-0.11848744844973536
2022-12-07,601,0.0,0.0,0.0,MANTIENE,CASH,0.0,0.00023626400864951158,100701.20096206665,109919.05927658081,-0.11848744844973536
2022-12-08,602,0.0,0.0,0.0,MANTIENE,CASH,0.0,0.007442293566449987,100701.20096206665,110737.10918426514,-0.11848744844973536
2022-12-09,603,0.0,0.0,0.0,MANTIENE,CASH,0.0,-0.0044597538114273805,100701.20096206665,110243.24893951416,-0.11848744844973536
2022-12-12,604,0.0,0.0,0.0,MANTIENE,CASH,0.0,0.01336858612044245,100701.20096206665,111717.04530715942,-0.11848744844973536
2022-12-13,605,0.0,0.0,0.0,MANTIENE,CASH,0.0,-0.0025996891641203446,100701.20096206665,111426.61571502686,-0.11848744844973536
2022-12-14,606,0.0,0.0,0.0,MANTIENE,CASH,0.0,-0.032777505680345875,100701.20096206665,107774.32918548584,-0.11848744844973536
2022-12-15,607,0.0,0.0,0.0,MANTIENE,CASH,0.0,-0.006660829403172253,100701.20096206665,107056.46276473999,-0.11848744844973536
2022-12-16,608,1.0,0.0,1.0,COMPRA,LONG,0.002584454986244822,0.0035845255305717583,100961.45868301392,107440.20938873291,-0.1162092189404438
2022-12-19,609,0.0,1.0,-1.0,VENDE,CASH,-0.000999969182671312,-0.0041749799006695065,100860.50033569336,106991.64867401123,-0.11709298248543236
2022-12-20,610,0.0,0.0,0.0,MANTIENE,CASH,0.0,0.015352235237228395,100860.50033569336,108634.20963287354,-0.11709298248543236
2022-12-21,611,0.0,0.0,0.0,MANTIENE,CASH,0.0,-0.013033943757518207,100860.50033569336,107218.27745437622,-0.11709298248543236
2022-12-22,612,0.0,0.0,0.0,MANTIENE,CASH,0.0,0.0019303720730463603,100860.50033569336,107425.24862289429,-0.11709298248543236
2022-12-23,613,0.0,0.0,0.0,MANTIENE,CASH,0.0,0.0,100860.50033569336,107425.24862289429,-0.11709298248543236
2022-12-26,614,0.0,0.0,0.0,MANTIENE,CASH,0.0,0.0038857089338124595,100860.50033569336,107842.6718711853,-0.11709298248543236
2022-12-27,615,0.0,0.0,0.0,MANTIENE,CASH,0.0,-0.0049660095026816675,100860.50033569336,107307.12413787842,-0.11709298248543236
2022-12-28,616,0.0,0.0,0.0,MANTIENE,CASH,0.0,0.010492942678691497,100860.50033569336,108433.09164047241,-0.11709298248543236
2022-12-29,617,0.0,0.0,0.0,MANTIENE,CASH,0.0,-0.010526793730933348,100860.50033569336,107291.63885116577,-0.11709298248543236
2022-12-30,618,0.0,0.0,0.0,MANTIENE,CASH,0.0,0.010462124768409797,100860.50033569336,108414.13736343384,-0.11709298248543236
2023-01-02,619,0.0,0.0,0.0,MANTIENE,CASH,0.0,0.007989719429581044,100860.50033569336,109280.33590316772,-0.11709298248543236
2023-01-03,620,0.0,0.0,0.0,MANTIENE,CASH,0.0,0.02179642654671876,100860.50033569336,111662.25671768188,-0.11709298248543236
2023-01-04,621,0.0,0.0,0.0,MANTIENE,CASH,0.0,-0.0037589774812587518,100860.50033569336,111242.52080917358,-0.11709298248543236
2023-01-05,622,0.0,0.0,0.0,MANTIENE,CASH,0.0,0.012032857039216527,100860.50033569336,112581.08615875244,-0.11709298248543236
2023-01-06,623,0.0,0.0,0.0,MANTIENE,CASH,0.0,0.012512725029452554,100860.50033569336,113989.78233337402,-0.11709298248543236
2023-01-09,624,0.0,0.0,0.0,MANTIENE,CASH,0.0,-0.0012323580581617977,100860.50033569336,113849.30610656738,-0.11709298248543236
2023-01-10,625,0.0,0.0,0.0,MANTIENE,CASH,0.0,0.01173022370228094,100860.50033569336,115184.78393554688,-0.11709298248543236
2023-01-11,626,0.0,0.0,0.0,MANTIENE,CASH,0.0,0.007385018214936201,100860.50033569336,116035.42566299438,-0.11709298248543236
2023-01-12,627,0.0,0.0,0.0,MANTIENE,CASH,0.0,0.001873993772394389,100860.50033569336,116252.87532806396,-0.11709298248543236
2023-01-13,628,0.0,0.0,0.0,MANTIENE,CASH,0.0,0.0031499186115502287,100860.50033569336,116619.06242370605,-0.11709298248543236
2023-01-16,629,0.0,0.0,0.0,MANTIENE,CASH,0.0,0.003504037120161785,100860.50033569336,117027.69994735718,-0.11709298248543236
2023-01-17,630,0.0,0.0,0.0,MANTIENE,CASH,0.0,-0.0003470512106810153,100860.50033569336,116987.08534240723,-0.11709298248543236
2023-01-18,631,0.0,0.0,0.0,MANTIENE,CASH,0.0,-0.01722061288898613,100860.50033569336,114972.49603271484,-0.11709298248543236
2023-01-19,632,0.0,0.0,0.0,MANTIENE,CASH,0.0,0.007586946135202055,100860.50033569336,115844.78616714478,-0.11709298248543236
2023-01-20,633,0.0,0.0,0.0,MANTIENE,CASH,0.0,0.004615670372765779,100860.50033569336,116379.48751449585,-0.11709298248543236
2023-01-23,634,0.0,0.0,0.0,MANTIENE,CASH,0.0,-0.0006515669616933284,100860.50033569336,116303.6584854126,-0.11709298248543236
2023-01-24,635,0.0,0.0,0.0,MANTIENE,CASH,0.0,-0.0007599225030744394,100860.50033569336,116215.27671813965,-0.11709298248543236
2023-01-25,636,0.0,0.0,0.0,MANTIENE,CASH,0.0,0.003395479505057253,100860.50033569336,116609.88330841064,-0.11709298248543236
2023-01-26,637,0.0,0.0,0.0,MANTIENE,CASH,0.0,0.0011353569116001605,100860.50033569336,116742.27714538574,-0.11709298248543236
2023-01-27,638,0.0,0.0,0.0,MANTIENE,CASH,0.0,-0.00158091675608385,100860.50033569336,116557.71732330322,-0.11709298248543236
2023-01-30,639,0.0,0.0,0.0,MANTIENE,CASH,0.0,0.00014482125926984502,100860.50033569336,116574.59735870361,-0.11709298248543236
2023-01-31,640,0.0,0.0,0.0,MANTIENE,CASH,0.0,0.003468355512524557,100860.50033569336,116978.919506073,-0.11709298248543236
2023-02-01,641,0.0,0.0,0.0,MANTIENE,CASH,0.0,0.02163600312771874,100860.50033569336,119509.87577438354,-0.11709298248543236
2023-02-02,642,0.0,0.0,0.0,MANTIENE,CASH,0.0,-0.0021123736498419587,100860.50033569336,119257.42626190186,-0.11709298248543236
2023-02-03,643,0.0,0.0,0.0,MANTIENE,CASH,0.0,-0.008433494554898724,100860.50033569336,118251.66940689087,-0.11709298248543236
2023-02-06,644,0.0,0.0,0.0,MANTIENE,CASH,0.0,-0.0016310020021836902,100860.50033569336,118058.80069732666,-0.11709298248543236
2023-02-07,645,0.0,0.0,0.0,MANTIENE,CASH,0.0,0.005950629525551143,100860.50033569336,118761.32488250732,-0.11709298248543236
2023-02-08,646,0.0,0.0,0.0,MANTIENE,CASH,0.0,0.0072262548203638755,100860.50033569336,119619.52447891235,-0.11709298248543236
2023-02-09,647,0.0,0.0,0.0,MANTIENE,CASH,0.0,-0.013878340466951133,100860.50033569336,117959.40399169922,-0.11709298248543236
2023-02-10,648,0.0,0.0,0.0,MANTIENE,CASH,0.0,0.005837404013601777,100860.50033569336,118647.98069000244,-0.11709298248543236
2023-02-13,649,0.0,0.0,0.0,MANTIENE,CASH,0.0,-0.0010898315809821923,100860.50033569336,118518.67437362671,-0.11709298248543236
2023-02-14,650,0.0,0.0,0.0,MANTIENE,CASH,0.0,0.008177876894211344,100860.50033569336,119487.90550231934,-0.11709298248543236
2023-02-15,651,0.0,0.0,0.0,MANTIENE,CASH,0.0,0.0017605851603632594,100860.50033569336,119698.2741355896,-0.11709298248543236
2023-02-16,652,0.0,0.0,0.0,MANTIENE,CASH,0.0,-0.003324363792160945,100860.50033569336,119300.35352706909,-0.11709298248543236
2023-02-17,653,0.0,0.0,0.0,MANTIENE,CASH,0.0,-0.0002874803937272796,100860.50033569336,119266.05701446533,-0.11709298248543236
2023-02-20,654,0.0,0.0,0.0,MANTIENE,CASH,0.0,-0.0051642407885365005,100860.50033569336,118650.13837814331,-0.11709298248543236
2023-02-21,655,0.0,0.0,0.0,MANTIENE,CASH,0.0,0.00014739133907593072,100860.50033569336,118667.62638092041,-0.11709298248543236
2023-02-22,656,0.0,0.0,0.0,MANTIENE,CASH,0.0,0.004922165334848572,100860.50033569336,119251.72805786133,-0.11709298248543236
2023-02-23,657,0.0,0.0,0.0,MANTIENE,CASH,0.0,-0.017184982146355887,100860.50033569336,117202.38924026489,-0.11709298248543236
2023-02-24,658,0.0,0.0,0.0,MANTIENE,CASH,0.0,0.011288035201419522,100860.50033569336,118525.37393569946,-0.11709298248543236
2023-02-27,659,0.0,0.0,0.0,MANTIENE,CASH,0.0,-0.001059076025063388,100860.50033569336,118399.84655380249,-0.11709298248543236
2023-02-28,660,0.0,0.0,0.0,MANTIENE,CASH,0.0,-0.0039126674029326125,100860.50033569336,117936.5873336792,-0.11709298248543236
2023-03-01,661,0.0,0.0,0.0,MANTIENE,CASH,0.0,0.0014778781224105142,100860.50033569336,118110.8832359314,-0.11709298248543236
2023-03-02,662,0.0,0.0,0.0,MANTIENE,CASH,0.0,0.01635933656302546,100860.50033569336,120043.09892654419,-0.11709298248543236
2023-03-03,663,0.0,0.0,0.0,MANTIENE,CASH,0.0,0.00482664006605793,100860.50033569336,120622.5037574768,-0.11709298248543236
2023-03-06,664,0.0,0.0,0.0,MANTIENE,CASH,0.0,-0.006008173701585129,100860.50033569336,119897.78280258179,-0.11709298248543236
2023-03-07,665,0.0,0.0,0.0,MANTIENE,CASH,0.0,0.0046491488408695325,100860.50033569336,120455.20544052124,-0.11709298248543236
2023-03-08,666,0.0,0.0,0.0,MANTIENE,CASH,0.0,8.570426190668279e-05,100860.50033569336,120465.52896499634,-0.11709298248543236
2023-03-09,667,0.0,0.0,0.0,MANTIENE,CASH,0.0,-0.013128451069781555,100860.50033569336,118884.00316238403,-0.11709298248543236
2023-03-10,668,0.0,0.0,0.0,MANTIENE,CASH,0.0,-0.030366862056493527,100860.50033569336,115273.86903762817,-0.11709298248543236
2023-03-13,669,0.0,0.0,0.0,MANTIENE,CASH,0.0,0.01827335271104391,100860.50033569336,117380.30910491943,-0.11709298248543236
2023-03-14,670,0.0,0.0,0.0,MANTIENE,CASH,0.0,-0.03266435615067742,100860.50033569336,113546.15688323975,-0.11709298248543236
2023-03-15,671,0.0,0.0,0.0,MANTIENE,CASH,0.0,0.015733744100489,100860.50033569336,115332.66305923462,-0.11709298248543236
2023-03-16,672,0.0,0.0,0.0,MANTIENE,CASH,0.0,-0.013289156732357865,100860.50033569336,113799.98922348022,-0.11709298248543236
2023-03-17,673,1.0,0.0,1.0,COMPRA,LONG,0.010184743934137597,0.01118482836427126,101887.7387046814,115072.82257080078,-0.10810080059439334
2023-03-20,674,0.0,1.0,-1.0,VENDE,CASH,-0.0010000043290230298,0.01754188953329372,101785.85052490234,117091.41731262207,-0.10899270365485116
2023-03-21,675,0.0,0.0,0.0,MANTIENE,CASH,0.0,0.0013721781164162117,101785.85052490234,117252.08759307861,-0.10899270365485116
2023-03-22,676,0.0,0.0,0.0,MANTIENE,CASH,0.0,-0.00038125959630408435,101785.85052490234,117207.38410949707,-0.10899270365485116
2023-03-23,677,0.0,0.0,0.0,MANTIENE,CASH,0.0,-0.016643802707629773,101785.85052490234,115256.60753250122,-0.10899270365485116
2023-03-24,678,1.0,0.0,1.0,COMPRA,LONG,0.01039572211051798,0.011395754737715702,102843.98794174194,116570.04356384277,-0.09973003940360309
2023-03-27,679,0.0,1.0,-1.0,VENDE,CASH,-0.0009999792516186545,0.0009479880768257232,102741.14608764648,116680.55057525635,-0.10063029068505501
2023-03-28,680,0.0,0.0,0.0,MANTIENE,CASH,0.0,0.012333934825887516,102741.14608764648,118119.68088150024,-0.10063029068505501
2023-03-29,681,0.0,0.0,0.0,MANTIENE,CASH,0.0,0.012631152523409739,102741.14608764648,119611.66858673096,-0.10063029068505501
2023-03-30,682,0.0,0.0,0.0,MANTIENE,CASH,0.0,0.006857154361169293,102741.14608764648,120431.8642616272,-0.10063029068505501
2023-03-31,683,0.0,0.0,0.0,MANTIENE,CASH,0.0,-0.003066154439910651,102741.14608764648,120062.6015663147,-0.10063029068505501
2023-04-03,684,0.0,0.0,0.0,MANTIENE,CASH,0.0,0.0014472405077217143,102741.14608764648,120236.36102676392,-0.10063029068505501
2023-04-04,685,0.0,0.0,0.0,MANTIENE,CASH,0.0,-0.005338505042108754,102741.14608764648,119594.47860717773,-0.10063029068505501
2023-04-05,686,0.0,0.0,0.0,MANTIENE,CASH,0.0,0.005007619380258399,102741.14608764648,120193.36223602295,-0.10063029068505501
2023-04-06,687,0.0,0.0,0.0,MANTIENE,CASH,0.0,0.0,102741.14608764648,120193.36223602295,-0.10063029068505501
2023-04-07,688,0.0,0.0,0.0,MANTIENE,CASH,0.0,0.0,102741.14608764648,120193.36223602295,-0.10063029068505501
2023-04-10,689,0.0,0.0,0.0,MANTIENE,CASH,0.0,0.003672285284972654,102741.14608764648,120634.74655151367,-0.10063029068505501
2023-04-11,690,0.0,0.0,0.0,MANTIENE,CASH,0.0,0.0030936078744800977,102741.14608764648,121007.94315338135,-0.10063029068505501
2023-04-12,691,0.0,0.0,0.0,MANTIENE,CASH,0.0,0.001646753454527472,102741.14608764648,121207.21340179443,-0.10063029068505501
2023-04-13,692,0.0,0.0,0.0,MANTIENE,CASH,0.0,0.004961348786606257,102741.14608764648,121808.56466293335,-0.10063029068505501
2023-04-14,693,0.0,0.0,0.0,MANTIENE,CASH,0.0,-0.0011367147309910841,102741.14608764648,121670.10307312012,-0.10063029068505501
2023-04-17,694,0.0,0.0,0.0,MANTIENE,CASH,0.0,0.005898831599066678,102741.14608764648,122387.81452178955,-0.10063029068505501
2023-04-18,695,0.0,0.0,0.0,MANTIENE,CASH,0.0,0.0007888661463921753,102741.14608764648,122484.36212539673,-0.10063029068505501
2023-04-19,696,0.0,0.0,0.0,MANTIENE,CASH,0.0,-0.006242789958629591,102741.14608764648,121719.71797943115,-0.10063029068505501
2023-04-20,697,0.0,0.0,0.0,MANTIENE,CASH,0.0,0.005424857917123216,102741.14608764648,122380.03015518188,-0.10063029068505501
2023-04-21,698,0.0,0.0,0.0,MANTIENE,CASH,0.0,-0.0011151394104469414,102741.14608764648,122243.55936050415,-0.10063029068505501
2023-04-24,699,0.0,0.0,0.0,MANTIENE,CASH,0.0,0.0005155768673230643,102741.14608764648,122306.58531188965,-0.10063029068505501
2023-04-25,700,0.0,0.0,0.0,MANTIENE,CASH,0.0,-0.00481343727277872,102741.14608764648,121717.87023544312,-0.10063029068505501
2023-04-26,701,0.0,0.0,0.0,MANTIENE,CASH,0.0,0.00029881195071501665,102741.14608764648,121754.24098968506,-0.10063029068505501
2023-04-27,702,0.0,0.0,0.0,MANTIENE,CASH,0.0,0.00771685592950333,102741.14608764648,122693.8009262085,-0.10063029068505501
2023-04-28,703,0.0,0.0,0.0,MANTIENE,CASH,0.0,0.0,102741.14608764648,122693.8009262085,-0.10063029068505501
2023-05-01,704,0.25,0.0,0.25,COMPRA,LONG,-0.0033186549202232074,-0.012274513515052266,102400.18367767334,121187.79420852661,-0.10361498839597282
2023-05-02,705,0.0,0.25,-0.25,VENDE,CASH,-0.0002499432476323893,0.00560310581313006,102374.58944320679,121866.82224273682,-0.10383903377690214
2023-05-03,706,0.0,0.0,0.0,MANTIENE,CASH,0.0,-0.005110276603674246,102374.58944320679,121244.04907226562,-0.10383903377690214
2023-05-04,707,0.0,0.0,0.0,MANTIENE,CASH,0.0,0.014413085919064761,102374.58944320679,122991.54996871948,-0.10383903377690214
2023-05-05,708,0.0,0.0,0.0,MANTIENE,CASH,0.0,-0.0005131197867189741,102374.58944320679,122928.4405708313,-0.10383903377690214
2023-05-08,709,0.0,0.0,0.0,MANTIENE,CASH,0.0,0.00016621436125041633,102374.58944320679,122948.8730430603,-0.10383903377690214
2023-05-09,710,0.0,0.0,0.0,MANTIENE,CASH,0.0,-0.0037135076367847963,102374.58944320679,122492.30146408081,-0.10383903377690214
2023-05-10,711,0.0,0.0,0.0,MANTIENE,CASH,0.0,-0.0038575630980364206,102374.58944320679,122019.77968215942,-0.10383903377690214
2023-05-11,712,0.0,0.0,0.0,MANTIENE,CASH,0.0,0.004983312916352789,102374.58944320679,122627.84242630005,-0.10383903377690214
2023-05-12,713,0.0,0.0,0.0,MANTIENE,CASH,0.0,0.00021493629340763043,102374.58944320679,122654.19960021973,-0.10383903377690214
2023-05-15,714,0.0,0.0,0.0,MANTIENE,CASH,0.0,-0.0012131426050007166,102374.58944320679,122505.40256500244,-0.10383903377690214
2023-05-16,715,0.0,0.0,0.0,MANTIENE,CASH,0.0,0.0033569801697037605,102374.58944320679,122916.65077209473,-0.10383903377690214
2023-05-17,716,0.0,0.0,0.0,MANTIENE,CASH,0.0,0.01329425401774964,102374.58944320679,124550.73595046997,-0.10383903377690214
2023-05-18,717,0.0,0.0,0.0,MANTIENE,CASH,0.0,0.006930464593805974,102374.58944320679,125413.93041610718,-0.10383903377690214
2023-05-19,718,0.0,0.0,0.0,MANTIENE,CASH,0.0,-0.0031574595957238882,102374.58944320679,125017.94099807739,-0.10383903377690214
2023-05-22,719,0.0,0.0,0.0,MANTIENE,CASH,0.0,-0.004384269873985214,102374.58944320679,124469.82860565186,-0.10383903377690214
2023-05-23,720,0.0,0.0,0.0,MANTIENE,CASH,0.0,-0.019236902427536173,102374.58944320679,122075.41465759277,-0.10383903377690214
2023-05-24,721,0.0,0.0,0.0,MANTIENE,CASH,0.0,-0.003050751394375273,102374.58944320679,121702.99291610718,-0.10383903377690214
2023-05-25,722,0.0,0.0,0.0,MANTIENE,CASH,0.0,0.012040821663860113,102374.58944320679,123168.39694976807,-0.10383903377690214
2023-05-26,723,0.0,0.0,0.0,MANTIENE,CASH,0.0,-0.001954391908567832,102374.58944320679,122927.67763137817,-0.10383903377690214
2023-05-29,724,0.0,0.0,0.0,MANTIENE,CASH,0.0,-0.002746917863315712,102374.58944320679,122590.00539779663,-0.10383903377690214
2023-05-30,725,0.0,0.0,0.0,MANTIENE,CASH,0.0,-0.015393254985245908,102374.58944320679,120702.94618606567,-0.10383903377690214
2023-05-31,726,0.0,0.0,0.0,MANTIENE,CASH,0.0,0.012106706598334904,102374.58944320679,122164.26134109497,-0.10383903377690214
2023-06-01,727,0.0,0.0,0.0,MANTIENE,CASH,0.0,0.012462186085103744,102374.58944320679,123686.69509887695,-0.10383903377690214
2023-06-02,728,0.0,0.0,0.0,MANTIENE,CASH,0.0,-0.005441424450768673,102374.58944320679,123013.66329193115,-0.10383903377690214
2023-06-05,729,0.0,0.0,0.0,MANTIENE,CASH,0.0,0.0017885221763764836,102374.58944320679,123233.67595672607,-0.10383903377690214
2023-06-06,730,0.0,0.0,0.0,MANTIENE,CASH,0.0,-0.001993501386686858,102374.58944320679,122988.00945281982,-0.10383903377690214
2023-06-07,731,0.0,0.0,0.0,MANTIENE,CASH,0.0,0.0018420115495016987,102374.58944320679,123214.55478668213,-0.10383903377690214
2023-06-08,732,0.0,0.0,0.0,MANTIENE,CASH,0.0,-0.0025090978257904517,102374.58944320679,122905.39741516113,-0.10383903377690214
2023-06-09,733,0.0,0.0,0.0,MANTIENE,CASH,0.0,0.009281039513670652,102374.58944320679,124046.08726501465,-0.10383903377690214
2023-06-12,734,0.0,0.0,0.0,MANTIENE,CASH,0.0,0.008250158085825632,102374.58944320679,125069.48709487915,-0.10383903377690214
2023-06-13,735,0.0,0.0,0.0,MANTIENE,CASH,0.0,0.004935667990806802,102374.58944320679,125686.78855895996,-0.10383903377690214
2023-06-14,736,0.0,0.0,0.0,MANTIENE,CASH,0.0,-0.0012672416376847684,102374.58944320679,125527.51302719116,-0.10383903377690214
2023-06-15,737,0.0,0.0,0.0,MANTIENE,CASH,0.0,0.004144250181695064,102374.58944320679,126047.73044586182,-0.10383903377690214
2023-06-16,738,0.0,0.0,0.0,MANTIENE,CASH,0.0,-0.009563112075773317,102374.58944320679,124842.32187271118,-0.10383903377690214
2023-06-19,739,0.0,0.0,0.0,MANTIENE,CASH,0.0,-0.0055477504821421775,102374.58944320679,124149.7278213501,-0.10383903377690214
2023-06-20,740,0.0,0.0,0.0,MANTIENE,CASH,0.0,-0.005473749221513113,102374.58944320679,123470.16334533691,-0.10383903377690214
2023-06-21,741,0.0,0.0,0.0,MANTIENE,CASH,0.0,-0.0021824916378854198,102374.58944320679,123200.69074630737,-0.10383903377690214
2023-06-22,742,0.0,0.0,0.0,MANTIENE,CASH,0.0,-0.009896057242586576,102374.58944320679,121981.48965835571,-0.10383903377690214
2023-06-23,743,0.0,0.0,0.0,MANTIENE,CASH,0.0,-0.0010664009524898876,102374.58944320679,121851.4084815979,-0.10383903377690214
2023-06-26,744,0.0,0.0,0.0,MANTIENE,CASH,0.0,0.0021375245471932924,102374.58944320679,122111.8688583374,-0.10383903377690214
2023-06-27,745,0.0,0.0,0.0,MANTIENE,CASH,0.0,0.0064454620233775906,102374.58944320679,122898.93627166748,-0.10383903377690214
2023-06-28,746,0.0,0.0,0.0,MANTIENE,CASH,0.0,-0.00014297478735647573,102374.58944320679,122881.3648223877,-0.10383903377690214
2023-06-29,747,0.0,0.0,0.0,MANTIENE,CASH,0.0,0.012615788303416808,102374.58944320679,124431.61010742188,-0.10383903377690214
2023-06-30,748,0.0,0.0,0.0,MANTIENE,CASH,0.0,-0.004140512431405008,102374.58944320679,123916.39947891235,-0.10383903377690214
2023-07-03,749,0.0,0.0,0.0,MANTIENE,CASH,0.0,-0.0026036904197179744,102374.58944320679,123593.75953674316,-0.10383903377690214
2023-07-04,750,0.0,0.0,0.0,MANTIENE,CASH,0.0,-0.00633384376004309,102374.58944320679,122810.9359741211,-0.10383903377690214
2023-07-05,751,0.0,0.0,0.0,MANTIENE,CASH,0.0,-0.025665182960258326,102374.58944320679,119658.9708328247,-0.10383903377690214
2023-07-06,752,0.0,0.0,0.0,MANTIENE,CASH,0.0,0.004820814921951522,102374.58944320679,120235.82458496094,-0.10383903377690214
2023-07-07,753,0.0,0.0,0.0,MANTIENE,CASH,0.0,0.0044708010381007135,102374.58944320679,120773.37503433228,-0.10383903377690214
2023-07-10,754,0.0,0.0,0.0,MANTIENE,CASH,0.0,0.007476504522413663,102374.58944320679,121676.33771896362,-0.10383903377690214
2023-07-11,755,0.0,0.0,0.0,MANTIENE,CASH,0.0,0.014734370724420964,102374.58944320679,123469.16198730469,-0.10383903377690214
2023-07-12,756,0.0,0.0,0.0,MANTIENE,CASH,0.0,0.007366270735045477,102374.58944320679,124378.66926193237,-0.10383903377690214
2023-07-13,757,0.0,0.0,0.0,MANTIENE,CASH,0.0,-0.0022278900007945968,102374.58944320679,124101.56726837158,-0.10383903377690214
2023-07-14,758,0.0,0.0,0.0,MANTIENE,CASH,0.0,-0.0022613937570470366,102374.58944320679,123820.92475891113,-0.10383903377690214
2023-07-17,759,0.0,0.0,0.0,MANTIENE,CASH,0.0,0.00353735665050392,102374.58944320679,124258.92353057861,-0.10383903377690214
2023-07-18,760,0.0,0.0,0.0,MANTIENE,CASH,0.0,-0.0010269970223322211,102374.58944320679,124131.3099861145,-0.10383903377690214
2023-07-19,761,0.0,0.0,0.0,MANTIENE,CASH,0.0,0.005915361241246364,102374.58944320679,124865.5915260315,-0.10383903377690214
2023-07-20,762,0.0,0.0,0.0,MANTIENE,CASH,0.0,-0.001666239438024908,102374.58944320679,124657.53555297852,-0.10383903377690214
2023-07-21,763,0.0,0.0,0.0,MANTIENE,CASH,0.0,0.0008487111830584038,102374.58944320679,124763.33379745483,-0.10383903377690214
2023-07-24,764,0.0,0.0,0.0,MANTIENE,CASH,0.0,0.0012748059007212653,102374.58944320679,124922.38283157349,-0.10383903377690214
2023-07-25,765,0.0,0.0,0.0,MANTIENE,CASH,0.0,-0.004942720609081852,102374.58944320679,124304.92639541626,-0.10383903377690214
2023-07-26,766,0.0,0.0,0.0,MANTIENE,CASH,0.0,0.017020743224639867,102374.58944320679,126420.68862915039,-0.10383903377690214
2023-07-27,767,0.0,0.0,0.0,MANTIENE,CASH,0.0,0.00388394611716647,102374.58944320679,126911.6997718811,-0.10383903377690214
2023-07-28,768,0.0,0.0,0.0,MANTIENE,CASH,0.0,-0.0013916800713874578,102374.58944320679,126735.07928848267,-0.10383903377690214
2023-07-31,769,0.0,0.0,0.0,MANTIENE,CASH,0.0,-0.012551323642272072,102374.58944320679,125144.3862915039,-0.10383903377690214
2023-08-01,770,0.0,0.0,0.0,MANTIENE,CASH,0.0,-0.013569893022128632,102374.58944320679,123446.19035720825,-0.10383903377690214
2023-08-02,771,0.0,0.0,0.0,MANTIENE,CASH,0.0,-0.007905137958230002,102374.58944320679,122470.3311920166,-0.10383903377690214
2023-08-03,772,0.0,0.0,0.0,MANTIENE,CASH,0.0,0.00367964120699793,102374.58944320679,122920.97806930542,-0.10383903377690214
2023-08-04,773,0.0,0.0,0.0,MANTIENE,CASH,0.0,-6.905006410895531e-05,102374.58944320679,122912.4903678894,-0.10383903377690214
2023-08-07,774,0.0,0.0,0.0,MANTIENE,CASH,0.0,-0.011023265562287166,102374.58944320679,121557.59334564209,-0.10383903377690214
2023-08-08,775,0.0,0.0,0.0,MANTIENE,CASH,0.0,0.0049223349243257,102374.58944320679,122155.94053268433,-0.10383903377690214
2023-08-09,776,0.0,0.0,0.0,MANTIENE,CASH,0.0,0.00907986126528626,102374.58944320679,123265.09952545166,-0.10383903377690214
2023-08-10,777,0.0,0.0,0.0,MANTIENE,CASH,0.0,-0.01027405010296678,102374.58944320679,121998.66771697998,-0.10383903377690214
2023-08-11,778,0.0,0.0,0.0,MANTIENE,CASH,0.0,0.004552769740834295,102374.58944320679,122554.09955978394,-0.10383903377690214
2023-08-14,779,0.0,0.0,0.0,MANTIENE,CASH,0.0,-0.008612157501184492,102374.58944320679,121498.64435195923,-0.10383903377690214
2023-08-15,780,0.0,0.0,0.0,MANTIENE,CASH,0.0,0.0014060966175091227,102374.58944320679,121669.48318481445,-0.10383903377690214
2023-08-16,781,0.0,0.0,0.0,MANTIENE,CASH,0.0,-0.007128191240455939,102374.58944320679,120802.19984054565,-0.10383903377690214
2023-08-17,782,0.0,0.0,0.0,MANTIENE,CASH,0.0,-0.006547214160226855,102374.58944320679,120011.28196716309,-0.10383903377690214
2023-08-18,783,0.0,0.0,0.0,MANTIENE,CASH,0.0,0.0018633640321374934,102374.58944320679,120234.9066734314,-0.10383903377690214
2023-08-21,784,0.0,0.0,0.0,MANTIENE,CASH,0.0,0.006558870755455359,102374.58944320679,121023.51188659668,-0.10383903377690214
2023-08-22,785,0.0,0.0,0.0,MANTIENE,CASH,0.0,0.0014510172585455727,102374.58944320679,121199.11909103394,-0.10383903377690214
2023-08-23,786,0.0,0.0,0.0,MANTIENE,CASH,0.0,-0.006797831280056399,102374.58944320679,120375.22792816162,-0.10383903377690214
2023-08-24,787,0.0,0.0,0.0,MANTIENE,CASH,0.0,0.0006612327469948109,102374.58944320679,120454.82397079468,-0.10383903377690214
2023-08-25,788,0.0,0.0,0.0,MANTIENE,CASH,0.0,0.010286127454516958,102374.58944320679,121693.83764266968,-0.10383903377690214
2023-08-28,789,0.0,0.0,0.0,MANTIENE,CASH,0.0,0.008755322445130886,102374.58944320679,122759.30643081665,-0.10383903377690214
2023-08-29,790,0.0,0.0,0.0,MANTIENE,CASH,0.0,-0.0024449889622023546,102374.58944320679,122459.1612815857,-0.10383903377690214
2023-08-30,791,0.0,0.0,0.0,MANTIENE,CASH,0.0,0.003470390559603187,102374.58944320679,122884.14239883423,-0.10383903377690214
2023-08-31,792,0.0,0.0,0.0,MANTIENE,CASH,0.0,-0.006693461336719109,102374.58944320679,122061.62214279175,-0.10383903377690214
2023-09-01,793,0.0,0.0,0.0,MANTIENE,CASH,0.0,-0.0009779016494435577,102374.58944320679,121942.25788116455,-0.10383903377690214
2023-09-04,794,0.0,0.0,0.0,MANTIENE,CASH,0.0,-0.003358014823753641,102374.58944320679,121532.77397155762,-0.10383903377690214
2023-09-05,795,0.0,0.0,0.0,MANTIENE,CASH,0.0,-0.0019236073537888254,102374.58944320679,121298.99263381958,-0.10383903377690214
2023-09-06,796,0.0,0.0,0.0,MANTIENE,CASH,0.0,-0.0014427097312245118,102374.58944320679,121123.99339675903,-0.10383903377690214
2023-09-07,797,0.0,0.0,0.0,MANTIENE,CASH,0.0,0.0013766880495544864,102374.58944320679,121290.74335098267,-0.10383903377690214
2023-09-08,798,0.0,0.0,0.0,MANTIENE,CASH,0.0,0.0038556779354088633,102374.58944320679,121758.40139389038,-0.10383903377690214
2023-09-11,799,0.0,0.0,0.0,MANTIENE,CASH,0.0,-0.0054084484427250334,102374.58944320679,121099.87735748291,-0.10383903377690214
2023-09-12,800,0.0,0.0,0.0,MANTIENE,CASH,0.0,-0.003913336825942637,102374.58944320679,120625.97274780273,-0.10383903377690214
2023-09-13,801,0.0,0.0,0.0,MANTIENE,CASH,0.0,0.009662668843464228,102374.58944320679,121791.5415763855,-0.10383903377690214
2023-09-14,802,0.0,0.0,0.0,MANTIENE,CASH,0.0,0.005582964612055985,102374.58944320679,122471.4994430542,-0.10383903377690214
2023-09-15,803,0.0,0.0,0.0,MANTIENE,CASH,0.0,-0.010470374026612106,102374.58944320679,121189.1770362854,-0.10383903377690214
2023-09-18,804,0.0,0.0,0.0,MANTIENE,CASH,0.0,-0.003982850822120798,102374.58944320679,120706.49862289429,-0.10383903377690214
2023-09-19,805,0.0,0.0,0.0,MANTIENE,CASH,0.0,0.007476103873401918,102374.58944320679,121608.9129447937,-0.10383903377690214
2023-09-20,806,0.0,0.0,0.0,MANTIENE,CASH,0.0,-0.013289489226612883,102374.58944320679,119992.79260635376,-0.10383903377690214
2023-09-21,807,0.0,0.0,0.0,MANTIENE,CASH,0.0,-0.00093574978454114,102374.58944320679,119880.50937652588,-0.10383903377690214
2023-09-22,808,0.0,0.0,0.0,MANTIENE,CASH,0.0,-0.009757459647707578,102374.58944320679,118710.7801437378,-0.10383903377690214
2023-09-25,809,0.0,0.0,0.0,MANTIENE,CASH,0.0,-0.009712114118822113,102374.58944320679,117557.84749984741,-0.10383903377690214
2023-09-26,810,0.0,0.0,0.0,MANTIENE,CASH,0.0,-0.0025183879842624046,102374.58944320679,117261.79122924805,-0.10383903377690214
2023-09-27,811,0.0,0.0,0.0,MANTIENE,CASH,0.0,0.006968950348045899,102374.58944320679,118078.98283004761,-0.10383903377690214
2023-09-28,812,0.0,0.0,0.0,MANTIENE,CASH,0.0,0.004116632676044452,102374.58944320679,118565.07062911987,-0.10383903377690214
2023-09-29,813,0.0,0.0,0.0,MANTIENE,CASH,0.0,-0.009057950067962284,102374.58944320679,117491.11413955688,-0.10383903377690214
2023-10-02,814,0.0,0.0,0.0,MANTIENE,CASH,0.0,-0.010624836835798068,102374.58944320679,116242.79022216797,-0.10383903377690214
2023-10-03,815,0.0,0.0,0.0,MANTIENE,CASH,0.0,0.0009750642795847142,102374.58944320679,116356.13441467285,-0.10383903377690214
2023-10-04,816,0.0,0.0,0.0,MANTIENE,CASH,0.0,-0.0019668751908170634,102374.58944320679,116127.27642059326,-0.10383903377690214
2023-10-05,817,0.0,0.0,0.0,MANTIENE,CASH,0.0,0.010587117210948405,102374.58944320679,117356.72950744629,-0.10383903377690214
2023-10-06,818,0.0,0.0,0.0,MANTIENE,CASH,0.0,-0.006675032677826542,102374.58944320679,116573.36950302124,-0.10383903377690214
2023-10-09,819,0.0,0.0,0.0,MANTIENE,CASH,0.0,0.01952717912669577,102374.58944320679,118849.71857070923,-0.10383903377690214
2023-10-10,820,0.0,0.0,0.0,MANTIENE,CASH,0.0,0.002365836071341887,102374.58944320679,119130.89752197266,-0.10383903377690214
2023-10-11,821,0.0,0.0,0.0,MANTIENE,CASH,0.0,-0.0022625878777884356,102374.58944320679,118861.35339736938,-0.10383903377690214
2023-10-12,822,0.0,0.0,0.0,MANTIENE,CASH,0.0,-0.015453504142540875,102374.58944320679,117024.52898025513,-0.10383903377690214
2023-10-13,823,0.0,0.0,0.0,MANTIENE,CASH,0.0,0.003379944582355243,102374.58944320679,117420.06540298462,-0.10383903377690214
2023-10-16,824,0.0,0.0,0.0,MANTIENE,CASH,0.0,0.000899094600772532,102374.58944320679,117525.63714981079,-0.10383903377690214
2023-10-17,825,0.0,0.0,0.0,MANTIENE,CASH,0.0,-0.010279482267809392,102374.58944320679,116317.53444671631,-0.10383903377690214
2023-10-18,826,0.0,0.0,0.0,MANTIENE,CASH,0.0,-0.0032911357118714513,102374.58944320679,115934.71765518188,-0.10383903377690214
2023-10-19,827,0.0,0.0,0.0,MANTIENE,CASH,0.0,-0.016401329767516848,102374.58944320679,114033.23411941528,-0.10383903377690214
2023-10-20,828,0.0,0.0,0.0,MANTIENE,CASH,0.0,0.0001521043559238322,102374.58944320679,114050.57907104492,-0.10383903377690214
2023-10-23,829,0.0,0.0,0.0,MANTIENE,CASH,0.0,0.005352422889070896,102374.58944320679,114661.02600097656,-0.10383903377690214
2023-10-24,830,0.0,0.0,0.0,MANTIENE,CASH,0.0,0.0008225845623583972,102374.58944320679,114755.34439086914,-0.10383903377690214
2023-10-25,831,0.0,0.0,0.0,MANTIENE,CASH,0.0,-0.010819751898326069,102374.58944320679,113513.72003555298,-0.10383903377690214
2023-10-26,832,0.0,0.0,0.0,MANTIENE,CASH,0.0,-0.0029624391200330225,102374.58944320679,113177.44255065918,-0.10383903377690214
2023-10-27,833,0.0,0.0,0.0,MANTIENE,CASH,0.0,0.00198335540338479,102374.58944320679,113401.9136428833,-0.10383903377690214
2023-10-30,834,0.0,0.0,0.0,MANTIENE,CASH,0.0,0.00637369988905534,102374.58944320679,114124.7034072876,-0.10383903377690214
2023-10-31,835,0.0,0.0,0.0,MANTIENE,CASH,0.0,0.007625131692006404,102374.58944320679,114994.91930007935,-0.10383903377690214
2023-11-01,836,0.0,0.0,0.0,MANTIENE,CASH,0.0,0.014764152659733742,102374.58944320679,116692.72184371948,-0.10383903377690214
2023-11-02,837,0.0,0.0,0.0,MANTIENE,CASH,0.0,0.0030145384131712305,102374.58944320679,117044.49653625488,-0.10383903377690214
2023-11-03,838,0.0,0.0,0.0,MANTIENE,CASH,0.0,-0.003507800249409221,102374.58944320679,116633.92782211304,-0.10383903377690214
2023-11-06,839,0.0,0.0,0.0,MANTIENE,CASH,0.0,0.0011012919815824862,102374.58944320679,116762.375831604,-0.10383903377690214
2023-11-07,840,0.0,0.0,0.0,MANTIENE,CASH,0.0,0.005079053671471323,102374.58944320679,117355.41820526123,-0.10383903377690214
2023-11-08,841,0.0,0.0,0.0,MANTIENE,CASH,0.0,0.008072437707768554,102374.58944320679,118302.76250839233,-0.10383903377690214
2023-11-09,842,0.0,0.0,0.0,MANTIENE,CASH,0.0,-0.007695822885129933,102374.58944320679,117392.32540130615,-0.10383903377690214
2023-11-10,843,0.0,0.0,0.0,MANTIENE,CASH,0.0,0.007260564065371566,102374.58944320679,118244.65990066528,-0.10383903377690214
2023-11-13,844,0.0,0.0,0.0,MANTIENE,CASH,0.0,0.017558179028883902,102374.58944320679,120320.82080841064,-0.10383903377690214
2023-11-14,845,0.0,0.0,0.0,MANTIENE,CASH,0.0,0.008565136950050345,102374.58944320679,121351.38511657715,-0.10383903377690214
2023-11-15,846,0.0,0.0,0.0,MANTIENE,CASH,0.0,0.002440938291649708,102374.58944320679,121647.59635925293,-0.10383903377690214
2023-11-16,847,0.0,0.0,0.0,MANTIENE,CASH,0.0,0.00839636083547135,102374.58944320679,122668.99347305298,-0.10383903377690214
2023-11-17,848,0.0,0.0,0.0,MANTIENE,CASH,0.0,-0.0011199953820233421,102374.58944320679,122531.6047668457,-0.10383903377690214
2023-11-20,849,0.0,0.0,0.0,MANTIENE,CASH,0.0,-5.0298209033572405e-05,102374.58944320679,122525.44164657593,-0.10383903377690214
2023-11-21,850,0.0,0.0,0.0,MANTIENE,CASH,0.0,0.0036029728612432255,102374.58944320679,122966.89748764038,-0.10383903377690214
2023-11-22,851,0.0,0.0,0.0,MANTIENE,CASH,0.0,0.0023129919494617734,102374.58944320679,123251.31893157959,-0.10383903377690214
2023-11-23,852,0.0,0.0,0.0,MANTIENE,CASH,0.0,0.0021732128711771104,102374.58944320679,123519.17028427124,-0.10383903377690214
2023-11-24,853,0.0,0.0,0.0,MANTIENE,CASH,0.0,-0.003937735504349282,102374.58944320679,123032.7844619751,-0.10383903377690214
2023-11-27,854,0.0,0.0,0.0,MANTIENE,CASH,0.0,0.0016471690299666442,102374.58944320679,123235.44025421143,-0.10383903377690214
2023-11-28,855,0.0,0.0,0.0,MANTIENE,CASH,0.0,0.01086620690135498,102374.58944320679,124574.54204559326,-0.10383903377690214
2023-11-29,856,0.0,0.0,0.0,MANTIENE,CASH,0.0,0.003029740470638087,102374.58944320679,124951.97057723999,-0.10383903377690214
2023-11-30,857,0.0,0.0,0.0,MANTIENE,CASH,0.0,0.011229442923120336,102374.58944320679,126355.1115989685,-0.10383903377690214
2023-12-01,858,0.0,0.0,0.0,MANTIENE,CASH,0.0,0.00044153296850257817,102374.58944320679,126410.90154647827,-0.10383903377690214
2023-12-04,859,0.0,0.0,0.0,MANTIENE,CASH,0.0,0.00782394381803675,102374.58944320679,127399.93333816528,-0.10383903377690214
2023-12-05,860,0.0,0.0,0.0,MANTIENE,CASH,0.0,0.0074595673037380905,102374.58944320679,128350.28171539307,-0.10383903377690214
2023-12-06,861,0.0,0.0,0.0,MANTIENE,CASH,0.0,-0.0016479359423531292,102374.58944320679,128138.76867294312,-0.10383903377690214
2023-12-07,862,0.0,0.0,0.0,MANTIENE,CASH,0.0,0.007831476225035106,102374.58944320679,129142.28439331055,-0.10383903377690214
2023-12-08,863,0.0,0.0,0.0,MANTIENE,CASH,0.0,0.002100848868851868,102374.58944320679,129413.59281539917,-0.10383903377690214
2023-12-11,864,0.0,0.0,0.0,MANTIENE,CASH,0.0,-0.00016009581430509456,102374.58944320679,129392.87424087524,-0.10383903377690214
2023-12-12,865,0.0,0.0,0.0,MANTIENE,CASH,0.0,-0.0015299060894150562,102374.58944320679,129194.91529464722,-0.10383903377690214
2023-12-13,866,0.0,0.0,0.0,MANTIENE,CASH,0.0,-0.0008242558007244272,102374.58944320679,129088.4256362915,-0.10383903377690214
2023-12-14,867,1.0,0.0,1.0,COMPRA,LONG,-0.0010471828475804301,-4.7281664447562655e-05,102267.38452911377,129082.3221206665,-0.1047774781694021
2023-12-15,868,0.0,1.0,-1.0,VENDE,CASH,-0.0010000221475938709,-0.00602269442502501,102165.11487960815,128304.89873886108,-0.10567272051825756
2023-12-18,869,0.0,0.0,0.0,MANTIENE,CASH,0.0,0.005637092649397379,102165.11487960815,129028.16534042358,-0.10567272051825756
2023-12-19,870,0.0,0.0,0.0,MANTIENE,CASH,0.0,-0.0006784207237713336,102165.11487960815,128940.62995910645,-0.10567272051825756
2023-12-20,871,0.0,0.0,0.0,MANTIENE,CASH,0.0,-0.0027269893172578996,102165.11487960815,128589.01023864746,-0.10567272051825756
2023-12-21,872,0.0,0.0,0.0,MANTIENE,CASH,0.0,0.0011241488229905006,102165.11487960815,128733.56342315674,-0.10567272051825756
2023-12-22,873,0.0,0.0,0.0,MANTIENE,CASH,0.0,0.0,102165.11487960815,128733.56342315674,-0.10567272051825756
2023-12-25,874,0.0,0.0,0.0,MANTIENE,CASH,0.0,0.0,102165.11487960815,128733.56342315674,-0.10567272051825756
2023-12-26,875,0.0,0.0,0.0,MANTIENE,CASH,0.0,0.0021483562204265283,102165.11487960815,129010.12897491455,-0.10567272051825756
2023-12-27,876,0.0,0.0,0.0,MANTIENE,CASH,0.0,-0.002420220595641176,102165.11487960815,128697.89600372314,-0.10567272051825756
2023-12-28,877,0.0,0.0,0.0,MANTIENE,CASH,0.0,0.002999084287254705,102165.11487960815,129083.87184143066,-0.10567272051825756
2023-12-29,878,0.0,0.0,0.0,MANTIENE,CASH,0.0,0.0,102165.11487960815,129083.87184143066,-0.10567272051825756
2024-01-01,879,0.0,0.0,0.0,MANTIENE,CASH,0.0,0.0010577798628415014,102165.11487960815,129220.41416168213,-0.10567272051825756
2024-01-02,880,0.0,0.0,0.0,MANTIENE,CASH,0.0,-0.013773232221940712,102165.11487960815,127440.63138961792,-0.10567272051825756
2024-01-03,881,0.0,0.0,0.0,MANTIENE,CASH,0.0,0.004770592942609397,102165.11487960815,128048.5987663269,-0.10567272051825756
2024-01-04,882,0.0,0.0,0.0,MANTIENE,CASH,0.0,-0.0013888197127122082,102165.11487960815,127870.76234817505,-0.10567272051825756
2024-01-05,883,0.0,0.0,0.0,MANTIENE,CASH,0.0,0.007367588001279346,102165.11487960815,128812.86144256592,-0.10567272051825756
2024-01-08,884,0.0,0.0,0.0,MANTIENE,CASH,0.0,-0.0016816271109644232,102165.11487960815,128596.2462425232,-0.10567272051825756
2024-01-09,885,0.0,0.0,0.0,MANTIENE,CASH,0.0,8.69530152440845e-05,102165.11487960815,128607.42807388306,-0.10567272051825756
2024-01-10,886,0.0,0.0,0.0,MANTIENE,CASH,0.0,-0.008554950778954296,102165.11487960815,127507.19785690308,-0.10567272051825756
2024-01-11,887,0.0,0.0,0.0,MANTIENE,CASH,0.0,0.009520217642371653,102165.11487960815,128721.09413146973,-0.10567272051825756
2024-01-12,888,0.0,0.0,0.0,MANTIENE,CASH,0.0,-0.0049291955441739255,102165.11487960815,128086.6026878357,-0.10567272051825756
2024-01-15,889,0.0,0.0,0.0,MANTIENE,CASH,0.0,-0.0030405736493109847,102165.11487960815,127697.14593887329,-0.10567272051825756
2024-01-16,890,0.0,0.0,0.0,MANTIENE,CASH,0.0,-0.0084476185755189,102165.11487960815,126618.40915679932,-0.10567272051825756
2024-01-17,891,0.0,0.0,0.0,MANTIENE,CASH,0.0,0.008256067256651178,102165.11487960815,127663.77925872803,-0.10567272051825756
2024-01-18,892,0.0,0.0,0.0,MANTIENE,CASH,0.0,-0.0007375891451977257,102165.11487960815,127569.61584091187,-0.10567272051825756
2024-01-19,893,0.0,0.0,0.0,MANTIENE,CASH,0.0,0.007745590144762504,102165.11487960815,128557.71780014038,-0.10567272051825756
2024-01-22,894,0.0,0.0,0.0,MANTIENE,CASH,0.0,-0.0033728037204047157,102165.11487960815,128124.11785125732,-0.10567272051825756
2024-01-23,895,0.0,0.0,0.0,MANTIENE,CASH,0.0,0.01580737693097123,102165.11487960815,130149.42407608032,-0.10567272051825756
2024-01-24,896,0.0,0.0,0.0,MANTIENE,CASH,0.0,0.0010065283747300313,102165.11487960815,130280.42316436768,-0.10567272051825756
2024-01-25,897,0.0,0.0,0.0,MANTIENE,CASH,0.0,0.003221788034712958,102165.11487960815,130700.15907287598,-0.10567272051825756
2024-01-26,898,0.0,0.0,0.0,MANTIENE,CASH,0.0,-0.0011602597756058541,102165.11487960815,130548.51293563843,-0.10567272051825756
2024-01-29,899,0.0,0.0,0.0,MANTIENE,CASH,0.0,0.0018078379151587054,102165.11487960815,130784.52348709106,-0.10567272051825756
2024-01-30,900,0.0,0.0,0.0,MANTIENE,CASH,0.0,-0.0040406522613569695,102165.11487960815,130256.06870651245,-0.10567272051825756
2024-01-31,901,0.0,0.0,0.0,MANTIENE,CASH,0.0,-0.00264563653467742,102165.11487960815,129911.45849227905,-0.10567272051825756
2024-02-01,902,0.0,0.0,0.0,MANTIENE,CASH,0.0,0.0035098028833990824,102165.11487960815,130367.42210388184,-0.10567272051825756
2024-02-02,903,0.0,0.0,0.0,MANTIENE,CASH,0.0,-0.0008364109329799252,102165.11487960815,130258.38136672974,-0.10567272051825756
2024-02-05,904,0.0,0.0,0.0,MANTIENE,CASH,0.0,0.007641990635008256,102165.11487960815,131253.81469726562,-0.10567272051825756
2024-02-06,905,0.0,0.0,0.0,MANTIENE,CASH,0.0,-0.00653311496945419,102165.11487960815,130396.31843566895,-0.10567272051825756
2024-02-07,906,0.0,0.0,0.0,MANTIENE,CASH,0.0,0.0024743025419722287,102165.11487960815,130718.95837783813,-0.10567272051825756
2024-02-08,907,0.0,0.0,0.0,MANTIENE,CASH,0.0,-0.0022006290455858224,102165.11487960815,130431.29444122314,-0.10567272051825756
2024-02-09,908,0.0,0.0,0.0,MANTIENE,CASH,0.0,0.0065489056672061174,102165.11487960815,131285.4766845703,-0.10567272051825756
2024-02-12,909,0.0,0.0,0.0,MANTIENE,CASH,0.0,-0.009186850042277261,102165.11487960815,130079.37669754028,-0.10567272051825756
2024-02-13,910,0.0,0.0,0.0,MANTIENE,CASH,0.0,0.0038297817354326913,102165.11487960815,130577.552318573,-0.10567272051825756
2024-02-14,911,0.0,0.0,0.0,MANTIENE,CASH,0.0,0.005972626996380015,102165.11487960815,131357.44333267212,-0.10567272051825756
2024-02-15,912,0.0,0.0,0.0,MANTIENE,CASH,0.0,0.004150353646286131,102165.11487960815,131902.6231765747,-0.10567272051825756
2024-02-16,913,0.0,0.0,0.0,MANTIENE,CASH,0.0,-0.001470971804807264,102165.11487960815,131708.59813690186,-0.10567272051825756
2024-02-19,914,0.0,0.0,0.0,MANTIENE,CASH,0.0,-0.0013942141380409723,102165.11487960815,131524.96814727783,-0.10567272051825756
2024-02-20,915,0.0,0.0,0.0,MANTIENE,CASH,0.0,0.0029112361206455883,102165.11487960815,131907.86838531494,-0.10567272051825756
2024-02-21,916,0.0,0.0,0.0,MANTIENE,CASH,0.0,0.014740492609555345,102165.11487960815,133852.25534439087,-0.10567272051825756
2024-02-22,917,0.0,0.0,0.0,MANTIENE,CASH,0.0,0.002814039936977375,102165.11487960815,134228.92093658447,-0.10567272051825756
2024-02-23,918,0.0,0.0,0.0,MANTIENE,CASH,0.0,0.00022389110845910665,102165.11487960815,134258.97359848022,-0.10567272051825756
2024-02-26,919,0.0,0.0,0.0,MANTIENE,CASH,0.0,0.00764841852032494,102165.11487960815,135285.84241867065,-0.10567272051825756
2024-02-27,920,0.0,0.0,0.0,MANTIENE,CASH,0.0,0.0025478034777683956,102165.11487960815,135630.52415847778,-0.10567272051825756
2024-02-28,921,0.0,0.0,0.0,MANTIENE,CASH,0.0,0.0043729240300582894,102165.11487960815,136223.62613677979,-0.10567272051825756
2024-02-29,922,0.0,0.0,0.0,MANTIENE,CASH,0.0,0.003217567526650811,102165.11487960815,136661.9348526001,-0.10567272051825756
2024-03-01,923,0.0,0.0,0.0,MANTIENE,CASH,0.0,-0.0010656807193698548,102165.11487960815,136516.2968635559,-0.10567272051825756
2024-03-04,924,0.0,0.0,0.0,MANTIENE,CASH,0.0,-0.0010030722635543388,102165.11487960815,136379.36115264893,-0.10567272051825756
2024-03-05,925,0.0,0.0,0.0,MANTIENE,CASH,0.0,0.0010345855408016025,102165.11487960815,136520.45726776123,-0.10567272051825756
2024-03-06,926,0.0,0.0,0.0,MANTIENE,CASH,0.0,0.007119788518608727,102165.11487960815,137492.45405197144,-0.10567272051825756
2024-03-07,927,0.0,0.0,0.0,MANTIENE,CASH,0.0,-0.001588301692873495,102165.11487960815,137274.07455444336,-0.10567272051825756
2024-03-08,928,0.0,0.0,0.0,MANTIENE,CASH,0.0,-0.003830614767167173,102165.11487960815,136748.2304573059,-0.10567272051825756
2024-03-11,929,0.0,0.0,0.0,MANTIENE,CASH,0.0,0.012331586912803782,102165.11487960815,138434.5531463623,-0.10567272051825756
2024-03-12,930,0.0,0.0,0.0,MANTIENE,CASH,0.0,-0.0002075308377046392,102165.11487960815,138405.82370758057,-0.10567272051825756
2024-03-13,931,0.0,0.0,0.0,MANTIENE,CASH,0.0,-0.0010768004539408738,102165.11487960815,138256.78825378418,-0.10567272051825756
2024-03-14,932,0.0,0.0,0.0,MANTIENE,CASH,0.0,-0.00030040128230990337,102165.11487960815,138215.2557373047,-0.10567272051825756
2024-03-15,933,0.0,0.0,0.0,MANTIENE,CASH,0.0,-0.00022131495930421963,102165.11487960815,138184.66663360596,-0.10567272051825756
2024-03-18,934,0.0,0.0,0.0,MANTIENE,CASH,0.0,0.0030563925957813876,102165.11487960815,138607.01322555542,-0.10567272051825756
2024-03-19,935,0.0,0.0,0.0,MANTIENE,CASH,0.0,0.001536655560810507,102165.11487960815,138820.0044631958,-0.10567272051825756
2024-03-20,936,0.0,0.0,0.0,MANTIENE,CASH,0.0,0.009110124408054032,102165.11487960815,140084.67197418213,-0.10567272051825756
2024-03-21,937,0.0,0.0,0.0,MANTIENE,CASH,0.0,0.0014681111318939344,102165.11487960815,140290.33184051514,-0.10567272051825756
2024-03-22,938,0.0,0.0,0.0,MANTIENE,CASH,0.0,0.0030413634607779905,102165.11487960815,140717.0057296753,-0.10567272051825756
2024-03-25,939,0.0,0.0,0.0,MANTIENE,CASH,0.0,0.006737687727705,102165.11487960815,141665.11297225952,-0.10567272051825756
2024-03-26,940,0.0,0.0,0.0,MANTIENE,CASH,0.0,0.0050445436706705316,102165.11487960815,142379.74882125854,-0.10567272051825756
2024-03-27,941,0.0,0.0,0.0,MANTIENE,CASH,0.0,0.0008334952739437185,102165.11487960815,142498.42166900635,-0.10567272051825756
2024-03-28,942,0.0,0.0,0.0,MANTIENE,CASH,0.0,0.0,102165.11487960815,142498.42166900635,-0.10567272051825756
2024-03-29,943,0.0,0.0,0.0,MANTIENE,CASH,0.0,0.0,102165.11487960815,142498.42166900635,-0.10567272051825756
2024-04-01,944,0.0,0.0,0.0,MANTIENE,CASH,0.0,-0.011321327054182873,102165.11487960815,140885.15043258667,-0.10567272051825756
2024-04-02,945,0.0,0.0,0.0,MANTIENE,CASH,0.0,0.004626637174558912,102165.11487960815,141536.9749069214,-0.10567272051825756
2024-04-03,946,0.0,0.0,0.0,MANTIENE,CASH,0.0,0.001927822344883534,102165.11487960815,141809.83304977417,-0.10567272051825756
2024-04-04,947,0.0,0.0,0.0,MANTIENE,CASH,0.0,-0.012394132384253354,102165.11487960815,140052.2232055664,-0.10567272051825756
2024-04-05,948,0.0,0.0,0.0,MANTIENE,CASH,0.0,0.007919184449465266,102165.11487960815,141161.32259368896,-0.10567272051825756
2024-04-08,949,0.0,0.0,0.0,MANTIENE,CASH,0.0,-0.013225722819886432,102165.11487960815,139294.36206817627,-0.10567272051825756
2024-04-09,950,0.0,0.0,0.0,MANTIENE,CASH,0.0,0.0011401935735975144,102165.11487960815,139453.18460464478,-0.10567272051825756
2024-04-10,951,0.0,0.0,0.0,MANTIENE,CASH,0.0,-0.007891739749966264,102165.11487960815,138352.65636444092,-0.10567272051825756
2024-04-11,952,0.0,0.0,0.0,MANTIENE,CASH,0.0,-0.0013456992681801783,102165.11487960815,138166.4752960205,-0.10567272051825756
2024-04-12,953,0.0,0.0,0.0,MANTIENE,CASH,0.0,0.005368566874002001,102165.11487960815,138908.23125839233,-0.10567272051825756
2024-04-15,954,0.0,0.0,0.0,MANTIENE,CASH,0.0,-0.01444252105584165,102165.11487960815,136902.04620361328,-0.10567272051825756
2024-04-16,955,0.0,0.0,0.0,MANTIENE,CASH,0.0,0.00021324995367533184,102165.11487960815,136931.24055862427,-0.10567272051825756
2024-04-17,956,0.0,0.0,0.0,MANTIENE,CASH,0.0,0.0037918883919341173,102165.11487960815,137450.46854019165,-0.10567272051825756
2024-04-18,957,0.0,0.0,0.0,MANTIENE,CASH,0.0,-0.0056084982534099215,102165.11487960815,136679.5778274536,-0.10567272051825756
2024-04-19,958,0.0,0.0,0.0,MANTIENE,CASH,0.0,0.006959391441151208,102165.11487960815,137630.78451156616,-0.10567272051825756
2024-04-22,959,0.0,0.0,0.0,MANTIENE,CASH,0.0,0.015500410686350774,102165.11487960815,139764.11819458008,-0.10567272051825756
2024-04-23,960,0.0,0.0,0.0,MANTIENE,CASH,0.0,-0.002698932743240845,102165.11487960815,139386.90423965454,-0.10567272051825756
2024-04-24,961,0.0,0.0,0.0,MANTIENE,CASH,0.0,-0.009476575012565602,102165.11487960815,138065.99378585815,-0.10567272051825756
2024-04-25,962,0.0,0.0,0.0,MANTIENE,CASH,0.0,0.013603049263004152,102165.11487960815,139944.1123008728,-0.10567272051825756
2024-04-26,963,0.0,0.0,0.0,MANTIENE,CASH,0.0,-0.0023505534329247846,102165.11487960815,139615.16618728638,-0.10567272051825756
2024-04-29,964,0.0,0.0,0.0,MANTIENE,CASH,0.0,-0.010274195127994767,102165.11487960815,138180.73272705078,-0.10567272051825756
2024-04-30,965,0.0,0.0,0.0,MANTIENE,CASH,0.0,0.0,102165.11487960815,138180.73272705078,-0.10567272051825756
2024-05-01,966,0.0,0.0,0.0,MANTIENE,CASH,0.0,-0.001989140262124489,102165.11487960815,137905.87186813354,-0.10567272051825756
2024-05-02,967,0.0,0.0,0.0,MANTIENE,CASH,0.0,0.005872644430946039,102165.11487960815,138715.7440185547,-0.10567272051825756
2024-05-03,968,0.0,0.0,0.0,MANTIENE,CASH,0.0,0.009644200228250854,102165.11487960815,140053.54642868042,-0.10567272051825756
2024-05-06,969,0.0,0.0,0.0,MANTIENE,CASH,0.0,0.014021313110910816,102165.11487960815,142017.28105545044,-0.10567272051825756
2024-05-07,970,0.0,0.0,0.0,MANTIENE,CASH,0.0,0.003707545357182651,102165.11487960815,142543.81656646729,-0.10567272051825756
2024-05-08,971,0.0,0.0,0.0,MANTIENE,CASH,0.0,0.010174835052513709,102165.11487960815,143994.17638778687,-0.10567272051825756
2024-05-09,972,0.0,0.0,0.0,MANTIENE,CASH,0.0,0.004615572988963423,102165.11487960815,144658.79201889038,-0.10567272051825756
2024-05-10,973,0.0,0.0,0.0,MANTIENE,CASH,0.0,-0.0016314981492574487,102165.11487960815,144422.78146743774,-0.10567272051825756
2024-05-13,974,0.0,0.0,0.0,MANTIENE,CASH,0.0,-0.0013766335968098398,102165.11487960815,144223.96421432495,-0.10567272051825756
2024-05-14,975,0.0,0.0,0.0,MANTIENE,CASH,0.0,0.008171422577711418,102165.11487960815,145402.47917175293,-0.10567272051825756
2024-05-15,976,0.0,0.0,0.0,MANTIENE,CASH,0.0,-0.006918612106144639,102165.11487960815,144396.4958190918,-0.10567272051825756
2024-05-16,977,0.0,0.0,0.0,MANTIENE,CASH,0.0,-0.0018352401778738425,102165.11487960815,144131.4935684204,-0.10567272051825756
2024-05-17,978,0.0,0.0,0.0,MANTIENE,CASH,0.0,0.0034506071066957578,102165.11487960815,144628.83472442627,-0.10567272051825756
2024-05-20,979,0.0,0.0,0.0,MANTIENE,CASH,0.0,-0.00224845219547809,102165.11487960815,144303.6437034607,-0.10567272051825756
2024-05-21,980,0.0,0.0,0.0,MANTIENE,CASH,0.0,-0.0024863142021436246,102165.11487960815,143944.8595046997,-0.10567272051825756
2024-05-22,981,0.0,0.0,0.0,MANTIENE,CASH,0.0,0.0005953637980053994,102165.11487960815,144030.55906295776,-0.10567272051825756
2024-05-23,982,0.0,0.0,0.0,MANTIENE,CASH,0.0,0.00010958306375541405,102165.11487960815,144046.3423728943,-0.10567272051825756
2024-05-24,983,0.0,0.0,0.0,MANTIENE,CASH,0.0,0.004351394378591111,102165.11487960815,144673.1448173523,-0.10567272051825756
2024-05-27,984,0.0,0.0,0.0,MANTIENE,CASH,0.0,-0.005158097811456597,102165.11487960815,143926.90658569336,-0.10567272051825756
2024-05-28,985,0.0,0.0,0.0,MANTIENE,CASH,0.0,-0.010953111716736852,102165.11487960815,142350.45909881592,-0.10567272051825756
2024-05-29,986,0.0,0.0,0.0,MANTIENE,CASH,0.0,0.0012721478589041713,102165.11487960815,142531.5499305725,-0.10567272051825756
2024-05-30,987,0.0,0.0,0.0,MANTIENE,CASH,0.0,6.214238333845934e-05,102165.11487960815,142540.40718078613,-0.10567272051825756
2024-05-31,988,0.0,0.0,0.0,MANTIENE,CASH,0.0,0.005958523916556713,102165.11487960815,143389.73760604858,-0.10567272051825756
2024-06-03,989,0.0,0.0,0.0,MANTIENE,CASH,0.0,-0.01088332341375664,102165.11487960815,141829.18071746826,-0.10567272051825756
2024-06-04,990,0.0,0.0,0.0,MANTIENE,CASH,0.0,0.009252536710671944,102165.11487960815,143141.46041870117,-0.10567272051825756
2024-06-05,991,0.0,0.0,0.0,MANTIENE,CASH,0.0,0.004130642187898603,102165.11487960815,143732.7265739441,-0.10567272051825756
2024-06-06,992,0.0,0.0,0.0,MANTIENE,CASH,0.0,-0.005114630914787255,102165.11487960815,142997.58672714233,-0.10567272051825756
2024-06-07,993,0.0,0.0,0.0,MANTIENE,CASH,0.0,-0.003361425240300364,102165.11487960815,142516.91102981567,-0.10567272051825756
2024-06-10,994,0.0,0.0,0.0,MANTIENE,CASH,0.0,-0.0067559807731959465,102165.11487960815,141554.06951904297,-0.10567272051825756
2024-06-11,995,0.0,0.0,0.0,MANTIENE,CASH,0.0,0.014203645888774652,102165.11487960815,143564.65339660645,-0.10567272051825756
2024-06-12,996,0.0,0.0,0.0,MANTIENE,CASH,0.0,-0.019600806305631546,102165.11487960815,140750.67043304443,-0.10567272051825756
2024-06-13,997,0.0,0.0,0.0,MANTIENE,CASH,0.0,-0.014434715205917326,102165.11487960815,138718.9745903015,-0.10567272051825756
2024-06-14,998,0.0,0.0,0.0,MANTIENE,CASH,0.0,0.0036769359686184,102165.11487960815,139229.03537750244,-0.10567272051825756
2024-06-17,999,0.0,0.0,0.0,MANTIENE,CASH,0.0,0.0035287838102338043,102165.11487960815,139720.34454345703,-0.10567272051825756
2024-06-18,1000,0.0,0.0,0.0,MANTIENE,CASH,0.0,-0.003533012666936952,102165.11487960815,139226.7107963562,-0.10567272051825756
2024-06-19,1001,0.0,0.0,0.0,MANTIENE,CASH,0.0,0.010309454008897712,102165.11487960815,140662.06216812134,-0.10567272051825756
2024-06-20,1002,0.0,0.0,0.0,MANTIENE,CASH,0.0,-0.0049665289189310124,102165.11487960815,139963.4599685669,-0.10567272051825756
2024-06-21,1003,0.0,0.0,0.0,MANTIENE,CASH,0.0,0.008922248949108758,102165.11487960815,141212.24880218506,-0.10567272051825756
2024-06-24,1004,0.0,0.0,0.0,MANTIENE,CASH,0.0,-0.008073956025717921,102165.11487960815,140072.10731506348,-0.10567272051825756
2024-06-25,1005,0.0,0.0,0.0,MANTIENE,CASH,0.0,-0.0012311384583960638,102165.11487960815,139899.65915679932,-0.10567272051825756
2024-06-26,1006,0.0,0.0,0.0,MANTIENE,CASH,0.0,0.0030465333189497734,102165.11487960815,140325.86812973022,-0.10567272051825756
2024-06-27,1007,0.0,0.0,0.0,MANTIENE,CASH,0.0,0.0013672135662516904,102165.11487960815,140517.72356033325,-0.10567272051825756
2024-06-28,1008,0.0,0.0,0.0,MANTIENE,CASH,0.0,0.003027703713796015,102165.11487960815,140943.16959381104,-0.10567272051825756
2024-07-01,1009,0.0,0.0,0.0,MANTIENE,CASH,0.0,-0.0069215785614179515,102165.11487960815,139967.62037277222,-0.10567272051825756
2024-07-02,1010,0.0,0.0,0.0,MANTIENE,CASH,0.0,0.011587098059973489,102165.11487960815,141589.4389152527,-0.10567272051825756
2024-07-03,1011,0.0,0.0,0.0,MANTIENE,CASH,0.0,0.004133486307547729,102165.11487960815,142174.69692230225,-0.10567272051825756
2024-07-04,1012,0.0,0.0,0.0,MANTIENE,CASH,0.0,0.0013532913908029798,102165.11487960815,142367.1007156372,-0.10567272051825756
2024-07-05,1013,0.0,0.0,0.0,MANTIENE,CASH,0.0,-0.0001838792800707978,102165.11487960815,142340.92235565186,-0.10567272051825756
2024-07-08,1014,0.0,0.0,0.0,MANTIENE,CASH,0.0,-0.01276856044116359,102165.11487960815,140523.43368530273,-0.10567272051825756
2024-07-09,1015,0.0,0.0,0.0,MANTIENE,CASH,0.0,0.009378637185738725,102165.11487960815,141841.3519859314,-0.10567272051825756
2024-07-10,1016,0.0,0.0,0.0,MANTIENE,CASH,0.0,0.006917922110448282,102165.11487960815,142822.59941101074,-0.10567272051825756
2024-07-11,1017,0.0,0.0,0.0,MANTIENE,CASH,0.0,0.011525497236084092,102165.11487960815,144468.7008857727,-0.10567272051825756
2024-07-12,1018,0.0,0.0,0.0,MANTIENE,CASH,0.0,-0.008389613820975583,102165.11487960815,143256.66427612305,-0.10567272051825756
2024-07-15,1019,0.0,0.0,0.0,MANTIENE,CASH,0.0,-0.00391920274538915,102165.11487960815,142695.21236419678,-0.10567272051825756
2024-07-16,1020,0.0,0.0,0.0,MANTIENE,CASH,0.0,-0.004359430322547597,102165.11487960815,142073.14252853394,-0.10567272051825756
2024-07-17,1021,0.0,0.0,0.0,MANTIENE,CASH,0.0,-0.004476857153141722,102165.11487960815,141437.10136413574,-0.10567272051825756
2024-07-18,1022,0.0,0.0,0.0,MANTIENE,CASH,0.0,-0.009960888707284288,102165.11487960815,140028.2621383667,-0.10567272051825756
2024-07-19,1023,0.0,0.0,0.0,MANTIENE,CASH,0.0,0.012939770084882118,102165.11487960815,141840.19565582275,-0.10567272051825756
2024-07-22,1024,0.0,0.0,0.0,MANTIENE,CASH,0.0,0.008183188723072332,102165.11487960815,143000.90074539185,-0.10567272051825756
2024-07-23,1025,0.0,0.0,0.0,MANTIENE,CASH,0.0,-0.009173472182103959,102165.11487960815,141689.08596038818,-0.10567272051825756
2024-07-24,1026,0.0,0.0,0.0,MANTIENE,CASH,0.0,-0.0048261185544832275,102165.11487960815,141005.277633667,-0.10567272051825756
2024-07-25,1027,0.0,0.0,0.0,MANTIENE,CASH,0.0,0.006493957752456314,102165.11487960815,141920.9599494934,-0.10567272051825756
2024-07-26,1028,0.0,0.0,0.0,MANTIENE,CASH,0.0,-0.005260309513671846,102165.11487960815,141174.41177368164,-0.10567272051825756
2024-07-29,1029,0.0,0.0,0.0,MANTIENE,CASH,0.0,0.004940313621167203,102165.11487960815,141871.85764312744,-0.10567272051825756
2024-07-30,1030,0.0,0.0,0.0,MANTIENE,CASH,0.0,0.00529414404111761,102165.11487960815,142622.9476928711,-0.10567272051825756
2024-07-31,1031,0.0,0.0,0.0,MANTIENE,CASH,0.0,-0.022994664027656153,102165.11487960815,139343.38092803955,-0.10567272051825756
2024-08-01,1032,0.0,0.0,0.0,MANTIENE,CASH,0.0,-0.023327376150336643,102165.11487960815,136092.86546707153,-0.10567272051825756
2024-08-02,1033,0.0,0.0,0.0,MANTIENE,CASH,0.0,-0.01824453235580681,102165.11487960815,133609.9147796631,-0.10567272051825756
2024-08-05,1034,0.0,0.0,0.0,MANTIENE,CASH,0.0,0.0008835643644922175,102165.11487960815,133727.96773910522,-0.10567272051825756
2024-08-06,1035,0.0,0.0,0.0,MANTIENE,CASH,0.0,0.015029709175011563,102165.11487960815,135737.8602027893,-0.10567272051825756
2024-08-07,1036,0.0,0.0,0.0,MANTIENE,CASH,0.0,0.0037042055968474763,102165.11487960815,136240.6611442566,-0.10567272051825756
2024-08-08,1037,0.0,0.0,0.0,MANTIENE,CASH,0.0,0.0024027240205464206,102165.11487960815,136568.00985336304,-0.10567272051825756
2024-08-09,1038,0.0,0.0,0.0,MANTIENE,CASH,0.0,0.00020251122649783682,102165.11487960815,136595.66640853882,-0.10567272051825756
2024-08-12,1039,0.0,0.0,0.0,MANTIENE,CASH,0.0,0.004827867582728018,102165.11487960815,137255.13219833374,-0.10567272051825756
2024-08-13,1040,0.0,0.0,0.0,MANTIENE,CASH,0.0,0.004129133791247908,102165.11487960815,137821.87700271606,-0.10567272051825756
2024-08-14,1041,0.0,0.0,0.0,MANTIENE,CASH,0.0,0.016641327901781633,102165.11487960815,140115.41604995728,-0.10567272051825756
2024-08-15,1042,0.0,0.0,0.0,MANTIENE,CASH,0.0,0.007653228127608491,102165.11487960815,141187.75129318237,-0.10567272051825756
2024-08-16,1043,0.0,0.0,0.0,MANTIENE,CASH,0.0,0.005419005078401762,102165.11487960815,141952.84843444824,-0.10567272051825756
2024-08-19,1044,0.0,0.0,0.0,MANTIENE,CASH,0.0,-0.0034834111362336273,102165.11487960815,141458.3683013916,-0.10567272051825756
2024-08-20,1045,0.0,0.0,0.0,MANTIENE,CASH,0.0,0.0049805383070231635,102165.11487960815,142162.90712356567,-0.10567272051825756
2024-08-21,1046,0.0,0.0,0.0,MANTIENE,CASH,0.0,0.002408873967348457,102165.11487960815,142505.3596496582,-0.10567272051825756
2024-08-22,1047,0.0,0.0,0.0,MANTIENE,CASH,0.0,0.007554489562510813,102165.11487960815,143581.9149017334,-0.10567272051825756
2024-08-23,1048,0.0,0.0,0.0,MANTIENE,CASH,0.0,-0.0008629647796791762,102165.11487960815,143458.00876617432,-0.10567272051825756
2024-08-26,1049,0.0,0.0,0.0,MANTIENE,CASH,0.0,0.0034801851068586576,102165.11487960815,143957.26919174194,-0.10567272051825756
2024-08-27,1050,0.0,0.0,0.0,MANTIENE,CASH,0.0,0.005378431669199379,102165.11487960815,144731.53352737427,-0.10567272051825756
2024-08-28,1051,0.0,0.0,0.0,MANTIENE,CASH,0.0,0.006936436086072639,102165.11487960815,145735.45455932617,-0.10567272051825756
2024-08-29,1052,0.0,0.0,0.0,MANTIENE,CASH,0.0,-0.00029880960404982115,102165.11487960815,145691.90740585327,-0.10567272051825756
2024-08-30,1053,0.0,0.0,0.0,MANTIENE,CASH,0.0,0.0012656360422509394,102165.11487960815,145876.30033493042,-0.10567272051825756
2024-09-02,1054,0.0,0.0,0.0,MANTIENE,CASH,0.0,-0.009705817385989746,102165.11487960815,144460.4516029358,-0.10567272051825756
2024-09-03,1055,0.0,0.0,0.0,MANTIENE,CASH,0.0,-0.008281826185543295,102165.11487960815,143264.0552520752,-0.10567272051825756
2024-09-04,1056,0.0,0.0,0.0,MANTIENE,CASH,0.0,-0.0008256045585487426,102165.11487960815,143145.7757949829,-0.10567272051825756
2024-09-05,1057,0.0,0.0,0.0,MANTIENE,CASH,0.0,-0.014782055003948247,102165.11487960815,141029.78706359863,-0.10567272051825756
2024-09-06,1058,0.0,0.0,0.0,MANTIENE,CASH,0.0,0.007740120482457202,102165.11487960815,142121.37460708618,-0.10567272051825756
2024-09-09,1059,0.0,0.0,0.0,MANTIENE,CASH,0.0,-0.009631517517397437,102165.11487960815,140752.53009796143,-0.10567272051825756
2024-09-10,1060,0.0,0.0,0.0,MANTIENE,CASH,0.0,0.0035229417223996418,102165.11487960815,141248.39305877686,-0.10567272051825756
2024-09-11,1061,0.0,0.0,0.0,MANTIENE,CASH,0.0,0.010262833943832428,102165.11487960815,142698.00186157227,-0.10567272051825756
2024-09-12,1062,0.0,0.0,0.0,MANTIENE,CASH,0.0,0.00977463030401049,102165.11487960815,144092.82207489014,-0.10567272051825756
2024-09-13,1063,0.0,0.0,0.0,MANTIENE,CASH,0.0,-0.0035451018260198586,102165.11487960815,143581.99834823608,-0.10567272051825756
2024-09-16,1064,0.0,0.0,0.0,MANTIENE,CASH,0.0,0.0049894844390370174,102165.11487960815,144298.39849472046,-0.10567272051825756
2024-09-17,1065,0.0,0.0,0.0,MANTIENE,CASH,0.0,-0.000779123553332095,102165.11487960815,144185.97221374512,-0.10567272051825756
2024-09-18,1066,0.0,0.0,0.0,MANTIENE,CASH,0.0,0.015546172215811893,102165.11487960815,146427.51216888428,-0.10567272051825756
2024-09-19,1067,0.0,0.0,0.0,MANTIENE,CASH,0.0,-0.014859772226034962,102165.11487960815,144251.6326904297,-0.10567272051825756
2024-09-20,1068,0.0,0.0,0.0,MANTIENE,CASH,0.0,0.006772333246065632,102165.11487960815,145228.55281829834,-0.10567272051825756
2024-09-23,1069,0.0,0.0,0.0,MANTIENE,CASH,0.0,0.007950566436508932,102165.11487960815,146383.20207595825,-0.10567272051825756
2024-09-24,1070,0.0,0.0,0.0,MANTIENE,CASH,0.0,-0.004112866691048711,102165.11487960815,145781.147480011,-0.10567272051825756
2024-09-25,1071,0.0,0.0,0.0,MANTIENE,CASH,0.0,0.01690717538927311,102165.11487960815,148245.89490890503,-0.10567272051825756
2024-09-26,1072,0.0,0.0,0.0,MANTIENE,CASH,0.0,0.01222932208363181,102165.11487960815,150058.84170532227,-0.10567272051825756
2024-09-27,1073,0.0,0.0,0.0,MANTIENE,CASH,0.0,-0.007636015306190513,102165.11487960815,148912.9900932312,-0.10567272051825756
2024-09-30,1074,0.0,0.0,0.0,MANTIENE,CASH,0.0,-0.0057847085515077,102165.11487960815,148051.5718460083,-0.10567272051825756
2024-10-01,1075,1.0,0.0,1.0,COMPRA,LONG,-0.0035185749368948915,-0.0025186268073039697,101805.63926696777,147678.68518829346,-0.10881947806922344
2024-10-02,1076,1.0,1.0,0.0,MANTIENE,LONG,-0.007792436507590761,-0.0077924241692851615,101012.32528686523,146527.91023254395,-0.11576394570317065
2024-10-03,1077,1.0,1.0,0.0,MANTIENE,LONG,0.005549164409440754,0.005549132045066019,101572.85928726196,147341.0129547119,-0.11085717446112234
2024-10-04,1078,1.0,1.0,0.0,MANTIENE,LONG,-0.0008802249714190413,-0.0008801879632940324,101483.45232009888,147211.32516860962,-0.11163982017931978
2024-10-07,1079,1.0,1.0,0.0,MANTIENE,LONG,-0.0019696820727802544,-0.001969636199132596,101283.56218338013,146921.37241363525,-0.11338960729968443
2024-10-08,1080,1.0,1.0,0.0,MANTIENE,LONG,0.009884324682764234,0.009884249932127886,102284.68179702759,148373.57997894287,-0.1046260623111215
2024-10-09,1081,1.0,1.0,0.0,MANTIENE,LONG,-0.0022866437279704943,-0.0022865906323057406,102050.79317092896,148034.31034088135,-0.10667346350992603
2024-10-10,1082,1.0,1.0,0.0,MANTIENE,LONG,0.008481140606176663,0.008481063564250046,102916.30029678345,149289.79873657227,-0.099097035546725
2024-10-11,1083,1.0,1.0,0.0,MANTIENE,LONG,0.006940264060616874,0.006940243398404489,103630.56659698486,150325.90627670288,-0.09284453108042676
2024-10-14,1084,1.0,1.0,0.0,MANTIENE,LONG,-0.0011328444126544879,-0.0011328085380695185,103513.16928863525,150155.6158065796,-0.09387219708480123
2024-10-15,1085,1.0,1.0,0.0,MANTIENE,LONG,-0.0027392767323627387,-0.002739369096423361,103229.61807250977,149744.28415298462,-0.09635433189187384
2024-10-16,1086,0.75,1.0,-0.25,VENDE,LONG,0.00556161952475942,0.0077487801777198495,103803.74193191528,150904.6196937561,-0.09132859850065951
2024-10-17,1087,0.75,0.75,0.0,MANTIENE,LONG,0.0028332431257018786,0.003777610147315036,104097.84317016602,151474.67851638794,-0.08875411149883959
2024-10-18,1088,1.0,0.75,0.25,COMPRA,LONG,-0.010229995098690381,-0.009979918337036486,103032.92274475098,149962.97359466553,-0.09807615247190823
2024-10-21,1089,0.75,1.0,-0.25,VENDE,LONG,-0.0017637337285034693,-0.0020183936063878916,102851.20010375977,149660.28928756714,-0.09966690598233516
2024-10-22,1090,1.0,0.75,0.25,COMPRA,LONG,-0.0025304295981447567,-0.002280472646475351,102590.9423828125,149318.99309158325,-0.10194513549162673
2024-10-23,1091,1.0,1.0,0.0,MANTIENE,LONG,0.0033739439866733445,0.0033740799478834127,102937.07847595215,149822.80731201172,-0.0989151486818159
2024-10-24,1092,1.0,1.0,0.0,MANTIENE,LONG,0.0010589476210041138,0.0010589552172302064,103046.08345031738,149981.46295547485,-0.09796094702218958
2024-10-25,1093,1.0,1.0,0.0,MANTIENE,LONG,0.0034952034513124897,0.003495250949480333,103406.25047683716,150505.6858062744,-0.09480813701100295
2024-10-28,1094,0.25,1.0,-0.75,VENDE,LONG,-0.0014353821527735011,-0.0027417100793863947,103257.82299041748,150093.04285049438,-0.09610743325597315
2024-10-29,1095,0.25,0.25,0.0,MANTIENE,LONG,-0.002833098627159414,-0.01133223787017057,102965.28339385986,148392.15278625488,-0.09866825004591522
2024-10-30,1096,0.75,0.25,0.5,COMPRA,LONG,-0.007502529131027891,-0.009336733923327345,102192.78335571289,147006.65473937988,-0.10543051775666605
2024-10-31,1097,0.0,0.75,-0.75,VENDE,CASH,-0.0007499517063297434,0.009300579671503328,102116.1437034607,148373.90184402466,-0.10610140166630491
2024-11-01,1098,1.0,0.0,1.0,COMPRA,LONG,-0.006563295904109756,-0.005563328822026703,101445.92523574829,147548.44903945923,-0.11196832267543787
2024-11-04,1099,1.0,1.0,0.0,MANTIENE,LONG,0.005662228032970118,0.005662238196318281,102020.33519744873,148383.90350341797,-0.1069400848179253
2024-11-05,1100,1.0,1.0,0.0,MANTIENE,LONG,-0.01126688841406831,-0.011266901597641987,100870.88346481323,146712.07666397095,-0.11700209122935902
2024-11-06,1101,1.0,1.0,0.0,MANTIENE,LONG,0.0169758592371263,0.016975890585443354,102583.25338363647,149202.6448249817,-0.10201244302339171
2024-11-07,1102,1.0,1.0,0.0,MANTIENE,LONG,-0.007594034704398123,-0.007594024460641502,101804.23259735107,148069.59629058838,-0.10883179169518975
2024-11-08,1103,1.0,1.0,0.0,MANTIENE,LONG,0.01213179268563147,0.012131814419122255,103039.30044174194,149865.94915390015,-0.09802032374401015
2024-11-11,1104,1.0,1.0,0.0,MANTIENE,LONG,-0.021336224425043238,-0.021336152158659583,100840.83080291748,146668.3864593506,-0.11726516454343579
2024-11-12,1105,1.0,1.0,0.0,MANTIENE,LONG,-0.0016040633908261936,-0.0016041047395215502,100679.07571792603,146433.11500549316,-0.11868112717679863
2024-11-13,1106,1.0,1.0,0.0,MANTIENE,LONG,0.013712983121453082,0.013713050628068046,102059.68618392944,148441.1597251892,-0.106595616349156
2024-11-14,1107,1.0,1.0,0.0,MANTIENE,LONG,-0.0027454663595980477,-0.002745550626731319,101779.48474884033,148033.607006073,-0.10904842802998681
2024-11-15,1108,1.0,1.0,0.0,MANTIENE,LONG,-0.0011254547673532622,-0.0011254667534335017,101664.93654251099,147867.00010299683,-0.11005115372414138
2024-11-18,1109,1.0,1.0,0.0,MANTIENE,LONG,-0.006716248412779513,-0.0067161491595079115,100982.12957382202,146873.90327453613,-0.11602827125039654
2024-11-19,1110,1.0,1.0,0.0,MANTIENE,LONG,-0.0029134712037960364,-0.0029134765008024255,100687.9210472107,146445.98960876465,-0.11860369742707828
2024-11-20,1111,1.0,1.0,0.0,MANTIENE,LONG,0.0074396941151260165,0.007439693669727854,101437.00838088989,147535.502910614,-0.11204637854173276
2024-11-21,1112,1.0,1.0,0.0,MANTIENE,LONG,0.009214430625468895,0.009214397824852893,102371.6926574707,148894.95372772217,-0.10386439149817174
2024-11-22,1113,1.0,1.0,0.0,MANTIENE,LONG,0.004275370419537072,0.004275267021045526,102809.3695640564,149531.51941299438,-0.10003307982568914
2024-11-25,1114,1.0,1.0,0.0,MANTIENE,LONG,-0.005628299190366781,-0.005628282696540476,102230.7276725769,148689.91374969482,-0.10509836291386306
2024-11-26,1115,1.0,1.0,0.0,MANTIENE,LONG,-0.0017739587335662277,-0.0017739898311667224,102049.3745803833,148426.1393547058,-0.10668588148865477
2024-11-27,1116,1.0,1.0,0.0,MANTIENE,LONG,0.008513265896635813,0.008513289053221573,102918.14804077148,149689.73398208618,-0.0990808608685489
2024-11-28,1117,1.0,1.0,0.0,MANTIENE,LONG,0.010332545694627937,0.010332578501754286,103981.55450820923,151236.4149093628,-0.08977207269630842
2024-11-29,1118,1.0,1.0,0.0,MANTIENE,LONG,0.01565082908144988,0.015650807188354987,105608.95204544067,153603.38687896729,-0.07552625098091596
2024-12-02,1119,1.0,1.0,0.0,MANTIENE,LONG,0.004170391170862153,0.004170448140989214,106049.38268661499,154243.98183822632,-0.07167083382031289
2024-12-03,1120,1.0,1.0,0.0,MANTIENE,LONG,0.01076059791366224,0.010760478287103137,107190.53745269775,155903.7208557129,-0.06168145693152789
2024-12-04,1121,1.0,1.0,0.0,MANTIENE,LONG,0.006260374737232732,0.006260364614205427,107861.59038543701,156879.73499298096,-0.055807231229025096
2024-12-05,1122,1.0,1.0,0.0,MANTIENE,LONG,0.001267671416916194,0.0012677026625935728,107998.32344055176,157078.61185073853,-0.054610305043995125
2024-12-06,1123,1.0,1.0,0.0,MANTIENE,LONG,-0.0018960090317892142,-0.0018959969443053115,107793.55764389038,156780.7912826538,-0.056402772444192145
2024-12-09,1124,1.0,1.0,0.0,MANTIENE,LONG,-0.0008257782603450226,-0.0008257471300725516,107704.54406738281,156651.32999420166,-0.05718197452122953
2024-12-10,1125,1.0,1.0,0.0,MANTIENE,LONG,0.003443309685805529,0.003443304269292513,108075.4041671753,157190.72818756104,-0.05393556008214649
2024-12-11,1126,1.0,1.0,0.0,MANTIENE,LONG,0.0013289180193916117,0.001328973797739108,108219.02751922607,157399.63054656982,-0.052678318000434106
2024-12-12,1127,1.0,1.0,0.0,MANTIENE,LONG,-0.0009962469996376289,-0.0009962405815729936,108111.21463775635,157242.82264709473,-0.05362208438381781
2024-12-13,1128,1.0,1.0,0.0,MANTIENE,LONG,-0.004513825409696692,-0.004513860143418591,107623.21949005127,156533.05053710938,-0.05789386906650193
2024-12-16,1129,1.0,1.0,0.0,MANTIENE,LONG,-0.0033199713339144843,-0.003320020251400102,107265.91348648071,156013.35763931274,-0.061021634414706226
2024-12-17,1130,1.0,1.0,0.0,MANTIENE,LONG,-0.00018759480455743383,-0.00018758573642374543,107245.79095840454,155984.09175872803,-0.061197781877681864
2024-12-18,1131,0.5,1.0,-0.5,VENDE,LONG,-0.007236093343258698,-0.013472176389048296,106469.75040435791,153882.64656066895,-0.06799104235887332
2024-12-19,1132,0.5,0.5,0.0,MANTIENE,LONG,-0.0021310375946247406,-0.004261883461986415,106242.85936355591,153226.81665420532,-0.0699771884861336
2024-12-20,1133,0.75,0.5,0.25,COMPRA,LONG,-0.001607105328738534,-0.0018094545830245057,106072.11589813232,152949.55968856812,-0.07147183310236589
2024-12-23,1134,0.75,0.75,0.0,MANTIENE,LONG,0.0,0.0,106072.11589813232,152949.55968856812,-0.07147183310236589
2024-12-24,1135,1.0,0.75,0.25,COMPRA,LONG,-0.00024994453793636406,0.0,106045.60375213623,152949.55968856812,-0.07170391364600204
2024-12-25,1136,1.0,1.0,0.0,MANTIENE,LONG,0.0,0.0,106045.60375213623,152949.55968856812,-0.07170391364600204
2024-12-26,1137,1.0,1.0,0.0,MANTIENE,LONG,0.006829103785515489,0.00682920381137242,106769.80018615723,153994.08340454102,-0.06536448332860267
2024-12-27,1138,1.0,1.0,0.0,MANTIENE,LONG,-0.003761960587282953,-0.003761971704510647,106368.13640594482,153414.76202011108,-0.06888054530579533
