data,giorno,allocazione_K,posizione_prec,turnover,operazione,posizione,rendimento_giorno,rendimento_buyhold,equity_agente,equity_buyhold,drawdown_agente
2020-08-19,1,0.0,0.0,0.0,MANTIENE,CASH,0.0,-0.011352896690368652,100000.0,98864.71033096313,0.0
2020-08-20,2,0.0,0.0,0.0,MANTIENE,CASH,0.0,-0.005081828587716997,100000.0,98362.29681968689,0.0
2020-08-21,3,0.0,0.0,0.0,MANTIENE,CASH,0.0,0.02363848288027448,100000.0,100687.43228912354,0.0
2020-08-24,4,0.0,0.0,0.0,MANTIENE,CASH,0.0,-0.0003766157716408314,100000.0,100649.51181411743,0.0
2020-08-25,5,0.0,0.0,0.0,MANTIENE,CASH,0.0,0.009840351160410155,100000.0,101639.93835449219,0.0
2020-08-26,6,0.0,0.0,0.0,MANTIENE,CASH,0.0,-0.007110573368412809,100000.0,100917.22011566162,0.0
2020-08-27,7,0.0,0.0,0.0,MANTIENE,CASH,0.0,-0.004822722681928515,100000.0,100430.52434921265,0.0
2020-08-28,8,0.0,0.0,0.0,MANTIENE,CASH,0.0,-0.006738263085919849,100000.0,99753.79705429077,0.0
2020-08-31,9,0.0,0.0,0.0,MANTIENE,CASH,0.0,0.002230174516951955,100000.0,99976.26543045044,0.0
2020-09-01,10,0.0,0.0,0.0,MANTIENE,CASH,0.0,0.020747221436247854,100000.0,102050.49514770508,0.0
2020-09-02,11,0.0,0.0,0.0,MANTIENE,CASH,0.0,-0.01401908460793011,100000.0,100619.84062194824,0.0
2020-09-03,12,1.0,0.0,1.0,COMPRA,LONG,-0.01747363805770874,-0.016473643355380707,98252.63619422913,98962.26525306702,-0.01747363805770874
2020-09-04,13,1.0,1.0,0.0,MANTIENE,LONG,0.020059685549497885,0.02005979240158151,100223.55318069458,100947.42774963379,0.0
2020-09-07,14,1.0,1.0,0.0,MANTIENE,LONG,-0.010072304496024365,-0.010072349305935036,99214.07103538513,99930.64999580383,-0.010072304496024377
2020-09-08,15,1.0,1.0,0.0,MANTIENE,LONG,0.02073364713852066,0.02073360893368381,101271.14057540894,102002.57301330566,0.0
2020-09-09,16,0.0,1.0,-1.0,VENDE,CASH,-0.0009999718665949509,-0.002139519033035997,101169.87228393555,101784.33656692505,-0.0009999718665949246
2020-09-10,17,0.25,0.0,0.25,COMPRA,LONG,-0.0003644507245652573,-0.000457937181559398,101133.00085067749,101737.7257347107,-0.0013640581506888742
2020-09-11,18,0.0,0.25,-0.25,VENDE,CASH,-0.0002500102844872343,-0.0006953054229252853,101107.71656036377,101666.98694229126,-0.0016137274066097493
2020-09-14,19,0.0,0.0,0.0,MANTIENE,CASH,0.0,0.001819792470960424,101107.71656036377,101851.99975967407,-0.0016137274066097493
2020-09-15,20,0.0,0.0,0.0,MANTIENE,CASH,0.0,0.002852188650117382,101107.71656036377,102142.50087738037,-0.0016137274066097493
2020-09-16,21,0.0,0.0,0.0,MANTIENE,CASH,0.0,-0.003564520243958702,101107.71656036377,101778.41186523438,-0.0016137274066097493
2020-09-17,22,1.0,0.0,1.0,COMPRA,LONG,-0.00795552217583384,-0.006955662541322183,100303.35187911987,101070.4755783081,-0.009556411538274556
2020-09-18,23,0.0,1.0,-1.0,VENDE,CASH,-0.0009999934633182495,-0.043747904971760065,100203.04918289185,96648.85401725769,-0.010546848652521723
2020-09-21,24,0.0,0.0,0.0,MANTIENE,CASH,0.0,0.0041418472922611915,100203.04918289185,97049.15881156921,-0.010546848652521723
2020-09-22,25,0.0,0.0,0.0,MANTIENE,CASH,0.0,0.003857292284610958,100203.04918289185,97423.50578308105,-0.010546848652521723
2020-09-23,26,0.0,0.0,0.0,MANTIENE,CASH,0.0,-0.00287905403454225,100203.04918289185,97143.01824569702,-0.010546848652521723
2020-09-24,27,0.0,0.0,0.0,MANTIENE,CASH,0.0,-0.010896683951926556,100203.04918289185,96084.48147773743,-0.010546848652521723
2020-09-25,28,0.0,0.0,0.0,MANTIENE,CASH,0.0,0.032212984112393483,100203.04918289185,99179.64935302734,-0.010546848652521723
2020-09-28,29,0.0,0.0,0.0,MANTIENE,CASH,0.0,-0.0035001475998438503,100203.04918289185,98832.50594139099,-0.010546848652521723
2020-09-29,30,0.5,0.0,0.5,COMPRA,LONG,-0.003037424510516251,-0.005074920650275483,99898.68998527527,98330.93881607056,-0.013552237906432061
2020-09-30,31,0.0,0.5,-0.5,VENDE,CASH,-0.0005000531317639334,-0.0023479144392676288,99848.73533248901,98100.06618499756,-0.01404551419918851
2020-10-01,32,1.0,0.0,1.0,COMPRA,LONG,-0.0042777992480586,-0.0032778279377292385,99421.60248756409,97778.51104736328,-0.018263229557167256
2020-10-02,33,1.0,1.0,0.0,MANTIENE,LONG,0.010975602956731167,0.010975577938557413,100512.81452178955,98851.68671607971,-0.007488076556763147
2020-10-05,34,0.0,1.0,-1.0,VENDE,CASH,-0.001000044356806118,0.006057682202139647,100412.29724884033,99450.4988193512,-0.008480632504865372
2020-10-06,35,1.0,0.0,1.0,COMPRA,LONG,0.0007472224906608371,0.0017473153321616586,100487.3275756836,99624.27020072937,-0.0077397469335471316
2020-10-07,36,0.0,1.0,-1.0,VENDE,CASH,-0.0009999421079904813,0.008789842444549611,100386.84606552124,100499.95183944702,-0.008731949742673514
2020-10-08,37,0.0,0.0,0.0,MANTIENE,CASH,0.0,0.0006916514432575571,100386.84606552124,100569.46277618408,-0.008731949742673514
2020-10-09,38,0.0,0.0,0.0,MANTIENE,CASH,0.0,0.006679762334025341,100386.84606552124,101241.2428855896,-0.008731949742673514
2020-10-12,39,0.0,0.0,0.0,MANTIENE,CASH,0.0,-0.009089420117038949,100386.84606552124,100321.0186958313,-0.008731949742673514
2020-10-13,40,0.0,0.0,0.0,MANTIENE,CASH,0.0,0.0006966875672935746,100386.84606552124,100390.91110229492,-0.008731949742673514
2020-10-14,41,0.0,0.0,0.0,MANTIENE,CASH,0.0,-0.024893188780962805,100386.84606552124,97891.86120033264,-0.008731949742673514
2020-10-15,42,0.75,0.0,0.75,COMPRA,LONG,0.011366860153811942,0.016155906565513467,101527.92930603027,99473.39296340942,0.0
2020-10-16,43,1.0,0.75,0.25,COMPRA,LONG,-0.004458609944133829,-0.004208734134482195,101075.25587081909,99054.73589897156,-0.004458609944133816
2020-10-19,44,0.0,1.0,-1.0,VENDE,CASH,-0.0010000227626363323,-0.00915695382055326,100974.17831420898,98147.69625663757,-0.005454173995336265
2020-10-20,45,0.0,0.0,0.0,MANTIENE,CASH,0.0,-0.01407801839024081,100974.17831420898,96765.97118377686,-0.005454173995336265
2020-10-21,46,0.25,0.0,0.25,COMPRA,LONG,-0.0005402388195593355,-0.0011610361944671688,100919.62814331055,96653.62238883972,-0.005991466258374644
2020-10-22,47,0.75,0.25,0.5,COMPRA,LONG,0.005640254994476512,0.008187021696819174,101488.84057998657,97444.92769241333,-0.0003850046613861107
2020-10-23,48,0.0,0.75,-0.75,VENDE,CASH,-0.0007499852293433307,-0.037053570390908175,101412.7254486084,93834.24520492554,-0.0011347011429202116
2020-10-26,49,1.0,0.0,1.0,COMPRA,LONG,-0.010329705155072477,-0.009329677222070232,100365.16189575195,92958.80198478699,-0.011452685169747252
2020-10-27,50,1.0,1.0,0.0,MANTIENE,LONG,-0.04170079484609057,-0.041700834302658696,96179.85486984253,89082.34238624573,-0.05267589394113738
2020-10-28,51,0.0,1.0,-1.0,VENDE,CASH,-0.0009999812844355693,0.0032490635833293258,96083.67681503296,89371.77658081055,-0.053623200317490884
2020-10-29,52,1.0,0.0,1.0,COMPRA,LONG,-0.004585932924015768,-0.0035859447611913398,95643.0435180664,89051.29432678223,-0.057963220841679604
2020-10-30,53,1.0,1.0,0.0,MANTIENE,LONG,0.020058032286691452,0.020057993372033067,97561.45477294922,90837.48459815979,-0.039067816710071174
2020-11-02,54,1.0,1.0,0.0,MANTIENE,LONG,0.025508403665276624,0.025508397276351902,100050.09174346924,93154.60324287415,-0.014555970683756067
2020-11-03,55,1.0,1.0,0.0,MANTIENE,LONG,0.019459036961399168,0.01945901108271686,101996.97017669678,94967.29969978333,0.0
2020-11-04,56,1.0,1.0,0.0,MANTIENE,LONG,0.019787927386763604,0.01978783607647805,104015.27881622314,96846.49705886841,0.0
2020-11-05,57,1.0,1.0,0.0,MANTIENE,LONG,-0.0070074451310960795,-0.007007445649491295,103286.3974571228,96167.85049438477,-0.007007445131096058
2020-11-06,58,1.0,1.0,0.0,MANTIENE,LONG,0.04935487508441261,0.04935488941315547,108384.08470153809,100914.20412063599,0.0
2020-11-09,59,0.0,1.0,-1.0,VENDE,CASH,-0.0010000092389766957,0.005126813625085935,108275.69961547852,101431.57243728638,-0.001000009238976691
2020-11-10,60,0.0,0.0,0.0,MANTIENE,CASH,0.0,0.004031757153886151,108275.69961547852,101840.51990509033,-0.001000009238976691
2020-11-11,61,0.0,0.0,0.0,MANTIENE,CASH,0.0,-0.012350810640100462,108275.69961547852,100582.70692825317,-0.001000009238976691
2020-11-12,62,1.0,0.0,1.0,COMPRA,LONG,0.0008210001647064313,0.0018210394111328743,108364.59398269653,100765.87200164795,-0.00017983008202011546
2020-11-13,63,1.0,1.0,0.0,MANTIENE,LONG,0.0047328569930895625,0.004732839346331952,108877.46810913086,101242.7806854248,0.0
2020-11-16,64,0.0,1.0,-1.0,VENDE,CASH,-0.000999966715221512,-0.0003912698431388639,108768.59426498413,101203.16743850708,-0.0009999667152215672
2020-11-17,65,0.0,0.0,0.0,MANTIENE,CASH,0.0,0.00520958916840808,108768.59426498413,101730.39436340332,-0.0009999667152215672
2020-11-18,66,1.0,0.0,1.0,COMPRA,LONG,-0.00976614752178584,-0.008766120084876983,107706.34412765503,100838.61351013184,-0.010756348414549652
2020-11-19,67,0.0,1.0,-1.0,VENDE,CASH,-0.0009999930271653579,0.0039041460908415537,107598.6385345459,101232.30218887329,-0.01174558516830273
2020-11-20,68,0.0,0.0,0.0,MANTIENE,CASH,0.0,-0.0007825029283509144,107598.6385345459,101153.0876159668,-0.01174558516830273
2020-11-23,69,0.0,0.0,0.0,MANTIENE,CASH,0.0,0.012605393587242775,107598.6385345459,102428.16209793091,-0.01174558516830273
2020-11-24,70,1.0,0.0,1.0,COMPRA,LONG,-0.001198644630838741,-0.0001986663170512326,107469.66600418091,102407.81307220459,-0.012930151016543412
2020-11-25,71,1.0,1.0,0.0,MANTIENE,LONG,-0.00024303374442014025,-0.00024305664686596895,107443.54724884033,102382.92217254639,-0.013170042297946067
2020-11-26,72,0.25,1.0,-0.75,VENDE,LONG,0.00017408153406539562,0.0036962208310600264,107462.25118637085,102761.35206222534,-0.012998253425047497
2020-11-27,73,0.0,0.25,-0.25,VENDE,CASH,-0.0002499282551713389,-0.0033384194211604212,107435.39333343506,102418.2915687561,-0.013244933049420012
2020-11-30,74,0.0,0.0,0.0,MANTIENE,CASH,0.0,0.0068571509715043,107435.39333343506,103120.58925628662,-0.013244933049420012
2020-12-01,75,0.5,0.0,0.5,COMPRA,LONG,-0.0030802231697139026,-0.0051604657459057846,107104.46834564209,102588.43898773193,-0.016284358869473742
2020-12-02,76,0.25,0.5,-0.25,VENDE,LONG,-0.0013838163055922559,-0.004535343959881644,106956.2554359436,102123.16513061523,-0.017645640613736278
2020-12-03,77,0.25,0.25,0.0,MANTIENE,LONG,0.0008695806274110485,0.0034784640828360303,107049.26252365112,102478.39689254761,-0.016791404293561234
2020-12-04,78,0.25,0.25,0.0,MANTIENE,LONG,-0.0005256158084745444,-0.0021023645523166046,106992.99573898315,102262.94994354248,-0.01730819427449256
2020-12-07,79,0.25,0.25,0.0,MANTIENE,LONG,0.00014116640890149412,0.0005643218497353164,107008.09955596924,102320.65916061401,-0.017169471201221375
2020-12-08,80,0.0,0.25,-0.25,VENDE,CASH,-0.00024998635324047225,0.004651835271811677,106981.34899139404,102796.63801193237,-0.017415165420969235
2020-12-09,81,0.75,0.0,0.75,COMPRA,LONG,-0.0032534209559220706,-0.0033378533067801586,106633.29362869263,102453.51791381836,-0.020611927512759896
2020-12-10,82,1.0,0.75,0.25,COMPRA,LONG,-0.013895731594091854,-0.013645824315858701,105151.54600143433,101055.4552078247,-0.034221241294497586
2020-12-11,83,1.0,1.0,0.0,MANTIENE,LONG,0.008300880503258723,0.008300906932592556,106024.39641952515,101894.30713653564,-0.02620442722589766
2020-12-14,84,0.0,1.0,-1.0,VENDE,CASH,-0.0010000032606357623,0.010565528175794814,105918.37167739868,102970.8743095398,-0.02717822597386444
2020-12-15,85,0.25,0.0,0.25,COMPRA,LONG,0.003549884823733196,0.015199547385955858,106294.3696975708,104535.98499298096,-0.023724820722051954
2020-12-16,86,0.0,0.25,-0.25,VENDE,CASH,-0.00024998267280262887,0.007465064315505643,106267.79794692993,105316.35284423828,-0.02396887260075872
2020-12-17,87,1.0,0.0,1.0,COMPRA,LONG,-0.003688194446080373,-0.002688301057119258,105875.86164474487,105033.23078155518,-0.02756866518403417
2020-12-18,88,0.0,1.0,-1.0,VENDE,CASH,-0.0009999424647449962,-0.02818748208170263,105769.99187469482,102072.60847091675,-0.028541040569765332
2020-12-21,89,0.0,0.0,0.0,MANTIENE,CASH,0.0,0.01297043808965892,105769.99187469482,103396.53491973877,-0.028541040569765332
2020-12-22,90,0.0,0.0,0.0,MANTIENE,CASH,0.0,0.012603980155715178,105769.99187469482,104699.74279403687,-0.028541040569765332
2020-12-23,91,0.0,0.0,0.0,MANTIENE,CASH,0.0,0.0,105769.99187469482,104699.74279403687,-0.028541040569765332
2020-12-24,92,0.0,0.0,0.0,MANTIENE,CASH,0.0,0.0,105769.99187469482,104699.74279403687,-0.028541040569765332
2020-12-25,93,0.0,0.0,0.0,MANTIENE,CASH,0.0,0.014944805507915326,105769.99187469482,106264.46008682251,-0.028541040569765332
2020-12-28,94,0.0,0.0,0.0,MANTIENE,CASH,0.0,-0.0020963396341686646,105769.99187469482,106041.69368743896,-0.028541040569765332
2020-12-29,95,0.0,0.0,0.0,MANTIENE,CASH,0.0,-0.003095637283987207,105769.99187469482,105713.42706680298,-0.028541040569765332
2020-12-30,96,0.0,0.0,0.0,MANTIENE,CASH,0.0,0.0,105769.99187469482,105713.42706680298,-0.028541040569765332
2020-12-31,97,0.0,0.0,0.0,MANTIENE,CASH,0.0,0.0,105769.99187469482,105713.42706680298,-0.028541040569765332
2021-01-01,98,0.0,0.0,0.0,MANTIENE,CASH,0.0,0.0005801834372005654,105769.99187469482,105774.76024627686,-0.028541040569765332
2021-01-04,99,1.0,0.0,1.0,COMPRA,LONG,-0.006501679885220102,-0.0055017282709514115,105082.30924606323,105192.8162574768,-0.03485715574560969
2021-01-05,100,0.0,1.0,-1.0,VENDE,CASH,-0.0010000064662925023,0.017635793696276325,104977.22625732422,107047.97506332397,-0.03582230483076004
2021-01-06,101,0.0,0.0,0.0,MANTIENE,CASH,0.0,0.005490301325135727,104977.22625732422,107635.70070266724,-0.03582230483076004
2021-01-07,102,0.0,0.0,0.0,MANTIENE,CASH,0.0,0.005819603800451878,104977.22625732422,108262.09783554077,-0.03582230483076004
2021-01-08,103,0.0,0.0,0.0,MANTIENE,CASH,0.0,-0.008033643103376287,104977.22625732422,107392.35877990723,-0.03582230483076004
2021-01-11,104,0.0,0.0,0.0,MANTIENE,CASH,0.0,-0.0008324153342915697,104977.22625732422,107302.9637336731,-0.03582230483076004
2021-01-12,105,0.0,0.0,0.0,MANTIENE,CASH,0.0,0.0010520790225774235,104977.22625732422,107415.85493087769,-0.03582230483076004
2021-01-13,106,0.0,0.0,0.0,MANTIENE,CASH,0.0,0.0035143793014855707,104977.22625732422,107793.35498809814,-0.03582230483076004
2021-01-14,107,0.0,0.0,0.0,MANTIENE,CASH,0.0,-0.014366489640649238,104977.22625732422,106244.74287033081,-0.03582230483076004
2021-01-15,108,0.0,0.0,0.0,MANTIENE,CASH,0.0,0.004396543937669195,104977.22625732422,106711.85255050659,-0.03582230483076004
2021-01-18,109,1.0,0.0,1.0,COMPRA,LONG,-0.0034038796619808576,-0.002403917316147308,104619.89641189575,106455.32608032227,-0.039104249677882175
2021-01-19,110,0.0,1.0,-1.0,VENDE,CASH,-0.0009999825663932205,0.007695305326244295,104515.27833938599,107274.53231811523,-0.040065128676325674
2021-01-20,111,0.0,0.0,0.0,MANTIENE,CASH,0.0,-0.0010559138733436946,104515.27833938599,107161.25965118408,-0.040065128676325674
2021-01-21,112,0.0,0.0,0.0,MANTIENE,CASH,0.0,-0.0023514523538885612,104515.27833938599,106909.27505493164,-0.040065128676325674
2021-01-22,113,0.0,0.0,0.0,MANTIENE,CASH,0.0,-0.016579246671572845,104515.27833938599,105136.7998123169,-0.040065128676325674
2021-01-25,114,0.0,0.0,0.0,MANTIENE,CASH,0.0,0.016640372700808648,104515.27833938599,106886.31534576416,-0.040065128676325674
2021-01-26,115,0.0,0.0,0.0,MANTIENE,CASH,0.0,-0.018061460089218828,104515.27833938599,104955.79242706299,-0.040065128676325674
2021-01-27,116,0.0,0.0,0.0,MANTIENE,CASH,0.0,0.0033383573764271812,104515.27833938599,105306.17237091064,-0.040065128676325674
2021-01-28,117,0.0,0.0,0.0,MANTIENE,CASH,0.0,-0.01705407980916762,104515.27833938599,103510.27250289917,-0.040065128676325674
2021-01-29,118,0.0,0.0,0.0,MANTIENE,CASH,0.0,0.01408107799648306,104515.27833938599,104967.8087234497,-0.040065128676325674
2021-02-01,119,0.0,0.0,0.0,MANTIENE,CASH,0.0,0.015646758818343987,104515.27833938599,106610.2147102356,-0.040065128676325674
2021-02-02,120,0.0,0.0,0.0,MANTIENE,CASH,0.0,0.007117432151422021,104515.27833938599,107369.00568008423,-0.040065128676325674
2021-02-03,121,0.0,0.0,0.0,MANTIENE,CASH,0.0,0.009090167224303114,104515.27833938599,108345.00789642334,-0.040065128676325674
2021-02-04,122,0.0,0.0,0.0,MANTIENE,CASH,0.0,-0.0002538334126631625,104515.27833938599,108317.50631332397,-0.040065128676325674
2021-02-05,123,0.0,0.0,0.0,MANTIENE,CASH,0.0,0.00022693428183506725,104515.27833938599,108342.08726882935,-0.040065128676325674
2021-02-08,124,0.0,0.0,0.0,MANTIENE,CASH,0.0,-0.0034218370618436245,104515.27833938599,107971.35829925537,-0.040065128676325674
2021-02-09,125,0.0,0.0,0.0,MANTIENE,CASH,0.0,-0.00562596289796935,104515.27833938599,107363.91544342041,-0.040065128676325674
2021-02-10,126,0.0,0.0,0.0,MANTIENE,CASH,0.0,0.007747099875665242,104515.27833938599,108195.67441940308,-0.040065128676325674
2021-02-11,127,0.0,0.0,0.0,MANTIENE,CASH,0.0,0.0006395911200292037,104515.27833938599,108264.8754119873,-0.040065128676325674
2021-02-12,128,0.0,0.0,0.0,MANTIENE,CASH,0.0,0.004241285649415838,104515.27833938599,108724.05767440796,-0.040065128676325674
2021-02-15,129,0.0,0.0,0.0,MANTIENE,CASH,0.0,-0.0031808789821976546,104515.27833938599,108378.21960449219,-0.040065128676325674
2021-02-16,130,0.0,0.0,0.0,MANTIENE,CASH,0.0,-0.011044034465887864,104515.27833938599,107181.28681182861,-0.040065128676325674
2021-02-17,131,0.0,0.0,0.0,MANTIENE,CASH,0.0,-0.001606047279629541,104515.27833938599,107009.14859771729,-0.040065128676325674
2021-02-18,132,0.0,0.0,0.0,MANTIENE,CASH,0.0,0.007654698705898744,104515.27833938599,107828.27138900757,-0.040065128676325674
2021-02-19,133,0.0,0.0,0.0,MANTIENE,CASH,0.0,-0.0030865784196439927,104515.27833938599,107495.45097351074,-0.040065128676325674
2021-02-22,134,0.0,0.0,0.0,MANTIENE,CASH,0.0,-0.006109651459427434,104515.27833938599,106838.69123458862,-0.040065128676325674
2021-02-23,135,0.0,0.0,0.0,MANTIENE,CASH,0.0,0.008019611975927043,104515.27833938599,107695.49608230591,-0.040065128676325674
2021-02-24,136,0.0,0.0,0.0,MANTIENE,CASH,0.0,-0.00691686315252793,104515.27833938599,106950.58107376099,-0.040065128676325674
2021-02-25,137,0.0,0.0,0.0,MANTIENE,CASH,0.0,-0.006703437990607131,104515.27833938599,106233.64448547363,-0.040065128676325674
2021-02-26,138,0.0,0.0,0.0,MANTIENE,CASH,0.0,0.016431532922988268,104515.27833938599,107979.22611236572,-0.040065128676325674
2021-03-01,139,0.0,0.0,0.0,MANTIENE,CASH,0.0,0.0019252692164257734,104515.27833938599,108187.11519241333,-0.040065128676325674
2021-03-02,140,0.0,0.0,0.0,MANTIENE,CASH,0.0,0.0028655508362007698,104515.27833938599,108497.13087081909,-0.040065128676325674
2021-03-03,141,0.0,0.0,0.0,MANTIENE,CASH,0.0,-0.001682598466455576,104515.27833938599,108314.57376480103,-0.040065128676325674
2021-03-04,142,0.0,0.0,0.0,MANTIENE,CASH,0.0,-0.00965036096404559,104515.27833938599,107269.29903030396,-0.040065128676325674
2021-03-05,143,0.0,0.0,0.0,MANTIENE,CASH,0.0,0.0330600958992604,104515.27833938599,110815.63234329224,-0.040065128676325674
2021-03-08,144,0.0,0.0,0.0,MANTIENE,CASH,0.0,0.0039656239440897245,104515.27833938599,111255.08546829224,-0.040065128676325674
2021-03-09,145,0.0,0.0,0.0,MANTIENE,CASH,0.0,0.007086226325715428,104515.27833938599,112043.46418380737,-0.040065128676325674
2021-03-10,146,0.0,0.0,0.0,MANTIENE,CASH,0.0,0.0020040670773040503,104515.27833938599,112268.00680160522,-0.040065128676325674
2021-03-11,147,0.0,0.0,0.0,MANTIENE,CASH,0.0,-0.004598669975746761,104515.27833938599,111751.72328948975,-0.040065128676325674
2021-03-12,148,0.0,0.0,0.0,MANTIENE,CASH,0.0,-0.002825029916536659,104515.27833938599,111436.02132797241,-0.040065128676325674
2021-03-15,149,0.0,0.0,0.0,MANTIENE,CASH,0.0,0.006649385837357968,104515.27833938599,112177.00242996216,-0.040065128676325674
2021-03-16,150,0.0,0.0,0.0,MANTIENE,CASH,0.0,0.0026810585957264266,104515.27833938599,112477.75554656982,-0.040065128676325674
2021-03-17,151,0.0,0.0,0.0,MANTIENE,CASH,0.0,0.01225692658159483,104515.27833938599,113856.3871383667,-0.040065128676325674
2021-03-18,152,0.0,0.0,0.0,MANTIENE,CASH,0.0,-0.010457790342882634,104515.27833938599,112665.70091247559,-0.040065128676325674
2021-03-19,153,0.0,0.0,0.0,MANTIENE,CASH,0.0,0.0024765413152607607,104515.27833938599,112944.72217559814,-0.040065128676325674
2021-03-22,154,0.0,0.0,0.0,MANTIENE,CASH,0.0,0.00032814431172556446,104515.27833938599,112981.78434371948,-0.040065128676325674
2021-03-23,155,0.0,0.0,0.0,MANTIENE,CASH,0.0,-0.0035213559890010515,104515.27833938599,112583.9352607727,-0.040065128676325674
2021-03-24,156,0.0,0.0,0.0,MANTIENE,CASH,0.0,0.0007509350952565885,104515.27833938599,112668.47848892212,-0.040065128676325674
2021-03-25,157,0.0,0.0,0.0,MANTIENE,CASH,0.0,0.008725556448905492,104515.27833938599,113651.5736579895,-0.040065128676325674
2021-03-26,158,0.0,0.0,0.0,MANTIENE,CASH,0.0,0.004663415422101469,104515.27833938599,114181.57815933228,-0.040065128676325674
2021-03-29,159,0.0,0.0,0.0,MANTIENE,CASH,0.0,0.01288252701825865,104515.27833938599,115652.52542495728,-0.040065128676325674
2021-03-30,160,0.0,0.0,0.0,MANTIENE,CASH,0.0,-1.8038192935887487e-05,104515.27833938599,115650.43926239014,-0.040065128676325674
2021-03-31,161,0.0,0.0,0.0,MANTIENE,CASH,0.0,0.006585089958606183,104515.27833938599,116412.0078086853,-0.040065128676325674
2021-04-01,162,0.0,0.0,0.0,MANTIENE,CASH,0.0,0.0,104515.27833938599,116412.0078086853,-0.040065128676325674
2021-04-02,163,0.0,0.0,0.0,MANTIENE,CASH,0.0,0.0,104515.27833938599,116412.0078086853,-0.040065128676325674
2021-04-05,164,0.0,0.0,0.0,MANTIENE,CASH,0.0,0.006984083617305181,104515.27833938599,117225.03900527954,-0.040065128676325674
2021-04-06,165,0.0,0.0,0.0,MANTIENE,CASH,0.0,-0.0023874391636223846,104515.27833938599,116945.17135620117,-0.040065128676325674
2021-04-07,166,0.0,0.0,0.0,MANTIENE,CASH,0.0,0.0017342380361733412,104515.27833938599,117147.98212051392,-0.040065128676325674
2021-04-08,167,0.0,0.0,0.0,MANTIENE,CASH,0.0,0.0020707056059858786,104515.27833938599,117390.5611038208,-0.040065128676325674
2021-04-09,168,0.0,0.0,0.0,MANTIENE,CASH,0.0,-0.0012576880434029825,104515.27833938599,117242.92039871216,-0.040065128676325674
2021-04-12,169,0.0,0.0,0.0,MANTIENE,CASH,0.0,0.0012723881701046658,104515.27833938599,117392.098903656,-0.040065128676325674
2021-04-13,170,0.0,0.0,0.0,MANTIENE,CASH,0.0,-0.0016548256660048333,104515.27833938599,117197.83544540405,-0.040065128676325674
2021-04-14,171,0.0,0.0,0.0,MANTIENE,CASH,0.0,0.003036332956881438,104515.27833938599,117553.68709564209,-0.040065128676325674
2021-04-15,172,0.0,0.0,0.0,MANTIENE,CASH,0.0,0.013399900498097583,104515.27833938599,119128.8948059082,-0.040065128676325674
2021-04-16,173,0.0,0.0,0.0,MANTIENE,CASH,0.0,-0.005909585424410224,104515.27833938599,118424.89242553711,-0.040065128676325674
2021-04-19,174,0.0,0.0,0.0,MANTIENE,CASH,0.0,-0.015543576734915798,104515.27833938599,116584.14602279663,-0.040065128676325674
2021-04-20,175,0.0,0.0,0.0,MANTIENE,CASH,0.0,0.004392733706777063,104515.27833938599,117096.26913070679,-0.040065128676325674
2021-04-21,176,0.0,0.0,0.0,MANTIENE,CASH,0.0,0.008196281549346596,104515.27833938599,118056.02312088013,-0.040065128676325674
2021-04-22,177,0.0,0.0,0.0,MANTIENE,CASH,0.0,-0.002669626770263611,104515.27833938599,117740.85760116577,-0.040065128676325674
2021-04-23,178,0.0,0.0,0.0,MANTIENE,CASH,0.0,0.0010942794436143988,104515.27833938599,117869.69900131226,-0.040065128676325674
2021-04-26,179,0.0,0.0,0.0,MANTIENE,CASH,0.0,-0.0030772803221642553,104515.27833938599,117506.9808959961,-0.040065128676325674
2021-04-27,180,0.0,0.0,0.0,MANTIENE,CASH,0.0,0.0028139836870511026,104515.27833938599,117837.64362335205,-0.040065128676325674
2021-04-28,181,0.0,0.0,0.0,MANTIENE,CASH,0.0,-0.009022919516541217,104515.27833938599,116774.40404891968,-0.040065128676325674
2021-04-29,182,0.0,0.0,0.0,MANTIENE,CASH,0.0,-0.0012069523641229374,104515.27833938599,116633.46290588379,-0.040065128676325674
2021-04-30,183,0.0,0.0,0.0,MANTIENE,CASH,0.0,0.006643857822280719,104515.27833938599,117408.35905075073,-0.040065128676325674
2021-05-03,184,0.0,0.0,0.0,MANTIENE,CASH,0.0,-0.02493946802529856,104515.27833938599,114480.25703430176,-0.040065128676325674
2021-05-04,185,0.0,0.0,0.0,MANTIENE,CASH,0.0,0.02115574854477109,104515.27833938599,116902.1725654602,-0.040065128676325674
2021-05-05,186,0.0,0.0,0.0,MANTIENE,CASH,0.0,0.001711116085153952,104515.27833938599,117102.20575332642,-0.040065128676325674
2021-05-06,187,0.0,0.0,0.0,MANTIENE,CASH,0.0,0.013352206933655797,104515.27833938599,118665.77863693237,-0.040065128676325674
2021-05-07,188,0.0,0.0,0.0,MANTIENE,CASH,0.0,4.942534497542894e-05,104515.27833938599,118671.64373397827,-0.040065128676325674
2021-05-10,189,0.0,0.0,0.0,MANTIENE,CASH,0.0,-0.01822429338559839,104515.27833938599,116508.93688201904,-0.040065128676325674
2021-05-11,190,0.0,0.0,0.0,MANTIENE,CASH,0.0,0.0020152498424819143,104515.27833938599,116743.73149871826,-0.040065128676325674
2021-05-12,191,0.0,0.0,0.0,MANTIENE,CASH,0.0,0.0032646208471329707,104515.27833938599,117124.85551834106,-0.040065128676325674
2021-05-13,192,0.0,0.0,0.0,MANTIENE,CASH,0.0,0.014273987813920197,104515.27833938599,118796.69427871704,-0.040065128676325674
2021-05-14,193,0.0,0.0,0.0,MANTIENE,CASH,0.0,-0.0012984942183390524,104515.27833938599,118642.43745803833,-0.040065128676325674
2021-05-17,194,0.0,0.0,0.0,MANTIENE,CASH,0.0,-0.0006521008045355936,104515.27833938599,118565.07062911987,-0.040065128676325674
2021-05-18,195,0.0,0.0,0.0,MANTIENE,CASH,0.0,-0.017744090841315563,104515.27833938599,116461.24124526978,-0.040065128676325674
2021-05-19,196,0.0,0.0,0.0,MANTIENE,CASH,0.0,0.01698473725870886,104515.27833938599,118439.3048286438,-0.040065128676325674
2021-05-20,197,0.0,0.0,0.0,MANTIENE,CASH,0.0,0.004375360893547509,104515.27833938599,118957.51953125,-0.040065128676325674
2021-05-21,198,0.0,0.0,0.0,MANTIENE,CASH,0.0,0.0,104515.27833938599,118957.51953125,-0.040065128676325674
2021-05-24,199,0.0,0.0,0.0,MANTIENE,CASH,0.0,0.001786573242688494,104515.27833938599,119170.04585266113,-0.040065128676325674
2021-05-25,200,0.0,0.0,0.0,MANTIENE,CASH,0.0,-0.0009292058945804538,104515.27833938599,119059.31234359741,-0.040065128676325674
2021-05-26,201,0.0,0.0,0.0,MANTIENE,CASH,0.0,-0.0028470819137557113,104515.27833938599,118720.34072875977,-0.040065128676325674
2021-05-27,202,0.0,0.0,0.0,MANTIENE,CASH,0.0,0.007350649423676137,104515.27833938599,119593.01233291626,-0.040065128676325674
2021-05-28,203,0.0,0.0,0.0,MANTIENE,CASH,0.0,-0.006369198187952785,104515.27833938599,118831.30073547363,-0.040065128676325674
2021-05-31,204,0.0,0.0,0.0,MANTIENE,CASH,0.0,0.009482467006383777,104515.27833938599,119958.11462402344,-0.040065128676325674
2021-06-01,205,0.0,0.0,0.0,MANTIENE,CASH,0.0,0.0022707361438387696,104515.27833938599,120230.50785064697,-0.040065128676325674
2021-06-02,206,0.0,0.0,0.0,MANTIENE,CASH,0.0,0.00192015083584951,104515.27833938599,120461.36856079102,-0.040065128676325674
2021-06-03,207,0.0,0.0,0.0,MANTIENE,CASH,0.0,0.0038529318858169237,104515.27833938599,120925.49800872803,-0.040065128676325674
2021-06-04,208,0.0,0.0,0.0,MANTIENE,CASH,0.0,-0.0010036508403123978,104515.27833938599,120804.13103103638,-0.040065128676325674
2021-06-07,209,0.0,0.0,0.0,MANTIENE,CASH,0.0,-0.002331507921275233,104515.27833938599,120522.47524261475,-0.040065128676325674
2021-06-08,210,0.0,0.0,0.0,MANTIENE,CASH,0.0,-0.0038016220913659193,104515.27833938599,120064.29433822632,-0.040065128676325674
2021-06-09,211,0.0,0.0,0.0,MANTIENE,CASH,0.0,-0.0006366338708878594,104515.27833938599,119987.85734176636,-0.040065128676325674
2021-06-10,212,0.0,0.0,0.0,MANTIENE,CASH,0.0,0.007838108529383714,104515.27833938599,120928.33518981934,-0.040065128676325674
2021-06-11,213,0.0,0.0,0.0,MANTIENE,CASH,0.0,-0.001250862068625569,104515.27833938599,120777.07052230835,-0.040065128676325674
2021-06-14,214,0.0,0.0,0.0,MANTIENE,CASH,0.0,0.003565212112897287,104515.27833938599,121207.66639709473,-0.040065128676325674
2021-06-15,215,0.0,0.0,0.0,MANTIENE,CASH,0.0,-0.001204606459161206,104515.27833938599,121061.65885925293,-0.040065128676325674
2021-06-16,216,0.0,0.0,0.0,MANTIENE,CASH,0.0,0.0010883877602707592,104515.27833938599,121193.42088699341,-0.040065128676325674
2021-06-17,217,0.0,0.0,0.0,MANTIENE,CASH,0.0,-0.017779476613300593,104515.27833938599,119038.66529464722,-0.040065128676325674
2021-06-18,218,0.0,0.0,0.0,MANTIENE,CASH,0.0,0.01004657966948086,104515.27833938599,120234.59672927856,-0.040065128676325674
2021-06-21,219,0.0,0.0,0.0,MANTIENE,CASH,0.0,0.0021206604118635397,104515.27833938599,120489.57347869873,-0.040065128676325674
2021-06-22,220,0.0,0.0,0.0,MANTIENE,CASH,0.0,-0.011507808438927625,104515.27833938599,119103.00254821777,-0.040065128676325674
2021-06-23,221,0.0,0.0,0.0,MANTIENE,CASH,0.0,0.008594562912292547,104515.27833938599,120126.64079666138,-0.040065128676325674
2021-06-24,222,0.0,0.0,0.0,MANTIENE,CASH,0.0,0.0012020498656686307,104515.27833938599,120271.03900909424,-0.040065128676325674
2021-06-25,223,0.0,0.0,0.0,MANTIENE,CASH,0.0,-0.0034463051386520727,104515.27833938599,119856.54830932617,-0.040065128676325674
2021-06-28,224,0.0,0.0,0.0,MANTIENE,CASH,0.0,0.00876998250300165,104515.27833938599,120907.68814086914,-0.040065128676325674
2021-06-29,225,0.0,0.0,0.0,MANTIENE,CASH,0.0,-0.010168526962657576,104515.27833938599,119678.23505401611,-0.040065128676325674
2021-06-30,226,0.0,0.0,0.0,MANTIENE,CASH,0.0,0.0046854683047825585,104515.27833938599,120238.98363113403,-0.040065128676325674
2021-07-01,227,0.0,0.0,0.0,MANTIENE,CASH,0.0,0.0029659807480921785,104515.27833938599,120595.61014175415,-0.040065128676325674
2021-07-02,228,0.0,0.0,0.0,MANTIENE,CASH,0.0,0.0007590725179669189,104515.27833938599,120687.1509552002,-0.040065128676325674
2021-07-05,229,0.0,0.0,0.0,MANTIENE,CASH,0.0,-0.00961500091070977,104515.27833938599,119526.74388885498,-0.040065128676325674
2021-07-06,230,0.0,0.0,0.0,MANTIENE,CASH,0.0,0.011690069345333454,104515.27833938599,120924.0198135376,-0.040065128676325674
2021-07-07,231,0.0,0.0,0.0,MANTIENE,CASH,0.0,-0.0173373165709797,104515.27833938599,118827.52180099487,-0.040065128676325674
2021-07-08,232,0.0,0.0,0.0,MANTIENE,CASH,0.0,0.017333309925035012,104515.27833938599,120887.19606399536,-0.040065128676325674
2021-07-09,233,0.0,0.0,0.0,MANTIENE,CASH,0.0,0.006538764922092044,104515.27833938599,121677.64902114868,-0.040065128676325674
2021-07-12,234,0.0,0.0,0.0,MANTIENE,CASH,0.0,-5.515789510812663e-05,104515.27833938599,121670.93753814697,-0.040065128676325674
2021-07-13,235,0.0,0.0,0.0,MANTIENE,CASH,0.0,-4.17381162470809e-05,104515.27833938599,121665.85922241211,-0.040065128676325674
2021-07-14,236,0.0,0.0,0.0,MANTIENE,CASH,0.0,-0.010090561775382367,104515.27833938599,120438.18235397339,-0.040065128676325674
2021-07-15,237,0.0,0.0,0.0,MANTIENE,CASH,0.0,-0.005716767558271996,104515.27833938599,119749.66526031494,-0.040065128676325674
2021-07-16,238,0.0,0.0,0.0,MANTIENE,CASH,0.0,-0.026196949229144284,104515.27833938599,116612.58935928345,-0.040065128676325674
2021-07-19,239,0.0,0.0,0.0,MANTIENE,CASH,0.0,0.005489168919829979,104515.27833938599,117252.69556045532,-0.040065128676325674
2021-07-20,240,0.0,0.0,0.0,MANTIENE,CASH,0.0,0.013553250861718436,104515.27833938599,118841.85075759888,-0.040065128676325674
2021-07-21,241,0.0,0.0,0.0,MANTIENE,CASH,0.0,0.0059679951514552965,104515.27833938599,119551.0983467102,-0.040065128676325674
2021-07-22,242,0.0,0.0,0.0,MANTIENE,CASH,0.0,0.009974500115818019,104515.27833938599,120743.56079101562,-0.040065128676325674
2021-07-23,243,0.0,0.0,0.0,MANTIENE,CASH,0.0,-0.003210776028206519,104515.27833938599,120355.88026046753,-0.040065128676325674
2021-07-26,244,0.0,0.0,0.0,MANTIENE,CASH,0.0,-0.00639281201618469,104515.27833938599,119586.46774291992,-0.040065128676325674
2021-07-27,245,0.0,0.0,0.0,MANTIENE,CASH,0.0,0.0033010554605228393,104515.27833938599,119981.22930526733,-0.040065128676325674
2021-07-28,246,0.0,0.0,0.0,MANTIENE,CASH,0.0,0.004502742490999578,104515.27833938599,120521.47388458252,-0.040065128676325674
2021-07-29,247,0.0,0.0,0.0,MANTIENE,CASH,0.0,-0.00614298174276473,104515.27833938599,119781.11267089844,-0.040065128676325674
2021-07-30,248,0.0,0.0,0.0,MANTIENE,CASH,0.0,0.0015658887448686265,104515.27833938599,119968.67656707764,-0.040065128676325674
2021-08-02,249,0.0,0.0,0.0,MANTIENE,CASH,0.0,-0.0008768145161690555,104515.27833938599,119863.48628997803,-0.040065128676325674
2021-08-03,250,0.0,0.0,0.0,MANTIENE,CASH,0.0,0.008810648920852149,104515.27833938599,120919.5613861084,-0.040065128676325674
2021-08-04,251,0.0,0.0,0.0,MANTIENE,CASH,0.0,0.003348164552793964,104515.27833938599,121324.41997528076,-0.040065128676325674
2021-08-05,252,0.0,0.0,0.0,MANTIENE,CASH,0.0,0.0010657896934687106,104515.27833938599,121453.7262916565,-0.040065128676325674
2021-08-06,253,0.0,0.0,0.0,MANTIENE,CASH,0.0,-0.0010177383280803864,104515.27833938599,121330.11817932129,-0.040065128676325674
2021-08-09,254,0.0,0.0,0.0,MANTIENE,CASH,0.0,0.0016068135023425967,104515.27833938599,121525.07305145264,-0.040065128676325674
2021-08-10,255,0.0,0.0,0.0,MANTIENE,CASH,0.0,0.0035115832808692016,104515.27833938599,121951.81846618652,-0.040065128676325674
2021-08-11,256,0.0,0.0,0.0,MANTIENE,CASH,0.0,0.007040232413104031,104515.27833938599,122810.38761138916,-0.040065128676325674
2021-08-12,257,0.0,0.0,0.0,MANTIENE,CASH,0.0,0.0025055129633020368,104515.27833938599,123118.09062957764,-0.040065128676325674
2021-08-13,258,0.0,0.0,0.0,MANTIENE,CASH,0.0,-0.0032364778337190536,104515.27833938599,122719.6216583252,-0.040065128676325674
2021-08-16,259,0.0,0.0,0.0,MANTIENE,CASH,0.0,-0.00023740906280922403,104515.27833938599,122690.48690795898,-0.040065128676325674
2021-08-17,260,0.0,0.0,0.0,MANTIENE,CASH,0.0,0.002764762305256907,104515.27833938599,123029.69694137573,-0.040065128676325674
2021-08-18,261,0.0,0.0,0.0,MANTIENE,CASH,0.0,-0.012536724312892877,104515.27833938599,121487.30754852295,-0.040065128676325674
2021-08-19,262,0.0,0.0,0.0,MANTIENE,CASH,0.0,0.0026786133068736895,104515.27833938599,121812.72506713867,-0.040065128676325674
2021-08-20,263,0.0,0.0,0.0,MANTIENE,CASH,0.0,0.0028308759342956513,104515.27833938599,122157.56177902222,-0.040065128676325674
2021-08-23,264,0.0,0.0,0.0,MANTIENE,CASH,0.0,0.0033470217917486167,104515.27833938599,122566.42580032349,-0.040065128676325674
2021-08-24,265,0.0,0.0,0.0,MANTIENE,CASH,0.0,-0.002841090073672281,104515.27833938599,122218.2035446167,-0.040065128676325674
2021-08-25,266,0.0,0.0,0.0,MANTIENE,CASH,0.0,-0.004226812711084604,104515.27833938599,121701.61008834839,-0.040065128676325674
2021-08-26,267,0.0,0.0,0.0,MANTIENE,CASH,0.0,0.003680648317559987,104515.27833938599,122149.5509147644,-0.040065128676325674
2021-08-27,268,0.0,0.0,0.0,MANTIENE,CASH,0.0,0.0022432704083590327,104515.27833938599,122423.56538772583,-0.040065128676325674
2021-08-30,269,0.0,0.0,0.0,MANTIENE,CASH,0.0,-0.0032868750032255534,104515.27833938599,122021.17443084717,-0.040065128676325674
2021-08-31,270,0.0,0.0,0.0,MANTIENE,CASH,0.0,-0.0006821105136266548,104515.27833938599,121937.94250488281,-0.040065128676325674
2021-09-01,271,0.0,0.0,0.0,MANTIENE,CASH,0.0,0.0010301209436482939,104515.27833938599,122063.55333328247,-0.040065128676325674
2021-09-02,272,0.0,0.0,0.0,MANTIENE,CASH,0.0,-0.0037492310365232484,104515.27833938599,121605.90887069702,-0.040065128676325674
2021-09-03,273,0.0,0.0,0.0,MANTIENE,CASH,0.0,0.009563237798331015,104515.27833938599,122768.85509490967,-0.040065128676325674
2021-09-06,274,0.0,0.0,0.0,MANTIENE,CASH,0.0,-0.005588042178168329,104515.27833938599,122082.81755447388,-0.040065128676325674
2021-09-07,275,0.0,0.0,0.0,MANTIENE,CASH,0.0,-0.014694686061945461,104515.27833938599,120288.84887695312,-0.040065128676325674
2021-09-08,276,0.0,0.0,0.0,MANTIENE,CASH,0.0,0.0008244339263627776,104515.27833938599,120388.01908493042,-0.040065128676325674
2021-09-09,277,0.0,0.0,0.0,MANTIENE,CASH,0.0,-0.0008539561668181594,104515.27833938599,120285.21299362183,-0.040065128676325674
2021-09-10,278,0.0,0.0,0.0,MANTIENE,CASH,0.0,0.005868830867009844,104515.27833938599,120991.14656448364,-0.040065128676325674
2021-09-13,279,0.0,0.0,0.0,MANTIENE,CASH,0.0,0.0013737659088308707,104515.27833938599,121157.3600769043,-0.040065128676325674
2021-09-14,280,0.0,0.0,0.0,MANTIENE,CASH,0.0,-0.006804700309423484,104515.27833938599,120332.92055130005,-0.040065128676325674
2021-09-15,281,0.0,0.0,0.0,MANTIENE,CASH,0.0,0.0022893215419421686,104515.27833938599,120608.40129852295,-0.040065128676325674
2021-09-16,282,0.0,0.0,0.0,MANTIENE,CASH,0.0,-0.010323437938293378,104515.27833938599,119363.30795288086,-0.040065128676325674
2021-09-17,283,0.0,0.0,0.0,MANTIENE,CASH,0.0,-0.023118630729098033,104515.27833938599,116603.7917137146,-0.040065128676325674
2021-09-20,284,0.0,0.0,0.0,MANTIENE,CASH,0.0,0.01430546744930572,104515.27833938599,118271.86346054077,-0.040065128676325674
2021-09-21,285,0.0,0.0,0.0,MANTIENE,CASH,0.0,0.010307857902185358,104515.27833938599,119490.9930229187,-0.040065128676325674
2021-09-22,286,0.0,0.0,0.0,MANTIENE,CASH,0.0,0.008849687303932097,104515.27833938599,120548.45094680786,-0.040065128676325674
2021-09-23,287,0.0,0.0,0.0,MANTIENE,CASH,0.0,-0.007173415996717725,104515.27833938599,119683.7067604065,-0.040065128676325674
2021-09-24,288,0.0,0.0,0.0,MANTIENE,CASH,0.0,0.0027125050436775933,104515.27833938599,120008.34941864014,-0.040065128676325674
2021-09-27,289,0.0,0.0,0.0,MANTIENE,CASH,0.0,-0.020888782490963043,104515.27833938599,117501.52111053467,-0.040065128676325674
2021-09-28,290,0.0,0.0,0.0,MANTIENE,CASH,0.0,0.007653746034947506,104515.27833938599,118400.84791183472,-0.040065128676325674
2021-09-29,291,0.0,0.0,0.0,MANTIENE,CASH,0.0,-0.006806157317077233,104515.27833938599,117594.99311447144,-0.040065128676325674
2021-09-30,292,0.0,0.0,0.0,MANTIENE,CASH,0.0,-0.006831307517003005,104515.27833938599,116791.66555404663,-0.040065128676325674
2021-10-01,293,0.0,0.0,0.0,MANTIENE,CASH,0.0,-0.007910223283296935,104515.27833938599,115867.81740188599,-0.040065128676325674
2021-10-04,294,0.0,0.0,0.0,MANTIENE,CASH,0.0,0.01050382537644956,104515.27833938599,117084.87272262573,-0.040065128676325674
2021-10-05,295,0.0,0.0,0.0,MANTIENE,CASH,0.0,-0.014555288337941619,104515.27833938599,115380.66864013672,-0.040065128676325674
2021-10-06,296,0.0,0.0,0.0,MANTIENE,CASH,0.0,0.018534984386545883,104515.27833938599,117519.24753189087,-0.040065128676325674
2021-10-07,297,0.0,0.0,0.0,MANTIENE,CASH,0.0,-0.0029329811673070028,104515.27833938599,117174.56579208374,-0.040065128676325674
2021-10-08,298,0.0,0.0,0.0,MANTIENE,CASH,0.0,-0.00045974719499786154,104515.27833938599,117120.69511413574,-0.040065128676325674
2021-10-11,299,0.0,0.0,0.0,MANTIENE,CASH,0.0,-0.0034389518113149276,104515.27833938599,116717.92268753052,-0.040065128676325674
2021-10-12,300,0.0,0.0,0.0,MANTIENE,CASH,0.0,0.006767739668097628,104515.27833938599,117507.83920288086,-0.040065128676325674
2021-10-13,301,0.0,0.0,0.0,MANTIENE,CASH,0.0,0.013990077579273397,104515.27833938599,119151.78298950195,-0.040065128676325674
2021-10-14,302,0.0,0.0,0.0,MANTIENE,CASH,0.0,0.008060688476120959,104515.27833938599,120112.22839355469,-0.040065128676325674
2021-10-15,303,0.0,0.0,0.0,MANTIENE,CASH,0.0,-0.007242442840945551,104515.27833938599,119242.32244491577,-0.040065128676325674
2021-10-18,304,0.0,0.0,0.0,MANTIENE,CASH,0.0,0.0026727593783761883,104515.27833938599,119561.02848052979,-0.040065128676325674
2021-10-19,305,0.0,0.0,0.0,MANTIENE,CASH,0.0,0.0004569517182602123,104515.27833938599,119615.66209793091,-0.040065128676325674
2021-10-20,306,0.0,0.0,0.0,MANTIENE,CASH,0.0,-0.0032442407078510094,104515.27833938599,119227.60009765625,-0.040065128676325674
2021-10-21,307,0.0,0.0,0.0,MANTIENE,CASH,0.0,0.00455140090482109,104515.27833938599,119770.25270462036,-0.040065128676325674
2021-10-22,308,0.0,0.0,0.0,MANTIENE,CASH,0.0,0.003618970211874073,104515.27833938599,120203.697681427,-0.040065128676325674
2021-10-25,309,0.0,0.0,0.0,MANTIENE,CASH,0.0,0.01011770117213251,104515.27833938599,121419.88277435303,-0.040065128676325674
2021-10-26,310,0.0,0.0,0.0,MANTIENE,CASH,0.0,-0.0032524865400976877,104515.27833938599,121024.9662399292,-0.040065128676325674
2021-10-27,311,0.0,0.0,0.0,MANTIENE,CASH,0.0,-0.0006035079701073309,104515.27833938599,120951.92670822144,-0.040065128676325674
2021-10-28,312,0.0,0.0,0.0,MANTIENE,CASH,0.0,-0.0004817575239870475,104515.27833938599,120893.65720748901,-0.040065128676325674
2021-10-29,313,0.0,0.0,0.0,MANTIENE,CASH,0.0,0.007490759316241213,104515.27833938599,121799.24249649048,-0.040065128676325674
2021-11-01,314,0.0,0.0,0.0,MANTIENE,CASH,0.0,0.009373549329903641,104515.27833938599,122940.93370437622,-0.040065128676325674
2021-11-02,315,0.0,0.0,0.0,MANTIENE,CASH,0.0,0.00034655178549325427,104515.27833938599,122983.53910446167,-0.040065128676325674
2021-11-03,316,0.0,0.0,0.0,MANTIENE,CASH,0.0,0.004365291805726423,104515.27833938599,123520.39813995361,-0.040065128676325674
2021-11-04,317,0.0,0.0,0.0,MANTIENE,CASH,0.0,0.0015415510398835153,104515.27833938599,123710.81113815308,-0.040065128676325674
2021-11-05,318,0.0,0.0,0.0,MANTIENE,CASH,0.0,-0.0004883588377483372,104515.27833938599,123650.39587020874,-0.040065128676325674
2021-11-08,319,0.0,0.0,0.0,MANTIENE,CASH,0.0,-0.00037705300347157245,104515.27833938599,123603.77311706543,-0.040065128676325674
2021-11-09,320,0.0,0.0,0.0,MANTIENE,CASH,0.0,0.0017057209839366205,104515.27833938599,123814.60666656494,-0.040065128676325674
2021-11-10,321,0.0,0.0,0.0,MANTIENE,CASH,0.0,0.0009509622366801196,104515.27833938599,123932.34968185425,-0.040065128676325674
2021-11-11,322,0.0,0.0,0.0,MANTIENE,CASH,0.0,0.0006814990748060801,104515.27833938599,124016.80946350098,-0.040065128676325674
2021-11-12,323,0.0,0.0,0.0,MANTIENE,CASH,0.0,0.0033906601030981864,104515.27833938599,124437.3083114624,-0.040065128676325674
2021-11-15,324,0.0,0.0,0.0,MANTIENE,CASH,0.0,0.006144143664287727,104515.27833938599,125201.8690109253,-0.040065128676325674
2021-11-16,325,0.0,0.0,0.0,MANTIENE,CASH,0.0,0.00020128169020261488,104515.27833938599,125227.06985473633,-0.040065128676325674
2021-11-17,326,0.0,0.0,0.0,MANTIENE,CASH,0.0,-0.001809076377216945,104515.27833938599,125000.52452087402,-0.040065128676325674
2021-11-18,327,0.0,0.0,0.0,MANTIENE,CASH,0.0,-0.0038073379971625965,104515.27833938599,124524.60527420044,-0.040065128676325674
2021-11-19,328,0.0,0.0,0.0,MANTIENE,CASH,0.0,-0.0027400273849568224,104515.27833938599,124183.4044456482,-0.040065128676325674
2021-11-22,329,0.0,0.0,0.0,MANTIENE,CASH,0.0,-0.01108794549506742,104515.27833938599,122806.46562576294,-0.040065128676325674
2021-11-23,330,0.0,0.0,0.0,MANTIENE,CASH,0.0,-0.0036776265165744393,104515.27833938599,122354.82931137085,-0.040065128676325674
2021-11-24,331,0.0,0.0,0.0,MANTIENE,CASH,0.0,0.002493309782755304,104515.27833938599,122659.89780426025,-0.040065128676325674
2021-11-25,332,0.0,0.0,0.0,MANTIENE,CASH,0.0,-0.041521623393574236,104515.27833938599,117566.85972213745,-0.040065128676325674
2021-11-26,333,0.25,0.0,0.25,COMPRA,LONG,0.0001402928150575633,0.0015613112784003125,104529.94108200073,117750.41818618774,-0.03993045671095586
2021-11-29,334,0.0,0.25,-0.25,VENDE,CASH,-0.0002499826939443839,-0.011827240587586774,104503.8104057312,116357.75566101074,-0.040170457481761256
2021-11-30,335,0.0,0.0,0.0,MANTIENE,CASH,0.0,0.024671348525263648,104503.8104057312,119228.45840454102,-0.040170457481761256
2021-12-01,336,0.0,0.0,0.0,MANTIENE,CASH,0.0,-0.013543922137320363,104503.8104057312,117613.63744735718,-0.040170457481761256
2021-12-02,337,0.0,0.0,0.0,MANTIENE,CASH,0.0,-0.006101571363167357,104503.8104057312,116896.00944519043,-0.040170457481761256
2021-12-03,338,0.0,0.0,0.0,MANTIENE,CASH,0.0,0.013896463656547953,104503.8104057312,118520.45059204102,-0.040170457481761256
2021-12-06,339,0.0,0.0,0.0,MANTIENE,CASH,0.0,0.028161729739124564,104503.8104057312,121858.19149017334,-0.040170457481761256
2021-12-07,340,0.0,0.0,0.0,MANTIENE,CASH,0.0,-0.008021360555637402,104503.8104057312,120880.72299957275,-0.040170457481761256
2021-12-08,341,0.0,0.0,0.0,MANTIENE,CASH,0.0,-0.003049049280044458,104503.8104057312,120512.15171813965,-0.040170457481761256
2021-12-09,342,0.0,0.0,0.0,MANTIENE,CASH,0.0,-0.0010198538136992896,104503.8104057312,120389.2469406128,-0.040170457481761256
2021-12-10,343,0.0,0.0,0.0,MANTIENE,CASH,0.0,-0.00010179243808927652,104503.8104057312,120376.99222564697,-0.040170457481761256
2021-12-13,344,0.0,0.0,0.0,MANTIENE,CASH,0.0,-0.010764457829774199,104503.8104057312,119081.19916915894,-0.040170457481761256
2021-12-14,345,0.0,0.0,0.0,MANTIENE,CASH,0.0,0.001474684548547378,104503.8104057312,119256.80637359619,-0.040170457481761256
2021-12-15,346,0.0,0.0,0.0,MANTIENE,CASH,0.0,0.010341677807226057,104503.8104057312,120490.12184143066,-0.040170457481761256
2021-12-16,347,0.0,0.0,0.0,MANTIENE,CASH,0.0,-0.006696549592557721,104503.8104057312,119683.2537651062,-0.040170457481761256
2021-12-17,348,0.0,0.0,0.0,MANTIENE,CASH,0.0,-0.018801646533547323,104503.8104057312,117433.01153182983,-0.040170457481761256
2021-12-20,349,0.0,0.0,0.0,MANTIENE,CASH,0.0,0.013633546662037643,104503.8104057312,119034.03997421265,-0.040170457481761256
2021-12-21,350,0.0,0.0,0.0,MANTIENE,CASH,0.0,0.00945329729234956,104503.8104057312,120159.30414199829,-0.040170457481761256
2021-12-22,351,0.0,0.0,0.0,MANTIENE,CASH,0.0,0.010442877575735698,104503.8104057312,121414.11304473877,-0.040170457481761256
2021-12-23,352,0.0,0.0,0.0,MANTIENE,CASH,0.0,0.0,104503.8104057312,121414.11304473877,-0.040170457481761256
2021-12-24,353,0.0,0.0,0.0,MANTIENE,CASH,0.0,0.005010037355102526,104503.8104057312,122022.40228652954,-0.040170457481761256
2021-12-27,354,0.0,0.0,0.0,MANTIENE,CASH,0.0,0.008111679769628344,104503.8104057312,123012.20893859863,-0.040170457481761256
2021-12-28,355,0.0,0.0,0.0,MANTIENE,CASH,0.0,-0.0069814823357119415,104503.8104057312,122153.4013748169,-0.040170457481761256
2021-12-29,356,0.0,0.0,0.0,MANTIENE,CASH,0.0,0.002057095902496142,104503.8104057312,122404.68263626099,-0.040170457481761256
2021-12-30,357,0.0,0.0,0.0,MANTIENE,CASH,0.0,0.0,104503.8104057312,122404.68263626099,-0.040170457481761256
2021-12-31,358,0.0,0.0,0.0,MANTIENE,CASH,0.0,0.0085535236538119,104503.8104057312,123451.67398452759,-0.040170457481761256
2022-01-03,359,0.0,0.0,0.0,MANTIENE,CASH,0.0,0.008231750917860436,104503.8104057312,124467.89741516113,-0.040170457481761256
2022-01-04,360,0.25,0.0,0.25,COMPRA,LONG,0.001593924084132503,0.0073759300243920745,104670.38154602051,125385.96391677856,-0.0386405620572796
2022-01-05,361,0.25,0.25,0.0,MANTIENE,LONG,-0.0033758189273640493,-0.013503151746359632,104317.03329086304,123692.85821914673,-0.04188593744388668
2022-01-06,362,0.75,0.25,0.5,COMPRA,LONG,-0.005372798459377215,-0.0064970404609280274,103756.55889511108,122889.22071456909,-0.047033691203095834
2022-01-07,363,0.75,0.75,0.0,MANTIENE,LONG,-0.008440288423435915,-0.011253606785339931,102880.82361221313,121506.27374649048,-0.05507700170715877
2022-01-10,364,0.75,0.75,0.0,MANTIENE,LONG,0.008254319766857865,0.011005637866764229,103730.03482818604,122843.52779388428,-0.04727730512419164
2022-01-11,365,1.0,0.75,0.25,COMPRA,LONG,0.004047460290207194,0.004297485982830196,104149.87802505493,123371.44613265991,-0.04342119784910258
2022-01-12,366,1.0,1.0,0.0,MANTIENE,LONG,0.0013284153959292055,0.001328515287298604,104288.23232650757,123535.34698486328,-0.04215046384090577
2022-01-13,367,1.0,1.0,0.0,MANTIENE,LONG,-0.009253536474557289,-0.009253590888106955,103323.19736480713,122392.20142364502,-0.0510139594608917
2022-01-14,368,1.0,1.0,0.0,MANTIENE,LONG,0.003178123764764784,0.003178142947668716,103651.57127380371,122781.18133544922,-0.04799796437302426
2022-01-17,369,0.0,1.0,-1.0,VENDE,CASH,-0.001000008740731917,-0.010114341949304606,103547.9187965393,121539.33048248291,-0.04894997472984585
2022-01-18,370,1.0,0.0,1.0,COMPRA,LONG,0.001356054508809379,0.002355951051929095,103688.33541870117,121825.67119598389,-0.04766029905497507
2022-01-19,371,1.0,1.0,0.0,MANTIENE,LONG,0.006490336637998029,0.006490351072726108,104361.3076210022,122616.36257171631,-0.04147929380211148
2022-01-20,372,1.0,1.0,0.0,MANTIENE,LONG,-0.01938428876432252,-0.019384382711476356,102338.3378982544,120239.52007293701,-0.06005953595763373
2022-01-21,373,0.0,1.0,-1.0,VENDE,CASH,-0.0010000277235407973,-0.03798730610319501,102235.99672317505,115671.9446182251,-0.06099950248015395
2022-01-24,374,1.0,0.0,1.0,COMPRA,LONG,0.006510360035712814,0.007510460910790329,102901.58987045288,116540.69423675537,-0.05488627116758623
2022-01-25,375,1.0,1.0,0.0,MANTIENE,LONG,0.022184749301176643,0.022184722766915632,105184.43584442139,119126.11722946167,-0.03391916003233879
2022-01-26,376,1.0,1.0,0.0,MANTIENE,LONG,0.004196742566167089,0.004196828126984187,105625.86784362793,119626.06906890869,-0.029864767448888156
2022-01-27,377,0.0,1.0,-1.0,VENDE,CASH,-0.0009999390556332255,-0.013225760097546946,105520.24841308594,118043.92337799072,-0.03083484355716179
2022-01-28,378,0.5,0.0,0.5,COMPRA,LONG,0.004469434050937249,0.00993875932339372,105991.86420440674,119217.13352203369,-0.026503223805974266
2022-01-31,379,0.0,0.5,-0.5,VENDE,CASH,-0.0005000426262157243,0.009578369743270976,105938.86375427246,120359.03930664062,-0.02699001369055492
2022-02-01,380,1.0,0.0,1.0,COMPRA,LONG,-0.0013597701578836885,-0.0003598295162813292,105794.8112487793,120315.73057174683,-0.028313083633261304
2022-02-02,381,1.0,1.0,0.0,MANTIENE,LONG,-0.01571048164717903,-0.01571048315063739,104132.72380828857,118425.51231384277,-0.04357875309964499
2022-02-03,382,1.0,1.0,0.0,MANTIENE,LONG,-0.017497538145860414,-0.01749754284469529,102310.6575012207,116353.35683822632,-0.060313770350795284
2022-02-04,383,1.0,1.0,0.0,MANTIENE,LONG,0.007091689542833901,0.007091595480402724,103036.21292114258,117178.48777770996,-0.05364980734244694
2022-02-07,384,1.0,1.0,0.0,MANTIENE,LONG,0.0023503743475874472,0.00235033944260854,103278.38659286499,117453.89699935913,-0.05142553012579019
2022-02-08,385,1.0,1.0,0.0,MANTIENE,LONG,0.015721374635703667,0.015721300871726518,104902.06480026245,119300.42505264282,-0.036512635515033774
2022-02-09,386,1.0,1.0,0.0,MANTIENE,LONG,0.0005445564075550191,0.0005445836657875791,104959.18989181519,119365.394115448,-0.035987962297105186
2022-02-10,387,1.0,1.0,0.0,MANTIENE,LONG,-0.0042167658665370755,-0.004216877998261315,104516.6015625,118862.04481124878,-0.04005297535262157
2022-02-11,388,1.0,1.0,0.0,MANTIENE,LONG,-0.020171684295433256,-0.020171658022654193,102408.32567214966,116464.40029144287,-0.059416723674149026
2022-02-14,389,1.0,1.0,0.0,MANTIENE,LONG,0.019765830992896527,0.019765823908144187,104432.51132965088,118766.41511917114,-0.04082531359954733
2022-02-15,390,1.0,1.0,0.0,MANTIENE,LONG,-0.001079626876933304,-0.0010796108623145617,104319.76318359375,118638.19360733032,-0.04186086437065929
2022-02-16,391,0.0,1.0,-1.0,VENDE,CASH,-0.001000002742551187,-0.008342365771702442,104215.44313430786,117648.47040176392,-0.0428190061340343
2022-02-17,392,0.0,0.0,0.0,MANTIENE,CASH,0.0,-0.014744957199103625,104215.44313430786,115913.7487411499,-0.0428190061340343
2022-02-18,393,0.25,0.0,0.25,COMPRA,LONG,-0.005425163502426389,-0.020700670022779755,103650.05731582642,113514.25647735596,-0.04801186952717221
2022-02-21,394,0.0,0.25,-0.25,VENDE,CASH,-0.0002500345896516709,-0.00258772439249233,103624.14121627808,113220.51286697388,-0.048249899488728286
2022-02-22,395,1.0,0.0,1.0,COMPRA,LONG,-0.005195094737227235,-0.004195154051670813,103085.8039855957,112745.53537368774,-0.05319433142704984
2022-02-23,396,1.0,1.0,0.0,MANTIENE,LONG,-0.0395903353861895,-0.03959036480121503,99004.60243225098,108281.89849853516,-0.09067868539139834
2022-02-24,397,1.0,1.0,0.0,MANTIENE,LONG,0.03665864429457155,0.036658635850409294,102633.97693634033,112251.36518478394,-0.05734419876968948
2022-02-25,398,1.0,1.0,0.0,MANTIENE,LONG,-0.007291079383596966,-0.007291059454498594,101885.66446304321,111432.93380737305,-0.06421717704786789
2022-02-28,399,1.0,1.0,0.0,MANTIENE,LONG,-0.03845994092050242,-0.03845995024215654,97967.14782714844,107147.22871780396,-0.10020732913302788
2022-03-01,400,1.0,1.0,0.0,MANTIENE,LONG,0.006850931117730719,0.006850900868375698,98638.31400871277,107881.2837600708,-0.09404291152467935
2022-03-02,401,1.0,1.0,0.0,MANTIENE,LONG,-0.021550553355559,-0.021550568646296675,96512.60375976562,105556.38074874878,-0.1135667880977136
2022-03-03,402,1.0,1.0,0.0,MANTIENE,LONG,-0.0440825319562691,-0.044082522851395134,92258.08382034302,100903.1891822815,-0.1526430084884944
2022-03-04,403,1.0,1.0,0.0,MANTIENE,LONG,-0.019847156716696568,-0.019847187736173777,90427.02317237854,98900.5446434021,-0.1694606354940118
2022-03-07,404,1.0,1.0,0.0,MANTIENE,LONG,-0.0002446751354232557,-0.00024468506079577956,90404.89792823792,98876.34515762329,-0.16966384782549668
2022-03-08,405,1.0,1.0,0.0,MANTIENE,LONG,0.07921278661341669,0.07921284720476551,97566.12181663513,106708.62197875977,-0.10389060738589233
2022-03-09,406,1.0,1.0,0.0,MANTIENE,LONG,-0.029306160794517422,-0.0293062468217149,94706.83336257935,103581.39276504517,-0.13015213333531875
2022-03-10,407,1.0,1.0,0.0,MANTIENE,LONG,0.013837916014492802,0.013837897111037778,96017.37856864929,105014.74142074585,-0.11811525161102707
2022-03-11,408,1.0,1.0,0.0,MANTIENE,LONG,0.02208672482902929,0.022086721097933637,98138.08798789978,107334.17272567749,-0.09863730584244212
2022-03-14,409,1.0,1.0,0.0,MANTIENE,LONG,-0.000850053863265865,-0.000850081459661145,98054.66532707214,107242.92993545532,-0.09940351268281446
2022-03-15,410,1.0,1.0,0.0,MANTIENE,LONG,0.03761308766973226,0.03761303814315142,101742.80405044556,111276.66234970093,-0.0655292980503003
2022-03-16,411,1.0,1.0,0.0,MANTIENE,LONG,-0.0036480036743663513,-0.0036480550830285674,101371.6459274292,110870.71895599365,-0.06893825060460049
2022-03-17,412,1.0,1.0,0.0,MANTIENE,LONG,0.0017396018424986615,0.0017396895439067972,101547.99222946167,111063.59958648682,-0.06731857386987228
2022-03-18,413,1.0,1.0,0.0,MANTIENE,LONG,-0.005975138942318603,-0.0059751907598084575,100941.22886657715,110399.97339248657,-0.07289147497991964
2022-03-21,414,1.0,1.0,0.0,MANTIENE,LONG,0.010206713524692601,0.010206757980572467,101971.50707244873,111526.79920196533,-0.0634287438587394
2022-03-22,415,1.0,1.0,0.0,MANTIENE,LONG,-0.013096578321929342,-0.013096616702007569,100636.02924346924,110066.17546081543,-0.07569462266886112
2022-03-23,416,1.0,1.0,0.0,MANTIENE,LONG,-0.0006903608426571672,-0.0006903483367305396,100566.55406951904,109990.19145965576,-0.07633272690802803
2022-03-24,417,1.0,1.0,0.0,MANTIENE,LONG,0.0022396514801685807,0.0022397087739141064,100791.78810119629,110236.53745651245,-0.07426403413266437
2022-03-25,418,1.0,1.0,0.0,MANTIENE,LONG,0.007801748261507813,0.007801835582257333,101578.14025878906,111096.58479690552,-0.06704167517034361
2022-03-28,419,1.0,1.0,0.0,MANTIENE,LONG,0.027949562680025908,0.027949589766871563,104417.20485687256,114201.68876647949,-0.04096589799266508
2022-03-29,420,1.0,1.0,0.0,MANTIENE,LONG,-0.01445848056032839,-0.01445855774341609,102907.49073028564,112550.49705505371,-0.054832073913230084
2022-03-30,421,1.0,1.0,0.0,MANTIENE,LONG,-0.013097239665978755,-0.013097288331628043,101559.6866607666,111076.39074325562,-0.06721116476578465
2022-03-31,422,1.0,1.0,0.0,MANTIENE,LONG,0.002201199984412039,0.002201279427261671,101783.23984146118,111320.90091705322,-0.06515790999620728
2022-04-01,423,1.0,1.0,0.0,MANTIENE,LONG,0.004961703272950979,0.004961730615314908,102288.25807571411,111873.24523925781,-0.060519500938543164
2022-04-04,424,1.0,1.0,0.0,MANTIENE,LONG,-0.006460882918960631,-0.006460898526608694,101627.38561630249,111150.44355392456,-0.06658937444762596
2022-04-05,425,1.0,1.0,0.0,MANTIENE,LONG,-0.01890342227320352,-0.018903418338208744,99706.28023147583,109049.32022094727,-0.08423402965673758
2022-04-06,426,1.0,1.0,0.0,MANTIENE,LONG,-0.005196575931833314,-0.005196595435802531,99188.14897537231,108482.63502120972,-0.08899287705741536
2022-04-07,427,1.0,1.0,0.0,MANTIENE,LONG,0.014598512950836584,0.014598497634608076,100636.14845275879,110066.31851196289,-0.07569352777483374
2022-04-08,428,1.0,1.0,0.0,MANTIENE,LONG,-0.00636320518476019,-0.006363131850945614,99995.7799911499,109365.9520149231,-0.08157507951120427
2022-04-11,429,1.0,1.0,0.0,MANTIENE,LONG,-0.004779242497902403,-0.004779230110784738,99517.8759098053,108843.26696395874,-0.08596445492233698
2022-04-12,430,1.0,1.0,0.0,MANTIENE,LONG,-0.0034343477539283684,-0.0034343380134681523,99176.09691619873,108469.46239471436,-0.0891035708435852
2022-04-13,431,1.0,1.0,0.0,MANTIENE,LONG,0.006209632460820291,0.0062096401415616675,99791.94402694702,109143.01872253418,-0.08344723880865018
2022-04-14,432,1.0,1.0,0.0,MANTIENE,LONG,0.0,0.0,99791.94402694702,109143.01872253418,-0.08344723880865018
2022-04-15,433,1.0,1.0,0.0,MANTIENE,LONG,0.0,0.0,99791.94402694702,109143.01872253418,-0.08344723880865018
2022-04-18,434,1.0,1.0,0.0,MANTIENE,LONG,-0.0007335307971241267,-0.0007335417308351744,99718.74356269836,109062.95776367188,-0.08411955848617324
2022-04-19,435,1.0,1.0,0.0,MANTIENE,LONG,0.014736316356654289,0.014736365083140468,101188.23051452637,110670.14932632446,-0.07062285455515331
2022-04-20,436,1.0,1.0,0.0,MANTIENE,LONG,0.009774295958994816,0.009774351456345087,102177.27422714233,111751.87826156616,-0.06153884727804965
2022-04-21,437,1.0,1.0,0.0,MANTIENE,LONG,-0.02484555638377639,-0.0248455718946875,99638.62299919128,108975.33893585205,-0.08485543676198667
2022-04-22,438,1.0,1.0,0.0,MANTIENE,LONG,-0.01540930573926369,-0.015409263717147903,98103.26099395752,107296.10919952393,-0.09895717913254612
2022-04-25,439,1.0,1.0,0.0,MANTIENE,LONG,-0.012048790825394229,-0.01204879647581003,96921.23532295227,106003.32021713257,-0.10981365560590121
2022-04-26,440,1.0,1.0,0.0,MANTIENE,LONG,0.0027289133268371124,0.0027289075609273628,97185.72497367859,106292.5934791565,-0.10738441422731576
2022-04-27,441,1.0,1.0,0.0,MANTIENE,LONG,0.013476860157329185,0.013476859505707983,98495.4833984375,107725.08382797241,-0.09535475880360492
2022-04-28,442,1.0,1.0,0.0,MANTIENE,LONG,0.008443612025561542,0.008443629736068825,99327.14104652405,108634.67454910278,-0.08771628536617197
2022-04-29,443,1.0,1.0,0.0,MANTIENE,LONG,-0.01126477999804254,-0.011264864444909484,98208.24265480042,107410.91966629028,-0.09799296070731905
2022-05-02,444,1.0,1.0,0.0,MANTIENE,LONG,0.007202756343856809,0.007202772033413796,98915.61269760132,108184.5760345459,-0.0914960237828501
2022-05-03,445,1.0,1.0,0.0,MANTIENE,LONG,-0.004889701810502078,-0.00488971017654749,98431.94484710693,107655.5848121643,-0.09593833732020746
2022-05-04,446,1.0,1.0,0.0,MANTIENE,LONG,-0.004888840714684539,-0.004888822203557686,97950.72674751282,107129.27579879761,-0.10035815078530179
2022-05-05,447,1.0,1.0,0.0,MANTIENE,LONG,-0.016416439563194607,-0.016416453062902736,96342.72456169128,105370.59307098389,-0.11512706683145552
2022-05-06,448,1.0,1.0,0.0,MANTIENE,LONG,-0.02147240838952791,-0.021472371815946523,94274.01423454285,103108.03651809692,-0.13412741982528995
2022-05-09,449,1.0,1.0,0.0,MANTIENE,LONG,0.011514454317011591,0.011514419211016147,95359.52806472778,104295.26567459106,-0.12415736955651537
2022-05-10,450,1.0,1.0,0.0,MANTIENE,LONG,0.021714424582937264,0.021714449130355584,97430.20534515381,106559.9799156189,-0.10513895081122888
2022-05-11,451,1.0,1.0,0.0,MANTIENE,LONG,-0.006435917708935146,-0.006435915653594471,96803.15256118774,105874.16887283325,-0.11089820288473919
2022-05-12,452,1.0,1.0,0.0,MANTIENE,LONG,0.020982368313429367,0.020982350806503014,98834.31196212769,108095.65782546997,-0.09224274150953478
2022-05-13,453,1.0,1.0,0.0,MANTIENE,LONG,-0.004530249891958826,-0.00453024525125989,98386.56783103943,107605.95798492432,-0.09635510873173607
2022-05-16,454,1.0,1.0,0.0,MANTIENE,LONG,0.015866147978917722,0.015866033016486147,99947.58367538452,109313.23766708374,-0.08201774516648083
2022-05-17,455,1.0,1.0,0.0,MANTIENE,LONG,-0.012560394770599115,-0.012560280370723209,98692.2025680542,107940.23275375366,-0.09354796467959459
2022-05-18,456,1.0,1.0,0.0,MANTIENE,LONG,-0.008956441325190245,-0.008956470370083625,97808.27164649963,106973.46925735474,-0.10166654914804106
2022-05-19,457,1.0,1.0,0.0,MANTIENE,LONG,0.007175353552712371,0.007175281673935219,98510.080575943,107741.0340309143,-0.09522068902995016
2022-05-20,458,1.0,1.0,0.0,MANTIENE,LONG,0.013838661231521332,0.013838611821478164,99873.32820892334,109232.0203781128,-0.08269975465614635
2022-05-23,459,1.0,1.0,0.0,MANTIENE,LONG,-0.018034832254354316,-0.018034723387834184,98072.12948799133,107262.05110549927,-0.09924311070780081
2022-05-24,460,1.0,1.0,0.0,MANTIENE,LONG,0.006334899600231481,0.006334775649984303,98693.40658187866,107941.53213500977,-0.09353690624991788
2022-05-25,461,1.0,1.0,0.0,MANTIENE,LONG,0.015945277468796704,0.015945369037742685,100267.10033416748,109662.69969940186,-0.07908310070484897
2022-05-26,462,1.0,1.0,0.0,MANTIENE,LONG,0.016224916520172217,0.016224826272445814,101893.92566680908,111441.95795059204,-0.06414130089176928
2022-05-27,463,1.0,1.0,0.0,MANTIENE,LONG,0.007868048157340324,0.007868059970290275,102695.631980896,112318.78995895386,-0.05677791957871982
2022-05-30,464,1.0,1.0,0.0,MANTIENE,LONG,-0.01287259711094968,-0.012872555596841972,101373.67248535156,110872.9600906372,-0.06891963740613473
2022-05-31,465,1.0,1.0,0.0,MANTIENE,LONG,-0.003327673145308463,-0.003327707232295918,101036.33403778076,110504.00733947754,-0.07201796852486242
2022-06-01,466,1.0,1.0,0.0,MANTIENE,LONG,0.01009032814656563,0.010090349813177246,102055.823802948,111619.03142929077,-0.06265432531316159
2022-06-02,467,1.0,1.0,0.0,MANTIENE,LONG,-0.0017314438639219887,-0.0017314439817743832,101879.11987304688,111425.76932907104,-0.06427728672997197
2022-06-03,468,1.0,1.0,0.0,MANTIENE,LONG,0.01339688564795738,0.01339681703498341,103243.98279190063,112918.51997375488,-0.051741516542096924
2022-06-06,469,1.0,1.0,0.0,MANTIENE,LONG,-0.006632348555255074,-0.006632291318722006,102559.23271179199,112169.61145401001,-0.05803069732486732
2022-06-07,470,1.0,1.0,0.0,MANTIENE,LONG,-0.007599997768296118,-0.0076000037834228484,101779.78277206421,111317.12198257446,-0.0651896619230018
2022-06-08,471,1.0,1.0,0.0,MANTIENE,LONG,-0.017111336537163013,-0.017111344590685085,100038.19465637207,109412.3363494873,-0.08118551621625646
2022-06-09,472,1.0,1.0,0.0,MANTIENE,LONG,-0.03077511745973338,-0.030775082445611224,96959.50746536255,106045.16267776489,-0.10946213987840545
2022-06-10,473,1.0,1.0,0.0,MANTIENE,LONG,-0.024328174907079392,-0.024328235409573074,94600.65960884094,103465.27099609375,-0.13112730070081977
2022-06-13,474,1.0,1.0,0.0,MANTIENE,LONG,-0.009133875572202133,-0.009133805322459332,93736.58895492554,102520.23935317993,-0.13906347582430192
2022-06-14,475,1.0,1.0,0.0,MANTIENE,LONG,0.013597017497340547,0.013597059821133017,95011.12699508667,103914.21318054199,-0.12735730684098548
2022-06-15,476,1.0,1.0,0.0,MANTIENE,LONG,-0.03313234909777296,-0.03313243751603201,91863.18516731262,100471.28200531006,-0.15627000918835068
2022-06-16,477,1.0,1.0,0.0,MANTIENE,LONG,0.0067316005589119765,0.0067316141564772725,92481.57143592834,101147.61590957642,-0.15059035591063213
2022-06-17,478,0.0,1.0,-1.0,VENDE,CASH,-0.0010000107631991106,0.010615357181960272,92389.08886909485,102221.3339805603,-0.1514397746970866
2022-06-20,479,0.0,0.0,0.0,MANTIENE,CASH,0.0,0.002020304032199771,92389.08886909485,102427.85215377808,-0.1514397746970866
2022-06-21,480,1.0,0.0,1.0,COMPRA,LONG,-0.012143171007405806,-0.011143270504387015,91267.19236373901,101286.47089004517,-0.16174398662302272
2022-06-22,481,1.0,1.0,0.0,MANTIENE,LONG,-0.017626720421125897,-0.017626676788451756,89658.45108032227,99501.12700462341,-0.17651969101214632
2022-06-23,482,1.0,1.0,0.0,MANTIENE,LONG,0.015917759858403713,0.015917854108531637,91085.61277389526,101084.97142791748,-0.16341172920555366
2022-06-24,483,1.0,1.0,0.0,MANTIENE,LONG,0.005179159553005741,0.005179122371256728,91557.35969543457,101608.50286483765,-0.159078905070936
2022-06-27,484,1.0,1.0,0.0,MANTIENE,LONG,0.0034696163787557577,0.0034695682157375174,91875.02861022949,101961.04049682617,-0.1561612314667288
2022-06-28,485,1.0,1.0,0.0,MANTIENE,LONG,-0.01726675469012995,-0.01726681469855651,90288.645029068,100200.49810409546,-0.1707315884810141
2022-06-29,486,1.0,1.0,0.0,MANTIENE,LONG,-0.016886409692788873,-0.01688641160050519,88763.99397850037,98508.47125053406,-0.18473495462321193
2022-06-30,487,1.0,1.0,0.0,MANTIENE,LONG,0.0022889275655519903,0.0022889240677319567,88967.16833114624,98733.94966125488,-0.18286887198761806
2022-07-01,488,1.0,1.0,0.0,MANTIENE,LONG,-0.003094555658923248,-0.003094572541981755,88691.85447692871,98428.41029167175,-0.18539752974389115
2022-07-04,489,1.0,1.0,0.0,MANTIENE,LONG,-0.029137116983144695,-0.029137107854539046,86107.6295375824,95560.49108505249,-0.209132697214502
2022-07-05,490,1.0,1.0,0.0,MANTIENE,LONG,0.01558872922735488,0.015588755014068312,87449.93805885315,97050.16016960144,-0.19680408097661042
2022-07-06,491,1.0,1.0,0.0,MANTIENE,LONG,0.019746634073228853,0.019746700638084924,89176.77998542786,98966.58062934875,-0.18094366507454476
2022-07-07,492,1.0,1.0,0.0,MANTIENE,LONG,0.013393148667225407,0.013393109074727683,90371.13785743713,100292.05083847046,-0.16997392181405546
2022-07-08,493,1.0,1.0,0.0,MANTIENE,LONG,-0.01404434484886019,-0.01404433582028608,89101.9344329834,98883.51559638977,-0.18163109428964588
2022-07-11,494,1.0,1.0,0.0,MANTIENE,LONG,0.0056918858633963065,0.005691836256286331,89609.09247398376,99446.34437561035,-0.17697303188419
2022-07-12,495,1.0,1.0,0.0,MANTIENE,LONG,-0.01155787073636394,-0.011557912311481733,88573.40216636658,98296.95224761963,-0.18648547119421405
2022-07-13,496,1.0,1.0,0.0,MANTIENE,LONG,-0.018552368680506692,-0.01855235414721723,86930.15575408936,96473.31237792969,-0.20157809265956766
2022-07-14,497,1.0,1.0,0.0,MANTIENE,LONG,0.027561459251833842,0.027561398028461914,89326.07769966125,99132.25173950195,-0.17957241979463293
2022-07-15,498,1.0,1.0,0.0,MANTIENE,LONG,0.007391554052002647,0.007391517561235128,89986.33623123169,99864.98951911926,-0.1735081849897912
2022-07-18,499,1.0,1.0,0.0,MANTIENE,LONG,0.02689862664618259,0.026898639266373037,92406.84509277344,102551.22184753418,-0.15127669023170584
2022-07-19,500,1.0,1.0,0.0,MANTIENE,LONG,-0.0019859647909709066,-0.0019860228628022503,92223.32835197449,102347.55277633667,-0.15296222484218197
2022-07-20,501,1.0,1.0,0.0,MANTIENE,LONG,-0.002660784060398269,-0.0026607543967848146,91977.94198989868,102075.23107528687,-0.15521600945287709
2022-07-21,502,1.0,1.0,0.0,MANTIENE,LONG,0.0005314509992588867,0.0005314917938765706,92026.82375907898,102129.48322296143,-0.15476704815694298
2022-07-22,503,1.0,1.0,0.0,MANTIENE,LONG,-0.0032715355037479243,-0.0032715312582508593,91725.754737854,101795.3634262085,-0.15753225776783517
2022-07-25,504,1.0,1.0,0.0,MANTIENE,LONG,-0.00858351807534563,-0.0085834597891562,90938.42506408691,100921.60701751709,-0.16476359486118058
2022-07-26,505,1.0,1.0,0.0,MANTIENE,LONG,0.005302768524427126,0.005302791735048773,91420.65048217773,101456.77328109741,-0.16033452954155472
2022-07-27,506,1.0,1.0,0.0,MANTIENE,LONG,0.008789894796138231,0.008789761633761994,92224.2283821106,102348.5541343689,-0.15295395839227513
2022-07-28,507,1.0,1.0,0.0,MANTIENE,LONG,0.015203851852732653,0.015203912496000616,93626.3918876648,103904.65259552002,-0.1400755958632276
2022-07-29,508,1.0,1.0,0.0,MANTIENE,LONG,-0.0003277967993433606,-0.00032778218466533726,93595.70145606995,103870.59450149536,-0.1403574763305809
2022-08-01,509,1.0,1.0,0.0,MANTIENE,LONG,-0.0022574385523354,-0.002257469244994148,93384.41491127014,103636.10982894897,-0.14229806650473914
2022-08-02,510,0.5,1.0,-0.5,VENDE,LONG,0.004643810789411562,0.010287535915677104,93818.07446479797,104702.27003097534,-0.1383150610118748
2022-08-03,511,0.0,0.5,-0.5,VENDE,CASH,-0.0004999980622693023,0.005528595206478748,93771.16560935974,105281.12649917603,-0.13874590181165544
2022-08-04,512,0.0,0.0,0.0,MANTIENE,CASH,0.0,-0.0064957497610008685,93771.16560935974,104597.2466468811,-0.13874590181165544
2022-08-05,513,0.0,0.0,0.0,MANTIENE,CASH,0.0,0.008380770420000516,93771.16560935974,105473.85215759277,-0.13874590181165544
2022-08-08,514,0.0,0.0,0.0,MANTIENE,CASH,0.0,-0.011157478004671928,93771.16560935974,104297.02997207642,-0.13874590181165544
2022-08-09,515,0.0,0.0,0.0,MANTIENE,CASH,0.0,0.012261533198560937,93771.16560935974,105575.87146759033,-0.13874590181165544
2022-08-10,516,0.0,0.0,0.0,MANTIENE,CASH,0.0,-0.00046859054513004317,93771.16560935974,105526.39961242676,-0.13874590181165544
2022-08-11,517,0.0,0.0,0.0,MANTIENE,CASH,0.0,0.007400084679552998,93771.16560935974,106307.30390548706,-0.13874590181165544
2022-08-12,518,0.0,0.0,0.0,MANTIENE,CASH,0.0,0.0015048718262986593,93771.16560935974,106467.28277206421,-0.13874590181165544
2022-08-15,519,0.0,0.0,0.0,MANTIENE,CASH,0.0,0.0067679058949250415,93771.16560935974,107187.8433227539,-0.13874590181165544
2022-08-16,520,0.0,0.0,0.0,MANTIENE,CASH,0.0,-0.020374421902831674,93771.16560935974,105003.9529800415,-0.13874590181165544
2022-08-17,521,0.0,0.0,0.0,MANTIENE,CASH,0.0,0.005188360616095844,93771.16560935974,105548.75135421753,-0.13874590181165544
2022-08-18,522,0.0,0.0,0.0,MANTIENE,CASH,0.0,-0.011161984131367375,93771.16560935974,104370.61786651611,-0.13874590181165544
2022-08-19,523,0.0,0.0,0.0,MANTIENE,CASH,0.0,-0.023179028061131812,93771.16560935974,101951.40838623047,-0.13874590181165544
2022-08-22,524,0.0,0.0,0.0,MANTIENE,CASH,0.0,-0.0027467452045670804,93771.16560935974,101671.37384414673,-0.13874590181165544
2022-08-23,525,0.0,0.0,0.0,MANTIENE,CASH,0.0,0.001957716742060134,93771.16560935974,101870.41759490967,-0.13874590181165544
2022-08-24,526,0.0,0.0,0.0,MANTIENE,CASH,0.0,0.003925804311269987,93771.16560935974,102270.34091949463,-0.13874590181165544
2022-08-25,527,0.0,0.0,0.0,MANTIENE,CASH,0.0,-0.022640947292814628,93771.16560935974,99954.84352111816,-0.13874590181165544
2022-08-26,528,0.0,0.0,0.0,MANTIENE,CASH,0.0,-0.006050159693350654,93771.16560935974,99350.10075569153,-0.13874590181165544
2022-08-29,529,1.0,0.0,1.0,COMPRA,LONG,0.004285671334653962,0.005285759735870421,94173.03800582886,99875.24151802063,-0.13505484981119648
2022-08-30,530,0.25,1.0,-0.75,VENDE,LONG,-0.0031838119589503444,-0.009735212787321257,93873.20876121521,98902.9347896576,-0.13780867252420373
2022-08-31,531,1.0,0.25,0.75,COMPRA,LONG,-0.016700921075214037,-0.015950971120086255,92305.43971061707,97325.33693313599,-0.15220806183611102
2022-09-01,532,0.0,1.0,-1.0,VENDE,CASH,-0.0009999817257633214,0.03325661258652213,92213.1359577179,100562.04795837402,-0.15305583828152441
2022-09-02,533,0.0,0.0,0.0,MANTIENE,CASH,0.0,-0.022182599876051423,92213.1359577179,98331.32028579712,-0.15305583828152441
2022-09-05,534,0.0,0.0,0.0,MANTIENE,CASH,0.0,0.008671925964908844,92213.1359577179,99184.04221534729,-0.15305583828152441
2022-09-06,535,0.0,0.0,0.0,MANTIENE,CASH,0.0,0.003459548646928212,92213.1359577179,99527.17423439026,-0.15305583828152441
2022-09-07,536,0.0,0.0,0.0,MANTIENE,CASH,0.0,-0.0009019703029526926,92213.1359577179,99437.40367889404,-0.15305583828152441
2022-09-08,537,0.0,0.0,0.0,MANTIENE,CASH,0.0,0.01425022184488145,92213.1359577179,100854.40874099731,-0.15305583828152441
2022-09-09,538,0.5,0.0,0.5,COMPRA,LONG,0.011497856251361904,0.023995656881845795,93273.38933944702,103274.47652816772,-0.14331779605715522
2022-09-12,539,0.25,0.5,-0.25,VENDE,LONG,-0.004229175141823527,-0.0159166995544765,92878.91983985901,101630.68771362305,-0.14694085513851285
2022-09-13,540,0.0,0.25,-0.25,VENDE,CASH,-0.000249959939026434,-0.012203415675510865,92855.703830719,100390.44618606567,-0.14715408575034838
2022-09-14,541,0.0,0.0,0.0,MANTIENE,CASH,0.0,-0.005475836981694515,92855.703830719,99840.7244682312,-0.14715408575034838
2022-09-15,542,0.0,0.0,0.0,MANTIENE,CASH,0.0,-0.016624703725155787,92855.703830719,98180.90200424194,-0.14715408575034838
2022-09-16,543,0.0,0.0,0.0,MANTIENE,CASH,0.0,0.004864551540788353,92855.703830719,98658.50806236267,-0.14715408575034838
2022-09-19,544,0.0,0.0,0.0,MANTIENE,CASH,0.0,-0.010341918702892472,92855.703830719,97638.18979263306,-0.14715408575034838
2022-09-20,545,0.0,0.0,0.0,MANTIENE,CASH,0.0,0.007601747637655087,92855.703830719,98380.41067123413,-0.14715408575034838
2022-09-21,546,0.0,0.0,0.0,MANTIENE,CASH,0.0,-0.01844737273540553,92855.703830719,96565.5505657196,-0.14715408575034838
2022-09-22,547,0.0,0.0,0.0,MANTIENE,CASH,0.0,-0.019745249231668316,92855.703830719,94658.8397026062,-0.14715408575034838
2022-09-23,548,0.0,0.0,0.0,MANTIENE,CASH,0.0,-0.004580722843316232,92855.703830719,94225.23379325867,-0.14715408575034838
2022-09-26,549,0.0,0.0,0.0,MANTIENE,CASH,0.0,-0.007216240054082723,92855.703830719,93545.28188705444,-0.14715408575034838
2022-09-27,550,0.0,0.0,0.0,MANTIENE,CASH,0.0,0.003591560091839696,92855.703830719,93881.25538825989,-0.14715408575034838
2022-09-28,551,1.0,0.0,1.0,COMPRA,LONG,-0.018050400157857527,-0.017050459025179987,91179.62121963501,92280.5368900299,-0.16254829577554847
2022-09-29,552,0.0,1.0,-1.0,VENDE,CASH,-0.0009999737210278914,0.01159118866588238,91088.4439945221,93350.17800331116,-0.163385725472403
2022-09-30,553,0.0,0.0,0.0,MANTIENE,CASH,0.0,0.007851835458802636,91088.4439945221,94083.14824104309,-0.163385725472403
2022-10-03,554,0.0,0.0,0.0,MANTIENE,CASH,0.0,0.037757531375809394,91088.4439945221,97635.49566268921,-0.163385725472403
2022-10-04,555,0.0,0.0,0.0,MANTIENE,CASH,0.0,-0.012099067929353668,91088.4439945221,96454.19716835022,-0.163385725472403
2022-10-05,556,0.0,0.0,0.0,MANTIENE,CASH,0.0,-0.003706821187481779,91088.4439945221,96096.65870666504,-0.163385725472403
2022-10-06,557,0.0,0.0,0.0,MANTIENE,CASH,0.0,-0.015859542508210978,91088.4439945221,94572.60966300964,-0.163385725472403
2022-10-07,558,0.0,0.0,0.0,MANTIENE,CASH,0.0,-4.8529459681923015e-06,91088.4439945221,94572.15070724487,-0.163385725472403
2022-10-10,559,0.0,0.0,0.0,MANTIENE,CASH,0.0,-0.004293176334097093,91088.4439945221,94166.13578796387,-0.163385725472403
2022-10-11,560,0.0,0.0,0.0,MANTIENE,CASH,0.0,-0.003927155919540515,91088.4439945221,93796.33069038391,-0.163385725472403
2022-10-12,561,0.0,0.0,0.0,MANTIENE,CASH,0.0,0.015060547788114054,91088.4439945221,95208.95481109619,-0.163385725472403
2022-10-13,562,0.0,0.0,0.0,MANTIENE,CASH,0.0,0.006655246856463792,91088.4439945221,95842.59390830994,-0.163385725472403
2022-10-14,563,0.0,0.0,0.0,MANTIENE,CASH,0.0,0.016982137560985988,91088.4439945221,97470.20602226257,-0.163385725472403
2022-10-17,564,0.0,0.0,0.0,MANTIENE,CASH,0.0,0.009216532937168509,91088.4439945221,98368.54338645935,-0.163385725472403
2022-10-18,565,0.0,0.0,0.0,MANTIENE,CASH,0.0,-0.0018957793384835053,91088.4439945221,98182.05833435059,-0.163385725472403
2022-10-19,566,0.0,0.0,0.0,MANTIENE,CASH,0.0,0.0020406483256412145,91088.4439945221,98382.41338729858,-0.163385725472403
2022-10-20,567,0.0,0.0,0.0,MANTIENE,CASH,0.0,-0.0028596562547900106,91088.4439945221,98101.07350349426,-0.163385725472403
2022-10-21,568,0.0,0.0,0.0,MANTIENE,CASH,0.0,0.015753013206628586,91088.4439945221,99646.46100997925,-0.163385725472403
2022-10-24,569,0.0,0.0,0.0,MANTIENE,CASH,0.0,0.00939651398841801,91088.4439945221,100582.79037475586,-0.163385725472403
2022-10-25,570,0.0,0.0,0.0,MANTIENE,CASH,0.0,0.010943768151119748,91088.4439945221,101683.54511260986,-0.163385725472403
2022-10-26,571,0.0,0.0,0.0,MANTIENE,CASH,0.0,0.0011686042190270918,91088.4439945221,101802.37293243408,-0.163385725472403
2022-10-27,572,0.0,0.0,0.0,MANTIENE,CASH,0.0,0.002429798723670551,91088.4439945221,102049.73220825195,-0.163385725472403
2022-10-28,573,0.0,0.0,0.0,MANTIENE,CASH,0.0,0.0007860474418004415,91088.4439945221,102129.94813919067,-0.163385725472403
2022-10-31,574,0.0,0.0,0.0,MANTIENE,CASH,0.0,0.006413236591632732,91088.4439945221,102784.93165969849,-0.163385725472403
2022-11-01,575,0.0,0.0,0.0,MANTIENE,CASH,0.0,-0.0061474851328978675,91088.4439945221,102153.06282043457,-0.163385725472403
2022-11-02,576,0.0,0.0,0.0,MANTIENE,CASH,0.0,-0.00954602635945867,91088.4439945221,101177.90699005127,-0.163385725472403
2022-11-03,577,0.0,0.0,0.0,MANTIENE,CASH,0.0,0.025106928868119827,91088.4439945221,103718.17350387573,-0.163385725472403
2022-11-04,578,0.0,0.0,0.0,MANTIENE,CASH,0.0,0.005473356679854824,91088.4439945221,104285.86006164551,-0.163385725472403
2022-11-07,579,0.0,0.0,0.0,MANTIENE,CASH,0.0,0.011469991536478874,91088.4439945221,105482.017993927,-0.163385725472403
2022-11-08,580,0.0,0.0,0.0,MANTIENE,CASH,0.0,-0.0016384747967248536,91088.4439945221,105309.18836593628,-0.163385725472403
2022-11-09,581,0.0,0.0,0.0,MANTIENE,CASH,0.0,0.035105940417535786,91088.4439945221,109006.16645812988,-0.163385725472403
2022-11-10,582,0.0,0.0,0.0,MANTIENE,CASH,0.0,0.005568399295720727,91088.4439945221,109613.15631866455,-0.163385725472403
2022-11-11,583,0.0,0.0,0.0,MANTIENE,CASH,0.0,0.006217171081122297,91088.4439945221,110294.6400642395,-0.163385725472403
2022-11-14,584,0.0,0.0,0.0,MANTIENE,CASH,0.0,0.00455589679627022,91088.4439945221,110797.13106155396,-0.163385725472403
2022-11-15,585,0.0,0.0,0.0,MANTIENE,CASH,0.0,-0.010048269177241997,91088.4439945221,109683.8116645813,-0.163385725472403
2022-11-16,586,0.0,0.0,0.0,MANTIENE,CASH,0.0,0.0022727013366561355,91088.4439945221,109933.09020996094,-0.163385725472403
2022-11-17,587,0.0,0.0,0.0,MANTIENE,CASH,0.0,0.011599291942966827,91088.4439945221,111208.23621749878,-0.163385725472403
2022-11-18,588,0.0,0.0,0.0,MANTIENE,CASH,0.0,-0.003598310312029729,91088.4439945221,110808.07447433472,-0.163385725472403
2022-11-21,589,0.0,0.0,0.0,MANTIENE,CASH,0.0,0.0029499997579409687,91088.4439945221,111134.95826721191,-0.163385725472403
2022-11-22,590,0.0,0.0,0.0,MANTIENE,CASH,0.0,0.00036330770263814927,91088.4439945221,111175.33445358276,-0.163385725472403
2022-11-23,591,0.0,0.0,0.0,MANTIENE,CASH,0.0,0.007760831124559164,91088.4439945221,112038.14744949341,-0.163385725472403
2022-11-24,592,0.0,0.0,0.0,MANTIENE,CASH,0.0,0.00012512713544721166,91088.4439945221,112052.16646194458,-0.163385725472403
2022-11-25,593,0.0,0.0,0.0,MANTIENE,CASH,0.0,-0.010866825744070163,91088.4439945221,110834.51509475708,-0.163385725472403
2022-11-28,594,0.0,0.0,0.0,MANTIENE,CASH,0.0,-0.0019405272809074336,91088.4439945221,110619.43769454956,-0.163385725472403
2022-11-29,595,0.0,0.0,0.0,MANTIENE,CASH,0.0,0.002897160397011378,91088.4439945221,110939.91994857788,-0.163385725472403
2022-11-30,596,0.0,0.0,0.0,MANTIENE,CASH,0.0,0.006477751935110687,91088.4439945221,111658.56122970581,-0.163385725472403
2022-12-01,597,0.0,0.0,0.0,MANTIENE,CASH,0.0,0.002697670734062685,91088.4439945221,111959.77926254272,-0.163385725472403
2022-12-02,598,0.0,0.0,0.0,MANTIENE,CASH,0.0,-0.005628593335063159,91088.4439945221,111329.60319519043,-0.163385725472403
2022-12-05,599,0.0,0.0,0.0,MANTIENE,CASH,0.0,-0.007227430248450517,91088.4439945221,110524.97625350952,-0.163385725472403
2022-12-06,600,0.0,0.0,0.0,MANTIENE,CASH,0.0,-0.005717085690600254,91088.4439945221,109893.09549331665,-0.163385725472403
2022-12-07,601,0.0,0.0,0.0,MANTIENE,CASH,0.0,0.00023626400864951158,91088.4439945221,109919.05927658081,-0.163385725472403
2022-12-08,602,0.0,0.0,0.0,MANTIENE,CASH,0.0,0.007442293566449987,91088.4439945221,110737.10918426514,-0.163385725472403
2022-12-09,603,0.0,0.0,0.0,MANTIENE,CASH,0.0,-0.0044597538114273805,91088.4439945221,110243.24893951416,-0.163385725472403
2022-12-12,604,0.0,0.0,0.0,MANTIENE,CASH,0.0,0.01336858612044245,91088.4439945221,111717.04530715942,-0.163385725472403
2022-12-13,605,0.0,0.0,0.0,MANTIENE,CASH,0.0,-0.0025996891641203446,91088.4439945221,111426.61571502686,-0.163385725472403
2022-12-14,606,0.0,0.0,0.0,MANTIENE,CASH,0.0,-0.032777505680345875,91088.4439945221,107774.32918548584,-0.163385725472403
2022-12-15,607,0.0,0.0,0.0,MANTIENE,CASH,0.0,-0.006660829403172253,91088.4439945221,107056.46276473999,-0.163385725472403
2022-12-16,608,0.0,0.0,0.0,MANTIENE,CASH,0.0,0.0035845255305717583,91088.4439945221,107440.20938873291,-0.163385725472403
2022-12-19,609,0.0,0.0,0.0,MANTIENE,CASH,0.0,-0.0041749799006695065,91088.4439945221,106991.64867401123,-0.163385725472403
2022-12-20,610,0.0,0.0,0.0,MANTIENE,CASH,0.0,0.015352235237228395,91088.4439945221,108634.20963287354,-0.163385725472403
2022-12-21,611,0.0,0.0,0.0,MANTIENE,CASH,0.0,-0.013033943757518207,91088.4439945221,107218.27745437622,-0.163385725472403
2022-12-22,612,0.0,0.0,0.0,MANTIENE,CASH,0.0,0.0019303720730463603,91088.4439945221,107425.24862289429,-0.163385725472403
2022-12-23,613,0.0,0.0,0.0,MANTIENE,CASH,0.0,0.0,91088.4439945221,107425.24862289429,-0.163385725472403
2022-12-26,614,0.0,0.0,0.0,MANTIENE,CASH,0.0,0.0038857089338124595,91088.4439945221,107842.6718711853,-0.163385725472403
2022-12-27,615,0.0,0.0,0.0,MANTIENE,CASH,0.0,-0.0049660095026816675,91088.4439945221,107307.12413787842,-0.163385725472403
2022-12-28,616,0.0,0.0,0.0,MANTIENE,CASH,0.0,0.010492942678691497,91088.4439945221,108433.09164047241,-0.163385725472403
2022-12-29,617,0.0,0.0,0.0,MANTIENE,CASH,0.0,-0.010526793730933348,91088.4439945221,107291.63885116577,-0.163385725472403
2022-12-30,618,0.0,0.0,0.0,MANTIENE,CASH,0.0,0.010462124768409797,91088.4439945221,108414.13736343384,-0.163385725472403
2023-01-02,619,0.0,0.0,0.0,MANTIENE,CASH,0.0,0.007989719429581044,91088.4439945221,109280.33590316772,-0.163385725472403
2023-01-03,620,0.0,0.0,0.0,MANTIENE,CASH,0.0,0.02179642654671876,91088.4439945221,111662.25671768188,-0.163385725472403
2023-01-04,621,0.0,0.0,0.0,MANTIENE,CASH,0.0,-0.0037589774812587518,91088.4439945221,111242.52080917358,-0.163385725472403
2023-01-05,622,0.0,0.0,0.0,MANTIENE,CASH,0.0,0.012032857039216527,91088.4439945221,112581.08615875244,-0.163385725472403
2023-01-06,623,0.0,0.0,0.0,MANTIENE,CASH,0.0,0.012512725029452554,91088.4439945221,113989.78233337402,-0.163385725472403
2023-01-09,624,0.0,0.0,0.0,MANTIENE,CASH,0.0,-0.0012323580581617977,91088.4439945221,113849.30610656738,-0.163385725472403
2023-01-10,625,0.0,0.0,0.0,MANTIENE,CASH,0.0,0.01173022370228094,91088.4439945221,115184.78393554688,-0.163385725472403
2023-01-11,626,0.0,0.0,0.0,MANTIENE,CASH,0.0,0.007385018214936201,91088.4439945221,116035.42566299438,-0.163385725472403
2023-01-12,627,0.0,0.0,0.0,MANTIENE,CASH,0.0,0.001873993772394389,91088.4439945221,116252.87532806396,-0.163385725472403
2023-01-13,628,0.0,0.0,0.0,MANTIENE,CASH,0.0,0.0031499186115502287,91088.4439945221,116619.06242370605,-0.163385725472403
2023-01-16,629,0.0,0.0,0.0,MANTIENE,CASH,0.0,0.003504037120161785,91088.4439945221,117027.69994735718,-0.163385725472403
2023-01-17,630,0.0,0.0,0.0,MANTIENE,CASH,0.0,-0.0003470512106810153,91088.4439945221,116987.08534240723,-0.163385725472403
2023-01-18,631,0.0,0.0,0.0,MANTIENE,CASH,0.0,-0.01722061288898613,91088.4439945221,114972.49603271484,-0.163385725472403
2023-01-19,632,0.0,0.0,0.0,MANTIENE,CASH,0.0,0.007586946135202055,91088.4439945221,115844.78616714478,-0.163385725472403
2023-01-20,633,0.0,0.0,0.0,MANTIENE,CASH,0.0,0.004615670372765779,91088.4439945221,116379.48751449585,-0.163385725472403
2023-01-23,634,0.0,0.0,0.0,MANTIENE,CASH,0.0,-0.0006515669616933284,91088.4439945221,116303.6584854126,-0.163385725472403
2023-01-24,635,0.0,0.0,0.0,MANTIENE,CASH,0.0,-0.0007599225030744394,91088.4439945221,116215.27671813965,-0.163385725472403
2023-01-25,636,0.0,0.0,0.0,MANTIENE,CASH,0.0,0.003395479505057253,91088.4439945221,116609.88330841064,-0.163385725472403
2023-01-26,637,0.0,0.0,0.0,MANTIENE,CASH,0.0,0.0011353569116001605,91088.4439945221,116742.27714538574,-0.163385725472403
2023-01-27,638,0.0,0.0,0.0,MANTIENE,CASH,0.0,-0.00158091675608385,91088.4439945221,116557.71732330322,-0.163385725472403
2023-01-30,639,0.0,0.0,0.0,MANTIENE,CASH,0.0,0.00014482125926984502,91088.4439945221,116574.59735870361,-0.163385725472403
2023-01-31,640,0.0,0.0,0.0,MANTIENE,CASH,0.0,0.003468355512524557,91088.4439945221,116978.919506073,-0.163385725472403
2023-02-01,641,0.0,0.0,0.0,MANTIENE,CASH,0.0,0.02163600312771874,91088.4439945221,119509.87577438354,-0.163385725472403
2023-02-02,642,0.0,0.0,0.0,MANTIENE,CASH,0.0,-0.0021123736498419587,91088.4439945221,119257.42626190186,-0.163385725472403
2023-02-03,643,0.0,0.0,0.0,MANTIENE,CASH,0.0,-0.008433494554898724,91088.4439945221,118251.66940689087,-0.163385725472403
2023-02-06,644,0.0,0.0,0.0,MANTIENE,CASH,0.0,-0.0016310020021836902,91088.4439945221,118058.80069732666,-0.163385725472403
2023-02-07,645,0.0,0.0,0.0,MANTIENE,CASH,0.0,0.005950629525551143,91088.4439945221,118761.32488250732,-0.163385725472403
2023-02-08,646,0.0,0.0,0.0,MANTIENE,CASH,0.0,0.0072262548203638755,91088.4439945221,119619.52447891235,-0.163385725472403
2023-02-09,647,0.0,0.0,0.0,MANTIENE,CASH,0.0,-0.013878340466951133,91088.4439945221,117959.40399169922,-0.163385725472403
2023-02-10,648,0.0,0.0,0.0,MANTIENE,CASH,0.0,0.005837404013601777,91088.4439945221,118647.98069000244,-0.163385725472403
2023-02-13,649,0.0,0.0,0.0,MANTIENE,CASH,0.0,-0.0010898315809821923,91088.4439945221,118518.67437362671,-0.163385725472403
2023-02-14,650,0.0,0.0,0.0,MANTIENE,CASH,0.0,0.008177876894211344,91088.4439945221,119487.90550231934,-0.163385725472403
2023-02-15,651,0.0,0.0,0.0,MANTIENE,CASH,0.0,0.0017605851603632594,91088.4439945221,119698.2741355896,-0.163385725472403
2023-02-16,652,0.0,0.0,0.0,MANTIENE,CASH,0.0,-0.003324363792160945,91088.4439945221,119300.35352706909,-0.163385725472403
2023-02-17,653,0.0,0.0,0.0,MANTIENE,CASH,0.0,-0.0002874803937272796,91088.4439945221,119266.05701446533,-0.163385725472403
2023-02-20,654,0.0,0.0,0.0,MANTIENE,CASH,0.0,-0.0051642407885365005,91088.4439945221,118650.13837814331,-0.163385725472403
2023-02-21,655,0.0,0.0,0.0,MANTIENE,CASH,0.0,0.00014739133907593072,91088.4439945221,118667.62638092041,-0.163385725472403
2023-02-22,656,0.0,0.0,0.0,MANTIENE,CASH,0.0,0.004922165334848572,91088.4439945221,119251.72805786133,-0.163385725472403
2023-02-23,657,0.0,0.0,0.0,MANTIENE,CASH,0.0,-0.017184982146355887,91088.4439945221,117202.38924026489,-0.163385725472403
2023-02-24,658,0.0,0.0,0.0,MANTIENE,CASH,0.0,0.011288035201419522,91088.4439945221,118525.37393569946,-0.163385725472403
2023-02-27,659,0.0,0.0,0.0,MANTIENE,CASH,0.0,-0.001059076025063388,91088.4439945221,118399.84655380249,-0.163385725472403
2023-02-28,660,0.0,0.0,0.0,MANTIENE,CASH,0.0,-0.0039126674029326125,91088.4439945221,117936.5873336792,-0.163385725472403
2023-03-01,661,0.0,0.0,0.0,MANTIENE,CASH,0.0,0.0014778781224105142,91088.4439945221,118110.8832359314,-0.163385725472403
2023-03-02,662,0.0,0.0,0.0,MANTIENE,CASH,0.0,0.01635933656302546,91088.4439945221,120043.09892654419,-0.163385725472403
2023-03-03,663,0.0,0.0,0.0,MANTIENE,CASH,0.0,0.00482664006605793,91088.4439945221,120622.5037574768,-0.163385725472403
2023-03-06,664,0.0,0.0,0.0,MANTIENE,CASH,0.0,-0.006008173701585129,91088.4439945221,119897.78280258179,-0.163385725472403
2023-03-07,665,0.0,0.0,0.0,MANTIENE,CASH,0.0,0.0046491488408695325,91088.4439945221,120455.20544052124,-0.163385725472403
2023-03-08,666,0.0,0.0,0.0,MANTIENE,CASH,0.0,8.570426190668279e-05,91088.4439945221,120465.52896499634,-0.163385725472403
2023-03-09,667,0.0,0.0,0.0,MANTIENE,CASH,0.0,-0.013128451069781555,91088.4439945221,118884.00316238403,-0.163385725472403
2023-03-10,668,0.0,0.0,0.0,MANTIENE,CASH,0.0,-0.030366862056493527,91088.4439945221,115273.86903762817,-0.163385725472403
2023-03-13,669,0.0,0.0,0.0,MANTIENE,CASH,0.0,0.01827335271104391,91088.4439945221,117380.30910491943,-0.163385725472403
2023-03-14,670,0.0,0.0,0.0,MANTIENE,CASH,0.0,-0.03266435615067742,91088.4439945221,113546.15688323975,-0.163385725472403
2023-03-15,671,0.0,0.0,0.0,MANTIENE,CASH,0.0,0.015733744100489,91088.4439945221,115332.66305923462,-0.163385725472403
2023-03-16,672,0.0,0.0,0.0,MANTIENE,CASH,0.0,-0.013289156732357865,91088.4439945221,113799.98922348022,-0.163385725472403
2023-03-17,673,0.0,0.0,0.0,MANTIENE,CASH,0.0,0.01118482836427126,91088.4439945221,115072.82257080078,-0.163385725472403
2023-03-20,674,0.0,0.0,0.0,MANTIENE,CASH,0.0,0.01754188953329372,91088.4439945221,117091.41731262207,-0.163385725472403
2023-03-21,675,0.0,0.0,0.0,MANTIENE,CASH,0.0,0.0013721781164162117,91088.4439945221,117252.08759307861,-0.163385725472403
2023-03-22,676,0.0,0.0,0.0,MANTIENE,CASH,0.0,-0.00038125959630408435,91088.4439945221,117207.38410949707,-0.163385725472403
2023-03-23,677,0.0,0.0,0.0,MANTIENE,CASH,0.0,-0.016643802707629773,91088.4439945221,115256.60753250122,-0.163385725472403
2023-03-24,678,0.0,0.0,0.0,MANTIENE,CASH,0.0,0.011395754737715702,91088.4439945221,116570.04356384277,-0.163385725472403
2023-03-27,679,0.0,0.0,0.0,MANTIENE,CASH,0.0,0.0009479880768257232,91088.4439945221,116680.55057525635,-0.163385725472403
2023-03-28,680,0.0,0.0,0.0,MANTIENE,CASH,0.0,0.012333934825887516,91088.4439945221,118119.68088150024,-0.163385725472403
2023-03-29,681,0.0,0.0,0.0,MANTIENE,CASH,0.0,0.012631152523409739,91088.4439945221,119611.66858673096,-0.163385725472403
2023-03-30,682,0.0,0.0,0.0,MANTIENE,CASH,0.0,0.006857154361169293,91088.4439945221,120431.8642616272,-0.163385725472403
2023-03-31,683,0.0,0.0,0.0,MANTIENE,CASH,0.0,-0.003066154439910651,91088.4439945221,120062.6015663147,-0.163385725472403
2023-04-03,684,0.0,0.0,0.0,MANTIENE,CASH,0.0,0.0014472405077217143,91088.4439945221,120236.36102676392,-0.163385725472403
2023-04-04,685,0.0,0.0,0.0,MANTIENE,CASH,0.0,-0.005338505042108754,91088.4439945221,119594.47860717773,-0.163385725472403
2023-04-05,686,0.0,0.0,0.0,MANTIENE,CASH,0.0,0.005007619380258399,91088.4439945221,120193.36223602295,-0.163385725472403
2023-04-06,687,0.0,0.0,0.0,MANTIENE,CASH,0.0,0.0,91088.4439945221,120193.36223602295,-0.163385725472403
2023-04-07,688,0.0,0.0,0.0,MANTIENE,CASH,0.0,0.0,91088.4439945221,120193.36223602295,-0.163385725472403
2023-04-10,689,0.0,0.0,0.0,MANTIENE,CASH,0.0,0.003672285284972654,91088.4439945221,120634.74655151367,-0.163385725472403
2023-04-11,690,0.0,0.0,0.0,MANTIENE,CASH,0.0,0.0030936078744800977,91088.4439945221,121007.94315338135,-0.163385725472403
2023-04-12,691,0.0,0.0,0.0,MANTIENE,CASH,0.0,0.001646753454527472,91088.4439945221,121207.21340179443,-0.163385725472403
2023-04-13,692,0.0,0.0,0.0,MANTIENE,CASH,0.0,0.004961348786606257,91088.4439945221,121808.56466293335,-0.163385725472403
2023-04-14,693,0.0,0.0,0.0,MANTIENE,CASH,0.0,-0.0011367147309910841,91088.4439945221,121670.10307312012,-0.163385725472403
2023-04-17,694,0.0,0.0,0.0,MANTIENE,CASH,0.0,0.005898831599066678,91088.4439945221,122387.81452178955,-0.163385725472403
2023-04-18,695,0.0,0.0,0.0,MANTIENE,CASH,0.0,0.0007888661463921753,91088.4439945221,122484.36212539673,-0.163385725472403
2023-04-19,696,0.0,0.0,0.0,MANTIENE,CASH,0.0,-0.006242789958629591,91088.4439945221,121719.71797943115,-0.163385725472403
2023-04-20,697,0.0,0.0,0.0,MANTIENE,CASH,0.0,0.005424857917123216,91088.4439945221,122380.03015518188,-0.163385725472403
2023-04-21,698,0.0,0.0,0.0,MANTIENE,CASH,0.0,-0.0011151394104469414,91088.4439945221,122243.55936050415,-0.163385725472403
2023-04-24,699,0.0,0.0,0.0,MANTIENE,CASH,0.0,0.0005155768673230643,91088.4439945221,122306.58531188965,-0.163385725472403
2023-04-25,700,0.0,0.0,0.0,MANTIENE,CASH,0.0,-0.00481343727277872,91088.4439945221,121717.87023544312,-0.163385725472403
2023-04-26,701,0.0,0.0,0.0,MANTIENE,CASH,0.0,0.00029881195071501665,91088.4439945221,121754.24098968506,-0.163385725472403
2023-04-27,702,0.0,0.0,0.0,MANTIENE,CASH,0.0,0.00771685592950333,91088.4439945221,122693.8009262085,-0.163385725472403
2023-04-28,703,0.0,0.0,0.0,MANTIENE,CASH,0.0,0.0,91088.4439945221,122693.8009262085,-0.163385725472403
2023-05-01,704,0.0,0.0,0.0,MANTIENE,CASH,0.0,-0.012274513515052266,91088.4439945221,121187.79420852661,-0.163385725472403
2023-05-02,705,0.0,0.0,0.0,MANTIENE,CASH,0.0,0.00560310581313006,91088.4439945221,121866.82224273682,-0.163385725472403
2023-05-03,706,0.0,0.0,0.0,MANTIENE,CASH,0.0,-0.005110276603674246,91088.4439945221,121244.04907226562,-0.163385725472403
2023-05-04,707,0.0,0.0,0.0,MANTIENE,CASH,0.0,0.014413085919064761,91088.4439945221,122991.54996871948,-0.163385725472403
2023-05-05,708,0.0,0.0,0.0,MANTIENE,CASH,0.0,-0.0005131197867189741,91088.4439945221,122928.4405708313,-0.163385725472403
2023-05-08,709,0.0,0.0,0.0,MANTIENE,CASH,0.0,0.00016621436125041633,91088.4439945221,122948.8730430603,-0.163385725472403
2023-05-09,710,0.0,0.0,0.0,MANTIENE,CASH,0.0,-0.0037135076367847963,91088.4439945221,122492.30146408081,-0.163385725472403
2023-05-10,711,0.0,0.0,0.0,MANTIENE,CASH,0.0,-0.0038575630980364206,91088.4439945221,122019.77968215942,-0.163385725472403
2023-05-11,712,0.0,0.0,0.0,MANTIENE,CASH,0.0,0.004983312916352789,91088.4439945221,122627.84242630005,-0.163385725472403
2023-05-12,713,0.0,0.0,0.0,MANTIENE,CASH,0.0,0.00021493629340763043,91088.4439945221,122654.19960021973,-0.163385725472403
2023-05-15,714,0.0,0.0,0.0,MANTIENE,CASH,0.0,-0.0012131426050007166,91088.4439945221,122505.40256500244,-0.163385725472403
2023-05-16,715,0.0,0.0,0.0,MANTIENE,CASH,0.0,0.0033569801697037605,91088.4439945221,122916.65077209473,-0.163385725472403
2023-05-17,716,0.0,0.0,0.0,MANTIENE,CASH,0.0,0.01329425401774964,91088.4439945221,124550.73595046997,-0.163385725472403
2023-05-18,717,0.0,0.0,0.0,MANTIENE,CASH,0.0,0.006930464593805974,91088.4439945221,125413.93041610718,-0.163385725472403
2023-05-19,718,0.0,0.0,0.0,MANTIENE,CASH,0.0,-0.0031574595957238882,91088.4439945221,125017.94099807739,-0.163385725472403
2023-05-22,719,0.0,0.0,0.0,MANTIENE,CASH,0.0,-0.004384269873985214,91088.4439945221,124469.82860565186,-0.163385725472403
2023-05-23,720,0.0,0.0,0.0,MANTIENE,CASH,0.0,-0.019236902427536173,91088.4439945221,122075.41465759277,-0.163385725472403
2023-05-24,721,0.0,0.0,0.0,MANTIENE,CASH,0.0,-0.003050751394375273,91088.4439945221,121702.99291610718,-0.163385725472403
2023-05-25,722,0.0,0.0,0.0,MANTIENE,CASH,0.0,0.012040821663860113,91088.4439945221,123168.39694976807,-0.163385725472403
2023-05-26,723,0.0,0.0,0.0,MANTIENE,CASH,0.0,-0.001954391908567832,91088.4439945221,122927.67763137817,-0.163385725472403
2023-05-29,724,0.0,0.0,0.0,MANTIENE,CASH,0.0,-0.002746917863315712,91088.4439945221,122590.00539779663,-0.163385725472403
2023-05-30,725,0.0,0.0,0.0,MANTIENE,CASH,0.0,-0.015393254985245908,91088.4439945221,120702.94618606567,-0.163385725472403
2023-05-31,726,0.0,0.0,0.0,MANTIENE,CASH,0.0,0.012106706598334904,91088.4439945221,122164.26134109497,-0.163385725472403
2023-06-01,727,0.0,0.0,0.0,MANTIENE,CASH,0.0,0.012462186085103744,91088.4439945221,123686.69509887695,-0.163385725472403
2023-06-02,728,0.0,0.0,0.0,MANTIENE,CASH,0.0,-0.005441424450768673,91088.4439945221,123013.66329193115,-0.163385725472403
2023-06-05,729,0.0,0.0,0.0,MANTIENE,CASH,0.0,0.0017885221763764836,91088.4439945221,123233.67595672607,-0.163385725472403
2023-06-06,730,0.0,0.0,0.0,MANTIENE,CASH,0.0,-0.001993501386686858,91088.4439945221,122988.00945281982,-0.163385725472403
2023-06-07,731,0.0,0.0,0.0,MANTIENE,CASH,0.0,0.0018420115495016987,91088.4439945221,123214.55478668213,-0.163385725472403
2023-06-08,732,0.0,0.0,0.0,MANTIENE,CASH,0.0,-0.0025090978257904517,91088.4439945221,122905.39741516113,-0.163385725472403
2023-06-09,733,0.0,0.0,0.0,MANTIENE,CASH,0.0,0.009281039513670652,91088.4439945221,124046.08726501465,-0.163385725472403
2023-06-12,734,0.0,0.0,0.0,MANTIENE,CASH,0.0,0.008250158085825632,91088.4439945221,125069.48709487915,-0.163385725472403
2023-06-13,735,0.0,0.0,0.0,MANTIENE,CASH,0.0,0.004935667990806802,91088.4439945221,125686.78855895996,-0.163385725472403
2023-06-14,736,0.0,0.0,0.0,MANTIENE,CASH,0.0,-0.0012672416376847684,91088.4439945221,125527.51302719116,-0.163385725472403
2023-06-15,737,0.0,0.0,0.0,MANTIENE,CASH,0.0,0.004144250181695064,91088.4439945221,126047.73044586182,-0.163385725472403
2023-06-16,738,0.0,0.0,0.0,MANTIENE,CASH,0.0,-0.009563112075773317,91088.4439945221,124842.32187271118,-0.163385725472403
2023-06-19,739,0.0,0.0,0.0,MANTIENE,CASH,0.0,-0.0055477504821421775,91088.4439945221,124149.7278213501,-0.163385725472403
2023-06-20,740,0.0,0.0,0.0,MANTIENE,CASH,0.0,-0.005473749221513113,91088.4439945221,123470.16334533691,-0.163385725472403
2023-06-21,741,0.0,0.0,0.0,MANTIENE,CASH,0.0,-0.0021824916378854198,91088.4439945221,123200.69074630737,-0.163385725472403
2023-06-22,742,0.0,0.0,0.0,MANTIENE,CASH,0.0,-0.009896057242586576,91088.4439945221,121981.48965835571,-0.163385725472403
2023-06-23,743,0.0,0.0,0.0,MANTIENE,CASH,0.0,-0.0010664009524898876,91088.4439945221,121851.4084815979,-0.163385725472403
2023-06-26,744,0.0,0.0,0.0,MANTIENE,CASH,0.0,0.0021375245471932924,91088.4439945221,122111.8688583374,-0.163385725472403
2023-06-27,745,0.0,0.0,0.0,MANTIENE,CASH,0.0,0.0064454620233775906,91088.4439945221,122898.93627166748,-0.163385725472403
2023-06-28,746,0.0,0.0,0.0,MANTIENE,CASH,0.0,-0.00014297478735647573,91088.4439945221,122881.3648223877,-0.163385725472403
2023-06-29,747,0.0,0.0,0.0,MANTIENE,CASH,0.0,0.012615788303416808,91088.4439945221,124431.61010742188,-0.163385725472403
2023-06-30,748,0.0,0.0,0.0,MANTIENE,CASH,0.0,-0.004140512431405008,91088.4439945221,123916.39947891235,-0.163385725472403
2023-07-03,749,0.0,0.0,0.0,MANTIENE,CASH,0.0,-0.0026036904197179744,91088.4439945221,123593.75953674316,-0.163385725472403
2023-07-04,750,0.0,0.0,0.0,MANTIENE,CASH,0.0,-0.00633384376004309,91088.4439945221,122810.9359741211,-0.163385725472403
2023-07-05,751,0.0,0.0,0.0,MANTIENE,CASH,0.0,-0.025665182960258326,91088.4439945221,119658.9708328247,-0.163385725472403
2023-07-06,752,0.0,0.0,0.0,MANTIENE,CASH,0.0,0.004820814921951522,91088.4439945221,120235.82458496094,-0.163385725472403
2023-07-07,753,0.0,0.0,0.0,MANTIENE,CASH,0.0,0.0044708010381007135,91088.4439945221,120773.37503433228,-0.163385725472403
2023-07-10,754,0.0,0.0,0.0,MANTIENE,CASH,0.0,0.007476504522413663,91088.4439945221,121676.33771896362,-0.163385725472403
2023-07-11,755,0.0,0.0,0.0,MANTIENE,CASH,0.0,0.014734370724420964,91088.4439945221,123469.16198730469,-0.163385725472403
2023-07-12,756,0.0,0.0,0.0,MANTIENE,CASH,0.0,0.007366270735045477,91088.4439945221,124378.66926193237,-0.163385725472403
2023-07-13,757,0.0,0.0,0.0,MANTIENE,CASH,0.0,-0.0022278900007945968,91088.4439945221,124101.56726837158,-0.163385725472403
2023-07-14,758,0.0,0.0,0.0,MANTIENE,CASH,0.0,-0.0022613937570470366,91088.4439945221,123820.92475891113,-0.163385725472403
2023-07-17,759,0.0,0.0,0.0,MANTIENE,CASH,0.0,0.00353735665050392,91088.4439945221,124258.92353057861,-0.163385725472403
2023-07-18,760,0.0,0.0,0.0,MANTIENE,CASH,0.0,-0.0010269970223322211,91088.4439945221,124131.3099861145,-0.163385725472403
2023-07-19,761,0.0,0.0,0.0,MANTIENE,CASH,0.0,0.005915361241246364,91088.4439945221,124865.5915260315,-0.163385725472403
2023-07-20,762,0.0,0.0,0.0,MANTIENE,CASH,0.0,-0.001666239438024908,91088.4439945221,124657.53555297852,-0.163385725472403
2023-07-21,763,0.0,0.0,0.0,MANTIENE,CASH,0.0,0.0008487111830584038,91088.4439945221,124763.33379745483,-0.163385725472403
2023-07-24,764,0.0,0.0,0.0,MANTIENE,CASH,0.0,0.0012748059007212653,91088.4439945221,124922.38283157349,-0.163385725472403
2023-07-25,765,0.0,0.0,0.0,MANTIENE,CASH,0.0,-0.004942720609081852,91088.4439945221,124304.92639541626,-0.163385725472403
2023-07-26,766,0.0,0.0,0.0,MANTIENE,CASH,0.0,0.017020743224639867,91088.4439945221,126420.68862915039,-0.163385725472403
2023-07-27,767,0.0,0.0,0.0,MANTIENE,CASH,0.0,0.00388394611716647,91088.4439945221,126911.6997718811,-0.163385725472403
2023-07-28,768,0.0,0.0,0.0,MANTIENE,CASH,0.0,-0.0013916800713874578,91088.4439945221,126735.07928848267,-0.163385725472403
2023-07-31,769,0.0,0.0,0.0,MANTIENE,CASH,0.0,-0.012551323642272072,91088.4439945221,125144.3862915039,-0.163385725472403
2023-08-01,770,0.0,0.0,0.0,MANTIENE,CASH,0.0,-0.013569893022128632,91088.4439945221,123446.19035720825,-0.163385725472403
2023-08-02,771,0.0,0.0,0.0,MANTIENE,CASH,0.0,-0.007905137958230002,91088.4439945221,122470.3311920166,-0.163385725472403
2023-08-03,772,0.0,0.0,0.0,MANTIENE,CASH,0.0,0.00367964120699793,91088.4439945221,122920.97806930542,-0.163385725472403
2023-08-04,773,0.0,0.0,0.0,MANTIENE,CASH,0.0,-6.905006410895531e-05,91088.4439945221,122912.4903678894,-0.163385725472403
2023-08-07,774,0.0,0.0,0.0,MANTIENE,CASH,0.0,-0.011023265562287166,91088.4439945221,121557.59334564209,-0.163385725472403
2023-08-08,775,0.0,0.0,0.0,MANTIENE,CASH,0.0,0.0049223349243257,91088.4439945221,122155.94053268433,-0.163385725472403
2023-08-09,776,0.0,0.0,0.0,MANTIENE,CASH,0.0,0.00907986126528626,91088.4439945221,123265.09952545166,-0.163385725472403
2023-08-10,777,0.0,0.0,0.0,MANTIENE,CASH,0.0,-0.01027405010296678,91088.4439945221,121998.66771697998,-0.163385725472403
2023-08-11,778,0.0,0.0,0.0,MANTIENE,CASH,0.0,0.004552769740834295,91088.4439945221,122554.09955978394,-0.163385725472403
2023-08-14,779,0.0,0.0,0.0,MANTIENE,CASH,0.0,-0.008612157501184492,91088.4439945221,121498.64435195923,-0.163385725472403
2023-08-15,780,0.0,0.0,0.0,MANTIENE,CASH,0.0,0.0014060966175091227,91088.4439945221,121669.48318481445,-0.163385725472403
2023-08-16,781,0.0,0.0,0.0,MANTIENE,CASH,0.0,-0.007128191240455939,91088.4439945221,120802.19984054565,-0.163385725472403
2023-08-17,782,0.0,0.0,0.0,MANTIENE,CASH,0.0,-0.006547214160226855,91088.4439945221,120011.28196716309,-0.163385725472403
2023-08-18,783,0.0,0.0,0.0,MANTIENE,CASH,0.0,0.0018633640321374934,91088.4439945221,120234.9066734314,-0.163385725472403
2023-08-21,784,0.0,0.0,0.0,MANTIENE,CASH,0.0,0.006558870755455359,91088.4439945221,121023.51188659668,-0.163385725472403
2023-08-22,785,0.0,0.0,0.0,MANTIENE,CASH,0.0,0.0014510172585455727,91088.4439945221,121199.11909103394,-0.163385725472403
2023-08-23,786,0.0,0.0,0.0,MANTIENE,CASH,0.0,-0.006797831280056399,91088.4439945221,120375.22792816162,-0.163385725472403
2023-08-24,787,0.0,0.0,0.0,MANTIENE,CASH,0.0,0.0006612327469948109,91088.4439945221,120454.82397079468,-0.163385725472403
2023-08-25,788,0.0,0.0,0.0,MANTIENE,CASH,0.0,0.010286127454516958,91088.4439945221,121693.83764266968,-0.163385725472403
2023-08-28,789,0.0,0.0,0.0,MANTIENE,CASH,0.0,0.008755322445130886,91088.4439945221,122759.30643081665,-0.163385725472403
2023-08-29,790,0.0,0.0,0.0,MANTIENE,CASH,0.0,-0.0024449889622023546,91088.4439945221,122459.1612815857,-0.163385725472403
2023-08-30,791,0.0,0.0,0.0,MANTIENE,CASH,0.0,0.003470390559603187,91088.4439945221,122884.14239883423,-0.163385725472403
2023-08-31,792,0.0,0.0,0.0,MANTIENE,CASH,0.0,-0.006693461336719109,91088.4439945221,122061.62214279175,-0.163385725472403
2023-09-01,793,0.0,0.0,0.0,MANTIENE,CASH,0.0,-0.0009779016494435577,91088.4439945221,121942.25788116455,-0.163385725472403
2023-09-04,794,0.0,0.0,0.0,MANTIENE,CASH,0.0,-0.003358014823753641,91088.4439945221,121532.77397155762,-0.163385725472403
2023-09-05,795,0.0,0.0,0.0,MANTIENE,CASH,0.0,-0.0019236073537888254,91088.4439945221,121298.99263381958,-0.163385725472403
2023-09-06,796,0.0,0.0,0.0,MANTIENE,CASH,0.0,-0.0014427097312245118,91088.4439945221,121123.99339675903,-0.163385725472403
2023-09-07,797,0.0,0.0,0.0,MANTIENE,CASH,0.0,0.0013766880495544864,91088.4439945221,121290.74335098267,-0.163385725472403
2023-09-08,798,0.0,0.0,0.0,MANTIENE,CASH,0.0,0.0038556779354088633,91088.4439945221,121758.40139389038,-0.163385725472403
2023-09-11,799,0.0,0.0,0.0,MANTIENE,CASH,0.0,-0.0054084484427250334,91088.4439945221,121099.87735748291,-0.163385725472403
2023-09-12,800,0.0,0.0,0.0,MANTIENE,CASH,0.0,-0.003913336825942637,91088.4439945221,120625.97274780273,-0.163385725472403
2023-09-13,801,0.0,0.0,0.0,MANTIENE,CASH,0.0,0.009662668843464228,91088.4439945221,121791.5415763855,-0.163385725472403
2023-09-14,802,0.0,0.0,0.0,MANTIENE,CASH,0.0,0.005582964612055985,91088.4439945221,122471.4994430542,-0.163385725472403
2023-09-15,803,0.0,0.0,0.0,MANTIENE,CASH,0.0,-0.010470374026612106,91088.4439945221,121189.1770362854,-0.163385725472403
2023-09-18,804,0.0,0.0,0.0,MANTIENE,CASH,0.0,-0.003982850822120798,91088.4439945221,120706.49862289429,-0.163385725472403
2023-09-19,805,0.0,0.0,0.0,MANTIENE,CASH,0.0,0.007476103873401918,91088.4439945221,121608.9129447937,-0.163385725472403
2023-09-20,806,0.0,0.0,0.0,MANTIENE,CASH,0.0,-0.013289489226612883,91088.4439945221,119992.79260635376,-0.163385725472403
2023-09-21,807,0.0,0.0,0.0,MANTIENE,CASH,0.0,-0.00093574978454114,91088.4439945221,119880.50937652588,-0.163385725472403
2023-09-22,808,0.0,0.0,0.0,MANTIENE,CASH,0.0,-0.009757459647707578,91088.4439945221,118710.7801437378,-0.163385725472403
2023-09-25,809,0.0,0.0,0.0,MANTIENE,CASH,0.0,-0.009712114118822113,91088.4439945221,117557.84749984741,-0.163385725472403
2023-09-26,810,0.0,0.0,0.0,MANTIENE,CASH,0.0,-0.0025183879842624046,91088.4439945221,117261.79122924805,-0.163385725472403
2023-09-27,811,0.0,0.0,0.0,MANTIENE,CASH,0.0,0.006968950348045899,91088.4439945221,118078.98283004761,-0.163385725472403
2023-09-28,812,0.0,0.0,0.0,MANTIENE,CASH,0.0,0.004116632676044452,91088.4439945221,118565.07062911987,-0.163385725472403
2023-09-29,813,0.0,0.0,0.0,MANTIENE,CASH,0.0,-0.009057950067962284,91088.4439945221,117491.11413955688,-0.163385725472403
2023-10-02,814,0.0,0.0,0.0,MANTIENE,CASH,0.0,-0.010624836835798068,91088.4439945221,116242.79022216797,-0.163385725472403
2023-10-03,815,0.0,0.0,0.0,MANTIENE,CASH,0.0,0.0009750642795847142,91088.4439945221,116356.13441467285,-0.163385725472403
2023-10-04,816,0.0,0.0,0.0,MANTIENE,CASH,0.0,-0.0019668751908170634,91088.4439945221,116127.27642059326,-0.163385725472403
2023-10-05,817,0.0,0.0,0.0,MANTIENE,CASH,0.0,0.010587117210948405,91088.4439945221,117356.72950744629,-0.163385725472403
2023-10-06,818,0.0,0.0,0.0,MANTIENE,CASH,0.0,-0.006675032677826542,91088.4439945221,116573.36950302124,-0.163385725472403
2023-10-09,819,0.0,0.0,0.0,MANTIENE,CASH,0.0,0.01952717912669577,91088.4439945221,118849.71857070923,-0.163385725472403
2023-10-10,820,0.0,0.0,0.0,MANTIENE,CASH,0.0,0.002365836071341887,91088.4439945221,119130.89752197266,-0.163385725472403
2023-10-11,821,0.0,0.0,0.0,MANTIENE,CASH,0.0,-0.0022625878777884356,91088.4439945221,118861.35339736938,-0.163385725472403
2023-10-12,822,0.0,0.0,0.0,MANTIENE,CASH,0.0,-0.015453504142540875,91088.4439945221,117024.52898025513,-0.163385725472403
2023-10-13,823,0.0,0.0,0.0,MANTIENE,CASH,0.0,0.003379944582355243,91088.4439945221,117420.06540298462,-0.163385725472403
2023-10-16,824,0.0,0.0,0.0,MANTIENE,CASH,0.0,0.000899094600772532,91088.4439945221,117525.63714981079,-0.163385725472403
2023-10-17,825,0.0,0.0,0.0,MANTIENE,CASH,0.0,-0.010279482267809392,91088.4439945221,116317.53444671631,-0.163385725472403
2023-10-18,826,0.0,0.0,0.0,MANTIENE,CASH,0.0,-0.0032911357118714513,91088.4439945221,115934.71765518188,-0.163385725472403
2023-10-19,827,0.0,0.0,0.0,MANTIENE,CASH,0.0,-0.016401329767516848,91088.4439945221,114033.23411941528,-0.163385725472403
2023-10-20,828,0.0,0.0,0.0,MANTIENE,CASH,0.0,0.0001521043559238322,91088.4439945221,114050.57907104492,-0.163385725472403
2023-10-23,829,0.0,0.0,0.0,MANTIENE,CASH,0.0,0.005352422889070896,91088.4439945221,114661.02600097656,-0.163385725472403
2023-10-24,830,0.0,0.0,0.0,MANTIENE,CASH,0.0,0.0008225845623583972,91088.4439945221,114755.34439086914,-0.163385725472403
2023-10-25,831,0.0,0.0,0.0,MANTIENE,CASH,0.0,-0.010819751898326069,91088.4439945221,113513.72003555298,-0.163385725472403
2023-10-26,832,0.0,0.0,0.0,MANTIENE,CASH,0.0,-0.0029624391200330225,91088.4439945221,113177.44255065918,-0.163385725472403
2023-10-27,833,0.0,0.0,0.0,MANTIENE,CASH,0.0,0.00198335540338479,91088.4439945221,113401.9136428833,-0.163385725472403
2023-10-30,834,0.0,0.0,0.0,MANTIENE,CASH,0.0,0.00637369988905534,91088.4439945221,114124.7034072876,-0.163385725472403
2023-10-31,835,0.0,0.0,0.0,MANTIENE,CASH,0.0,0.007625131692006404,91088.4439945221,114994.91930007935,-0.163385725472403
2023-11-01,836,0.0,0.0,0.0,MANTIENE,CASH,0.0,0.014764152659733742,91088.4439945221,116692.72184371948,-0.163385725472403
2023-11-02,837,0.0,0.0,0.0,MANTIENE,CASH,0.0,0.0030145384131712305,91088.4439945221,117044.49653625488,-0.163385725472403
2023-11-03,838,0.0,0.0,0.0,MANTIENE,CASH,0.0,-0.003507800249409221,91088.4439945221,116633.92782211304,-0.163385725472403
2023-11-06,839,0.0,0.0,0.0,MANTIENE,CASH,0.0,0.0011012919815824862,91088.4439945221,116762.375831604,-0.163385725472403
2023-11-07,840,0.0,0.0,0.0,MANTIENE,CASH,0.0,0.005079053671471323,91088.4439945221,117355.41820526123,-0.163385725472403
2023-11-08,841,0.0,0.0,0.0,MANTIENE,CASH,0.0,0.008072437707768554,91088.4439945221,118302.76250839233,-0.163385725472403
2023-11-09,842,0.0,0.0,0.0,MANTIENE,CASH,0.0,-0.007695822885129933,91088.4439945221,117392.32540130615,-0.163385725472403
2023-11-10,843,0.0,0.0,0.0,MANTIENE,CASH,0.0,0.007260564065371566,91088.4439945221,118244.65990066528,-0.163385725472403
2023-11-13,844,0.0,0.0,0.0,MANTIENE,CASH,0.0,0.017558179028883902,91088.4439945221,120320.82080841064,-0.163385725472403
2023-11-14,845,0.0,0.0,0.0,MANTIENE,CASH,0.0,0.008565136950050345,91088.4439945221,121351.38511657715,-0.163385725472403
2023-11-15,846,0.0,0.0,0.0,MANTIENE,CASH,0.0,0.002440938291649708,91088.4439945221,121647.59635925293,-0.163385725472403
2023-11-16,847,0.0,0.0,0.0,MANTIENE,CASH,0.0,0.00839636083547135,91088.4439945221,122668.99347305298,-0.163385725472403
2023-11-17,848,0.0,0.0,0.0,MANTIENE,CASH,0.0,-0.0011199953820233421,91088.4439945221,122531.6047668457,-0.163385725472403
2023-11-20,849,0.0,0.0,0.0,MANTIENE,CASH,0.0,-5.0298209033572405e-05,91088.4439945221,122525.44164657593,-0.163385725472403
2023-11-21,850,0.0,0.0,0.0,MANTIENE,CASH,0.0,0.0036029728612432255,91088.4439945221,122966.89748764038,-0.163385725472403
2023-11-22,851,0.0,0.0,0.0,MANTIENE,CASH,0.0,0.0023129919494617734,91088.4439945221,123251.31893157959,-0.163385725472403
2023-11-23,852,0.0,0.0,0.0,MANTIENE,CASH,0.0,0.0021732128711771104,91088.4439945221,123519.17028427124,-0.163385725472403
2023-11-24,853,0.0,0.0,0.0,MANTIENE,CASH,0.0,-0.003937735504349282,91088.4439945221,123032.7844619751,-0.163385725472403
2023-11-27,854,0.0,0.0,0.0,MANTIENE,CASH,0.0,0.0016471690299666442,91088.4439945221,123235.44025421143,-0.163385725472403
2023-11-28,855,0.0,0.0,0.0,MANTIENE,CASH,0.0,0.01086620690135498,91088.4439945221,124574.54204559326,-0.163385725472403
2023-11-29,856,0.0,0.0,0.0,MANTIENE,CASH,0.0,0.003029740470638087,91088.4439945221,124951.97057723999,-0.163385725472403
2023-11-30,857,0.0,0.0,0.0,MANTIENE,CASH,0.0,0.011229442923120336,91088.4439945221,126355.1115989685,-0.163385725472403
2023-12-01,858,0.0,0.0,0.0,MANTIENE,CASH,0.0,0.00044153296850257817,91088.4439945221,126410.90154647827,-0.163385725472403
2023-12-04,859,0.0,0.0,0.0,MANTIENE,CASH,0.0,0.00782394381803675,91088.4439945221,127399.93333816528,-0.163385725472403
2023-12-05,860,0.0,0.0,0.0,MANTIENE,CASH,0.0,0.0074595673037380905,91088.4439945221,128350.28171539307,-0.163385725472403
2023-12-06,861,0.0,0.0,0.0,MANTIENE,CASH,0.0,-0.0016479359423531292,91088.4439945221,128138.76867294312,-0.163385725472403
2023-12-07,862,0.0,0.0,0.0,MANTIENE,CASH,0.0,0.007831476225035106,91088.4439945221,129142.28439331055,-0.163385725472403
2023-12-08,863,0.0,0.0,0.0,MANTIENE,CASH,0.0,0.002100848868851868,91088.4439945221,129413.59281539917,-0.163385725472403
2023-12-11,864,0.0,0.0,0.0,MANTIENE,CASH,0.0,-0.00016009581430509456,91088.4439945221,129392.87424087524,-0.163385725472403
2023-12-12,865,0.0,0.0,0.0,MANTIENE,CASH,0.0,-0.0015299060894150562,91088.4439945221,129194.91529464722,-0.163385725472403
2023-12-13,866,0.0,0.0,0.0,MANTIENE,CASH,0.0,-0.0008242558007244272,91088.4439945221,129088.4256362915,-0.163385725472403
2023-12-14,867,0.0,0.0,0.0,MANTIENE,CASH,0.0,-4.7281664447562655e-05,91088.4439945221,129082.3221206665,-0.163385725472403
2023-12-15,868,0.0,0.0,0.0,MANTIENE,CASH,0.0,-0.00602269442502501,91088.4439945221,128304.89873886108,-0.163385725472403
2023-12-18,869,0.0,0.0,0.0,MANTIENE,CASH,0.0,0.005637092649397379,91088.4439945221,129028.16534042358,-0.163385725472403
2023-12-19,870,0.0,0.0,0.0,MANTIENE,CASH,0.0,-0.0006784207237713336,91088.4439945221,128940.62995910645,-0.163385725472403
2023-12-20,871,0.0,0.0,0.0,MANTIENE,CASH,0.0,-0.0027269893172578996,91088.4439945221,128589.01023864746,-0.163385725472403
2023-12-21,872,0.0,0.0,0.0,MANTIENE,CASH,0.0,0.0011241488229905006,91088.4439945221,128733.56342315674,-0.163385725472403
2023-12-22,873,0.0,0.0,0.0,MANTIENE,CASH,0.0,0.0,91088.4439945221,128733.56342315674,-0.163385725472403
2023-12-25,874,0.0,0.0,0.0,MANTIENE,CASH,0.0,0.0,91088.4439945221,128733.56342315674,-0.163385725472403
2023-12-26,875,0.0,0.0,0.0,MANTIENE,CASH,0.0,0.0021483562204265283,91088.4439945221,129010.12897491455,-0.163385725472403
2023-12-27,876,0.0,0.0,0.0,MANTIENE,CASH,0.0,-0.002420220595641176,91088.4439945221,128697.89600372314,-0.163385725472403
2023-12-28,877,0.0,0.0,0.0,MANTIENE,CASH,0.0,0.002999084287254705,91088.4439945221,129083.87184143066,-0.163385725472403
2023-12-29,878,0.0,0.0,0.0,MANTIENE,CASH,0.0,0.0,91088.4439945221,129083.87184143066,-0.163385725472403
2024-01-01,879,0.0,0.0,0.0,MANTIENE,CASH,0.0,0.0010577798628415014,91088.4439945221,129220.41416168213,-0.163385725472403
2024-01-02,880,0.0,0.0,0.0,MANTIENE,CASH,0.0,-0.013773232221940712,91088.4439945221,127440.63138961792,-0.163385725472403
2024-01-03,881,0.0,0.0,0.0,MANTIENE,CASH,0.0,0.004770592942609397,91088.4439945221,128048.5987663269,-0.163385725472403
2024-01-04,882,0.0,0.0,0.0,MANTIENE,CASH,0.0,-0.0013888197127122082,91088.4439945221,127870.76234817505,-0.163385725472403
2024-01-05,883,0.0,0.0,0.0,MANTIENE,CASH,0.0,0.007367588001279346,91088.4439945221,128812.86144256592,-0.163385725472403
2024-01-08,884,0.0,0.0,0.0,MANTIENE,CASH,0.0,-0.0016816271109644232,91088.4439945221,128596.2462425232,-0.163385725472403
2024-01-09,885,0.0,0.0,0.0,MANTIENE,CASH,0.0,8.69530152440845e-05,91088.4439945221,128607.42807388306,-0.163385725472403
2024-01-10,886,0.0,0.0,0.0,MANTIENE,CASH,0.0,-0.008554950778954296,91088.4439945221,127507.19785690308,-0.163385725472403
2024-01-11,887,0.0,0.0,0.0,MANTIENE,CASH,0.0,0.009520217642371653,91088.4439945221,128721.09413146973,-0.163385725472403
2024-01-12,888,0.0,0.0,0.0,MANTIENE,CASH,0.0,-0.0049291955441739255,91088.4439945221,128086.6026878357,-0.163385725472403
2024-01-15,889,0.0,0.0,0.0,MANTIENE,CASH,0.0,-0.0030405736493109847,91088.4439945221,127697.14593887329,-0.163385725472403
2024-01-16,890,0.0,0.0,0.0,MANTIENE,CASH,0.0,-0.0084476185755189,91088.4439945221,126618.40915679932,-0.163385725472403
2024-01-17,891,0.0,0.0,0.0,MANTIENE,CASH,0.0,0.008256067256651178,91088.4439945221,127663.77925872803,-0.163385725472403
2024-01-18,892,0.0,0.0,0.0,MANTIENE,CASH,0.0,-0.0007375891451977257,91088.4439945221,127569.61584091187,-0.163385725472403
2024-01-19,893,0.0,0.0,0.0,MANTIENE,CASH,0.0,0.007745590144762504,91088.4439945221,128557.71780014038,-0.163385725472403
2024-01-22,894,0.0,0.0,0.0,MANTIENE,CASH,0.0,-0.0033728037204047157,91088.4439945221,128124.11785125732,-0.163385725472403
2024-01-23,895,0.0,0.0,0.0,MANTIENE,CASH,0.0,0.01580737693097123,91088.4439945221,130149.42407608032,-0.163385725472403
2024-01-24,896,0.0,0.0,0.0,MANTIENE,CASH,0.0,0.0010065283747300313,91088.4439945221,130280.42316436768,-0.163385725472403
2024-01-25,897,0.0,0.0,0.0,MANTIENE,CASH,0.0,0.003221788034712958,91088.4439945221,130700.15907287598,-0.163385725472403
2024-01-26,898,0.0,0.0,0.0,MANTIENE,CASH,0.0,-0.0011602597756058541,91088.4439945221,130548.51293563843,-0.163385725472403
2024-01-29,899,0.0,0.0,0.0,MANTIENE,CASH,0.0,0.0018078379151587054,91088.4439945221,130784.52348709106,-0.163385725472403
2024-01-30,900,0.0,0.0,0.0,MANTIENE,CASH,0.0,-0.0040406522613569695,91088.4439945221,130256.06870651245,-0.163385725472403
2024-01-31,901,0.0,0.0,0.0,MANTIENE,CASH,0.0,-0.00264563653467742,91088.4439945221,129911.45849227905,-0.163385725472403
2024-02-01,902,0.0,0.0,0.0,MANTIENE,CASH,0.0,0.0035098028833990824,91088.4439945221,130367.42210388184,-0.163385725472403
2024-02-02,903,0.0,0.0,0.0,MANTIENE,CASH,0.0,-0.0008364109329799252,91088.4439945221,130258.38136672974,-0.163385725472403
2024-02-05,904,0.0,0.0,0.0,MANTIENE,CASH,0.0,0.007641990635008256,91088.4439945221,131253.81469726562,-0.163385725472403
2024-02-06,905,0.0,0.0,0.0,MANTIENE,CASH,0.0,-0.00653311496945419,91088.4439945221,130396.31843566895,-0.163385725472403
2024-02-07,906,0.0,0.0,0.0,MANTIENE,CASH,0.0,0.0024743025419722287,91088.4439945221,130718.95837783813,-0.163385725472403
2024-02-08,907,0.0,0.0,0.0,MANTIENE,CASH,0.0,-0.0022006290455858224,91088.4439945221,130431.29444122314,-0.163385725472403
2024-02-09,908,0.0,0.0,0.0,MANTIENE,CASH,0.0,0.0065489056672061174,91088.4439945221,131285.4766845703,-0.163385725472403
2024-02-12,909,0.0,0.0,0.0,MANTIENE,CASH,0.0,-0.009186850042277261,91088.4439945221,130079.37669754028,-0.163385725472403
2024-02-13,910,0.0,0.0,0.0,MANTIENE,CASH,0.0,0.0038297817354326913,91088.4439945221,130577.552318573,-0.163385725472403
2024-02-14,911,0.0,0.0,0.0,MANTIENE,CASH,0.0,0.005972626996380015,91088.4439945221,131357.44333267212,-0.163385725472403
2024-02-15,912,0.0,0.0,0.0,MANTIENE,CASH,0.0,0.004150353646286131,91088.4439945221,131902.6231765747,-0.163385725472403
2024-02-16,913,0.0,0.0,0.0,MANTIENE,CASH,0.0,-0.001470971804807264,91088.4439945221,131708.59813690186,-0.163385725472403
2024-02-19,914,0.0,0.0,0.0,MANTIENE,CASH,0.0,-0.0013942141380409723,91088.4439945221,131524.96814727783,-0.163385725472403
2024-02-20,915,0.0,0.0,0.0,MANTIENE,CASH,0.0,0.0029112361206455883,91088.4439945221,131907.86838531494,-0.163385725472403
2024-02-21,916,0.0,0.0,0.0,MANTIENE,CASH,0.0,0.014740492609555345,91088.4439945221,133852.25534439087,-0.163385725472403
2024-02-22,917,0.0,0.0,0.0,MANTIENE,CASH,0.0,0.002814039936977375,91088.4439945221,134228.92093658447,-0.163385725472403
2024-02-23,918,0.0,0.0,0.0,MANTIENE,CASH,0.0,0.00022389110845910665,91088.4439945221,134258.97359848022,-0.163385725472403
2024-02-26,919,0.0,0.0,0.0,MANTIENE,CASH,0.0,0.00764841852032494,91088.4439945221,135285.84241867065,-0.163385725472403
2024-02-27,920,0.0,0.0,0.0,MANTIENE,CASH,0.0,0.0025478034777683956,91088.4439945221,135630.52415847778,-0.163385725472403
2024-02-28,921,0.0,0.0,0.0,MANTIENE,CASH,0.0,0.0043729240300582894,91088.4439945221,136223.62613677979,-0.163385725472403
2024-02-29,922,0.0,0.0,0.0,MANTIENE,CASH,0.0,0.003217567526650811,91088.4439945221,136661.9348526001,-0.163385725472403
2024-03-01,923,0.0,0.0,0.0,MANTIENE,CASH,0.0,-0.0010656807193698548,91088.4439945221,136516.2968635559,-0.163385725472403
2024-03-04,924,0.0,0.0,0.0,MANTIENE,CASH,0.0,-0.0010030722635543388,91088.4439945221,136379.36115264893,-0.163385725472403
2024-03-05,925,0.0,0.0,0.0,MANTIENE,CASH,0.0,0.0010345855408016025,91088.4439945221,136520.45726776123,-0.163385725472403
2024-03-06,926,0.0,0.0,0.0,MANTIENE,CASH,0.0,0.007119788518608727,91088.4439945221,137492.45405197144,-0.163385725472403
2024-03-07,927,0.0,0.0,0.0,MANTIENE,CASH,0.0,-0.001588301692873495,91088.4439945221,137274.07455444336,-0.163385725472403
2024-03-08,928,0.0,0.0,0.0,MANTIENE,CASH,0.0,-0.003830614767167173,91088.4439945221,136748.2304573059,-0.163385725472403
2024-03-11,929,0.0,0.0,0.0,MANTIENE,CASH,0.0,0.012331586912803782,91088.4439945221,138434.5531463623,-0.163385725472403
2024-03-12,930,0.0,0.0,0.0,MANTIENE,CASH,0.0,-0.0002075308377046392,91088.4439945221,138405.82370758057,-0.163385725472403
2024-03-13,931,0.0,0.0,0.0,MANTIENE,CASH,0.0,-0.0010768004539408738,91088.4439945221,138256.78825378418,-0.163385725472403
2024-03-14,932,0.0,0.0,0.0,MANTIENE,CASH,0.0,-0.00030040128230990337,91088.4439945221,138215.2557373047,-0.163385725472403
2024-03-15,933,0.0,0.0,0.0,MANTIENE,CASH,0.0,-0.00022131495930421963,91088.4439945221,138184.66663360596,-0.163385725472403
2024-03-18,934,0.0,0.0,0.0,MANTIENE,CASH,0.0,0.0030563925957813876,91088.4439945221,138607.01322555542,-0.163385725472403
2024-03-19,935,0.0,0.0,0.0,MANTIENE,CASH,0.0,0.001536655560810507,91088.4439945221,138820.0044631958,-0.163385725472403
2024-03-20,936,0.0,0.0,0.0,MANTIENE,CASH,0.0,0.009110124408054032,91088.4439945221,140084.67197418213,-0.163385725472403
2024-03-21,937,0.0,0.0,0.0,MANTIENE,CASH,0.0,0.0014681111318939344,91088.4439945221,140290.33184051514,-0.163385725472403
2024-03-22,938,0.0,0.0,0.0,MANTIENE,CASH,0.0,0.0030413634607779905,91088.4439945221,140717.0057296753,-0.163385725472403
2024-03-25,939,0.0,0.0,0.0,MANTIENE,CASH,0.0,0.006737687727705,91088.4439945221,141665.11297225952,-0.163385725472403
2024-03-26,940,0.0,0.0,0.0,MANTIENE,CASH,0.0,0.0050445436706705316,91088.4439945221,142379.74882125854,-0.163385725472403
2024-03-27,941,0.0,0.0,0.0,MANTIENE,CASH,0.0,0.0008334952739437185,91088.4439945221,142498.42166900635,-0.163385725472403
2024-03-28,942,0.0,0.0,0.0,MANTIENE,CASH,0.0,0.0,91088.4439945221,142498.42166900635,-0.163385725472403
2024-03-29,943,0.0,0.0,0.0,MANTIENE,CASH,0.0,0.0,91088.4439945221,142498.42166900635,-0.163385725472403
2024-04-01,944,0.0,0.0,0.0,MANTIENE,CASH,0.0,-0.011321327054182873,91088.4439945221,140885.15043258667,-0.163385725472403
2024-04-02,945,0.0,0.0,0.0,MANTIENE,CASH,0.0,0.004626637174558912,91088.4439945221,141536.9749069214,-0.163385725472403
2024-04-03,946,0.0,0.0,0.0,MANTIENE,CASH,0.0,0.001927822344883534,91088.4439945221,141809.83304977417,-0.163385725472403
2024-04-04,947,0.0,0.0,0.0,MANTIENE,CASH,0.0,-0.012394132384253354,91088.4439945221,140052.2232055664,-0.163385725472403
2024-04-05,948,0.0,0.0,0.0,MANTIENE,CASH,0.0,0.007919184449465266,91088.4439945221,141161.32259368896,-0.163385725472403
2024-04-08,949,0.0,0.0,0.0,MANTIENE,CASH,0.0,-0.013225722819886432,91088.4439945221,139294.36206817627,-0.163385725472403
2024-04-09,950,0.0,0.0,0.0,MANTIENE,CASH,0.0,0.0011401935735975144,91088.4439945221,139453.18460464478,-0.163385725472403
2024-04-10,951,0.0,0.0,0.0,MANTIENE,CASH,0.0,-0.007891739749966264,91088.4439945221,138352.65636444092,-0.163385725472403
2024-04-11,952,0.0,0.0,0.0,MANTIENE,CASH,0.0,-0.0013456992681801783,91088.4439945221,138166.4752960205,-0.163385725472403
2024-04-12,953,0.0,0.0,0.0,MANTIENE,CASH,0.0,0.005368566874002001,91088.4439945221,138908.23125839233,-0.163385725472403
2024-04-15,954,0.0,0.0,0.0,MANTIENE,CASH,0.0,-0.01444252105584165,91088.4439945221,136902.04620361328,-0.163385725472403
2024-04-16,955,0.0,0.0,0.0,MANTIENE,CASH,0.0,0.00021324995367533184,91088.4439945221,136931.24055862427,-0.163385725472403
2024-04-17,956,0.0,0.0,0.0,MANTIENE,CASH,0.0,0.0037918883919341173,91088.4439945221,137450.46854019165,-0.163385725472403
2024-04-18,957,0.0,0.0,0.0,MANTIENE,CASH,0.0,-0.0056084982534099215,91088.4439945221,136679.5778274536,-0.163385725472403
2024-04-19,958,0.0,0.0,0.0,MANTIENE,CASH,0.0,0.006959391441151208,91088.4439945221,137630.78451156616,-0.163385725472403
2024-04-22,959,0.0,0.0,0.0,MANTIENE,CASH,0.0,0.015500410686350774,91088.4439945221,139764.11819458008,-0.163385725472403
2024-04-23,960,0.0,0.0,0.0,MANTIENE,CASH,0.0,-0.002698932743240845,91088.4439945221,139386.90423965454,-0.163385725472403
2024-04-24,961,0.0,0.0,0.0,MANTIENE,CASH,0.0,-0.009476575012565602,91088.4439945221,138065.99378585815,-0.163385725472403
2024-04-25,962,0.0,0.0,0.0,MANTIENE,CASH,0.0,0.013603049263004152,91088.4439945221,139944.1123008728,-0.163385725472403
2024-04-26,963,0.0,0.0,0.0,MANTIENE,CASH,0.0,-0.0023505534329247846,91088.4439945221,139615.16618728638,-0.163385725472403
2024-04-29,964,0.0,0.0,0.0,MANTIENE,CASH,0.0,-0.010274195127994767,91088.4439945221,138180.73272705078,-0.163385725472403
2024-04-30,965,0.0,0.0,0.0,MANTIENE,CASH,0.0,0.0,91088.4439945221,138180.73272705078,-0.163385725472403
2024-05-01,966,0.0,0.0,0.0,MANTIENE,CASH,0.0,-0.001989140262124489,91088.4439945221,137905.87186813354,-0.163385725472403
2024-05-02,967,0.0,0.0,0.0,MANTIENE,CASH,0.0,0.005872644430946039,91088.4439945221,138715.7440185547,-0.163385725472403
2024-05-03,968,0.0,0.0,0.0,MANTIENE,CASH,0.0,0.009644200228250854,91088.4439945221,140053.54642868042,-0.163385725472403
2024-05-06,969,0.0,0.0,0.0,MANTIENE,CASH,0.0,0.014021313110910816,91088.4439945221,142017.28105545044,-0.163385725472403
2024-05-07,970,0.0,0.0,0.0,MANTIENE,CASH,0.0,0.003707545357182651,91088.4439945221,142543.81656646729,-0.163385725472403
2024-05-08,971,0.0,0.0,0.0,MANTIENE,CASH,0.0,0.010174835052513709,91088.4439945221,143994.17638778687,-0.163385725472403
2024-05-09,972,0.0,0.0,0.0,MANTIENE,CASH,0.0,0.004615572988963423,91088.4439945221,144658.79201889038,-0.163385725472403
2024-05-10,973,0.0,0.0,0.0,MANTIENE,CASH,0.0,-0.0016314981492574487,91088.4439945221,144422.78146743774,-0.163385725472403
2024-05-13,974,0.0,0.0,0.0,MANTIENE,CASH,0.0,-0.0013766335968098398,91088.4439945221,144223.96421432495,-0.163385725472403
2024-05-14,975,0.0,0.0,0.0,MANTIENE,CASH,0.0,0.008171422577711418,91088.4439945221,145402.47917175293,-0.163385725472403
2024-05-15,976,0.0,0.0,0.0,MANTIENE,CASH,0.0,-0.006918612106144639,91088.4439945221,144396.4958190918,-0.163385725472403
2024-05-16,977,0.0,0.0,0.0,MANTIENE,CASH,0.0,-0.0018352401778738425,91088.4439945221,144131.4935684204,-0.163385725472403
2024-05-17,978,0.0,0.0,0.0,MANTIENE,CASH,0.0,0.0034506071066957578,91088.4439945221,144628.83472442627,-0.163385725472403
2024-05-20,979,0.0,0.0,0.0,MANTIENE,CASH,0.0,-0.00224845219547809,91088.4439945221,144303.6437034607,-0.163385725472403
2024-05-21,980,0.0,0.0,0.0,MANTIENE,CASH,0.0,-0.0024863142021436246,91088.4439945221,143944.8595046997,-0.163385725472403
2024-05-22,981,0.0,0.0,0.0,MANTIENE,CASH,0.0,0.0005953637980053994,91088.4439945221,144030.55906295776,-0.163385725472403
2024-05-23,982,0.0,0.0,0.0,MANTIENE,CASH,0.0,0.00010958306375541405,91088.4439945221,144046.3423728943,-0.163385725472403
2024-05-24,983,0.0,0.0,0.0,MANTIENE,CASH,0.0,0.004351394378591111,91088.4439945221,144673.1448173523,-0.163385725472403
2024-05-27,984,0.0,0.0,0.0,MANTIENE,CASH,0.0,-0.005158097811456597,91088.4439945221,143926.90658569336,-0.163385725472403
2024-05-28,985,0.0,0.0,0.0,MANTIENE,CASH,0.0,-0.010953111716736852,91088.4439945221,142350.45909881592,-0.163385725472403
2024-05-29,986,0.0,0.0,0.0,MANTIENE,CASH,0.0,0.0012721478589041713,91088.4439945221,142531.5499305725,-0.163385725472403
2024-05-30,987,0.0,0.0,0.0,MANTIENE,CASH,0.0,6.214238333845934e-05,91088.4439945221,142540.40718078613,-0.163385725472403
2024-05-31,988,0.0,0.0,0.0,MANTIENE,CASH,0.0,0.005958523916556713,91088.4439945221,143389.73760604858,-0.163385725472403
2024-06-03,989,0.0,0.0,0.0,MANTIENE,CASH,0.0,-0.01088332341375664,91088.4439945221,141829.18071746826,-0.163385725472403
2024-06-04,990,0.0,0.0,0.0,MANTIENE,CASH,0.0,0.009252536710671944,91088.4439945221,143141.46041870117,-0.163385725472403
2024-06-05,991,0.0,0.0,0.0,MANTIENE,CASH,0.0,0.004130642187898603,91088.4439945221,143732.7265739441,-0.163385725472403
2024-06-06,992,0.0,0.0,0.0,MANTIENE,CASH,0.0,-0.005114630914787255,91088.4439945221,142997.58672714233,-0.163385725472403
2024-06-07,993,0.0,0.0,0.0,MANTIENE,CASH,0.0,-0.003361425240300364,91088.4439945221,142516.91102981567,-0.163385725472403
2024-06-10,994,0.0,0.0,0.0,MANTIENE,CASH,0.0,-0.0067559807731959465,91088.4439945221,141554.06951904297,-0.163385725472403
2024-06-11,995,0.0,0.0,0.0,MANTIENE,CASH,0.0,0.014203645888774652,91088.4439945221,143564.65339660645,-0.163385725472403
2024-06-12,996,0.0,0.0,0.0,MANTIENE,CASH,0.0,-0.019600806305631546,91088.4439945221,140750.67043304443,-0.163385725472403
2024-06-13,997,0.0,0.0,0.0,MANTIENE,CASH,0.0,-0.014434715205917326,91088.4439945221,138718.9745903015,-0.163385725472403
2024-06-14,998,0.0,0.0,0.0,MANTIENE,CASH,0.0,0.0036769359686184,91088.4439945221,139229.03537750244,-0.163385725472403
2024-06-17,999,0.0,0.0,0.0,MANTIENE,CASH,0.0,0.0035287838102338043,91088.4439945221,139720.34454345703,-0.163385725472403
2024-06-18,1000,0.0,0.0,0.0,MANTIENE,CASH,0.0,-0.003533012666936952,91088.4439945221,139226.7107963562,-0.163385725472403
2024-06-19,1001,0.0,0.0,0.0,MANTIENE,CASH,0.0,0.010309454008897712,91088.4439945221,140662.06216812134,-0.163385725472403
2024-06-20,1002,0.0,0.0,0.0,MANTIENE,CASH,0.0,-0.0049665289189310124,91088.4439945221,139963.4599685669,-0.163385725472403
2024-06-21,1003,0.0,0.0,0.0,MANTIENE,CASH,0.0,0.008922248949108758,91088.4439945221,141212.24880218506,-0.163385725472403
2024-06-24,1004,0.0,0.0,0.0,MANTIENE,CASH,0.0,-0.008073956025717921,91088.4439945221,140072.10731506348,-0.163385725472403
2024-06-25,1005,0.0,0.0,0.0,MANTIENE,CASH,0.0,-0.0012311384583960638,91088.4439945221,139899.65915679932,-0.163385725472403
2024-06-26,1006,0.0,0.0,0.0,MANTIENE,CASH,0.0,0.0030465333189497734,91088.4439945221,140325.86812973022,-0.163385725472403
2024-06-27,1007,0.0,0.0,0.0,MANTIENE,CASH,0.0,0.0013672135662516904,91088.4439945221,140517.72356033325,-0.163385725472403
2024-06-28,1008,0.0,0.0,0.0,MANTIENE,CASH,0.0,0.003027703713796015,91088.4439945221,140943.16959381104,-0.163385725472403
2024-07-01,1009,0.0,0.0,0.0,MANTIENE,CASH,0.0,-0.0069215785614179515,91088.4439945221,139967.62037277222,-0.163385725472403
2024-07-02,1010,0.0,0.0,0.0,MANTIENE,CASH,0.0,0.011587098059973489,91088.4439945221,141589.4389152527,-0.163385725472403
2024-07-03,1011,0.0,0.0,0.0,MANTIENE,CASH,0.0,0.004133486307547729,91088.4439945221,142174.69692230225,-0.163385725472403
2024-07-04,1012,0.0,0.0,0.0,MANTIENE,CASH,0.0,0.0013532913908029798,91088.4439945221,142367.1007156372,-0.163385725472403
2024-07-05,1013,0.0,0.0,0.0,MANTIENE,CASH,0.0,-0.0001838792800707978,91088.4439945221,142340.92235565186,-0.163385725472403
2024-07-08,1014,0.0,0.0,0.0,MANTIENE,CASH,0.0,-0.01276856044116359,91088.4439945221,140523.43368530273,-0.163385725472403
2024-07-09,1015,0.0,0.0,0.0,MANTIENE,CASH,0.0,0.009378637185738725,91088.4439945221,141841.3519859314,-0.163385725472403
2024-07-10,1016,0.0,0.0,0.0,MANTIENE,CASH,0.0,0.006917922110448282,91088.4439945221,142822.59941101074,-0.163385725472403
2024-07-11,1017,0.0,0.0,0.0,MANTIENE,CASH,0.0,0.011525497236084092,91088.4439945221,144468.7008857727,-0.163385725472403
2024-07-12,1018,0.0,0.0,0.0,MANTIENE,CASH,0.0,-0.008389613820975583,91088.4439945221,143256.66427612305,-0.163385725472403
2024-07-15,1019,0.0,0.0,0.0,MANTIENE,CASH,0.0,-0.00391920274538915,91088.4439945221,142695.21236419678,-0.163385725472403
2024-07-16,1020,0.0,0.0,0.0,MANTIENE,CASH,0.0,-0.004359430322547597,91088.4439945221,142073.14252853394,-0.163385725472403
2024-07-17,1021,0.0,0.0,0.0,MANTIENE,CASH,0.0,-0.004476857153141722,91088.4439945221,141437.10136413574,-0.163385725472403
2024-07-18,1022,0.0,0.0,0.0,MANTIENE,CASH,0.0,-0.009960888707284288,91088.4439945221,140028.2621383667,-0.163385725472403
2024-07-19,1023,0.0,0.0,0.0,MANTIENE,CASH,0.0,0.012939770084882118,91088.4439945221,141840.19565582275,-0.163385725472403
2024-07-22,1024,0.0,0.0,0.0,MANTIENE,CASH,0.0,0.008183188723072332,91088.4439945221,143000.90074539185,-0.163385725472403
2024-07-23,1025,0.0,0.0,0.0,MANTIENE,CASH,0.0,-0.009173472182103959,91088.4439945221,141689.08596038818,-0.163385725472403
2024-07-24,1026,0.0,0.0,0.0,MANTIENE,CASH,0.0,-0.0048261185544832275,91088.4439945221,141005.277633667,-0.163385725472403
2024-07-25,1027,0.0,0.0,0.0,MANTIENE,CASH,0.0,0.006493957752456314,91088.4439945221,141920.9599494934,-0.163385725472403
2024-07-26,1028,0.0,0.0,0.0,MANTIENE,CASH,0.0,-0.005260309513671846,91088.4439945221,141174.41177368164,-0.163385725472403
2024-07-29,1029,0.0,0.0,0.0,MANTIENE,CASH,0.0,0.004940313621167203,91088.4439945221,141871.85764312744,-0.163385725472403
2024-07-30,1030,0.0,0.0,0.0,MANTIENE,CASH,0.0,0.00529414404111761,91088.4439945221,142622.9476928711,-0.163385725472403
2024-07-31,1031,0.0,0.0,0.0,MANTIENE,CASH,0.0,-0.022994664027656153,91088.4439945221,139343.38092803955,-0.163385725472403
2024-08-01,1032,0.0,0.0,0.0,MANTIENE,CASH,0.0,-0.023327376150336643,91088.4439945221,136092.86546707153,-0.163385725472403
2024-08-02,1033,0.0,0.0,0.0,MANTIENE,CASH,0.0,-0.01824453235580681,91088.4439945221,133609.9147796631,-0.163385725472403
2024-08-05,1034,0.0,0.0,0.0,MANTIENE,CASH,0.0,0.0008835643644922175,91088.4439945221,133727.96773910522,-0.163385725472403
2024-08-06,1035,0.0,0.0,0.0,MANTIENE,CASH,0.0,0.015029709175011563,91088.4439945221,135737.8602027893,-0.163385725472403
2024-08-07,1036,0.0,0.0,0.0,MANTIENE,CASH,0.0,0.0037042055968474763,91088.4439945221,136240.6611442566,-0.163385725472403
2024-08-08,1037,0.0,0.0,0.0,MANTIENE,CASH,0.0,0.0024027240205464206,91088.4439945221,136568.00985336304,-0.163385725472403
2024-08-09,1038,0.0,0.0,0.0,MANTIENE,CASH,0.0,0.00020251122649783682,91088.4439945221,136595.66640853882,-0.163385725472403
2024-08-12,1039,0.0,0.0,0.0,MANTIENE,CASH,0.0,0.004827867582728018,91088.4439945221,137255.13219833374,-0.163385725472403
2024-08-13,1040,0.0,0.0,0.0,MANTIENE,CASH,0.0,0.004129133791247908,91088.4439945221,137821.87700271606,-0.163385725472403
2024-08-14,1041,0.0,0.0,0.0,MANTIENE,CASH,0.0,0.016641327901781633,91088.4439945221,140115.41604995728,-0.163385725472403
2024-08-15,1042,0.0,0.0,0.0,MANTIENE,CASH,0.0,0.007653228127608491,91088.4439945221,141187.75129318237,-0.163385725472403
2024-08-16,1043,0.0,0.0,0.0,MANTIENE,CASH,0.0,0.005419005078401762,91088.4439945221,141952.84843444824,-0.163385725472403
2024-08-19,1044,0.0,0.0,0.0,MANTIENE,CASH,0.0,-0.0034834111362336273,91088.4439945221,141458.3683013916,-0.163385725472403
2024-08-20,1045,0.0,0.0,0.0,MANTIENE,CASH,0.0,0.0049805383070231635,91088.4439945221,142162.90712356567,-0.163385725472403
2024-08-21,1046,0.0,0.0,0.0,MANTIENE,CASH,0.0,0.002408873967348457,91088.4439945221,142505.3596496582,-0.163385725472403
2024-08-22,1047,0.0,0.0,0.0,MANTIENE,CASH,0.0,0.007554489562510813,91088.4439945221,143581.9149017334,-0.163385725472403
2024-08-23,1048,0.0,0.0,0.0,MANTIENE,CASH,0.0,-0.0008629647796791762,91088.4439945221,143458.00876617432,-0.163385725472403
2024-08-26,1049,0.0,0.0,0.0,MANTIENE,CASH,0.0,0.0034801851068586576,91088.4439945221,143957.26919174194,-0.163385725472403
2024-08-27,1050,0.0,0.0,0.0,MANTIENE,CASH,0.0,0.005378431669199379,91088.4439945221,144731.53352737427,-0.163385725472403
2024-08-28,1051,0.0,0.0,0.0,MANTIENE,CASH,0.0,0.006936436086072639,91088.4439945221,145735.45455932617,-0.163385725472403
2024-08-29,1052,0.0,0.0,0.0,MANTIENE,CASH,0.0,-0.00029880960404982115,91088.4439945221,145691.90740585327,-0.163385725472403
2024-08-30,1053,0.0,0.0,0.0,MANTIENE,CASH,0.0,0.0012656360422509394,91088.4439945221,145876.30033493042,-0.163385725472403
2024-09-02,1054,0.0,0.0,0.0,MANTIENE,CASH,0.0,-0.009705817385989746,91088.4439945221,144460.4516029358,-0.163385725472403
2024-09-03,1055,0.0,0.0,0.0,MANTIENE,CASH,0.0,-0.008281826185543295,91088.4439945221,143264.0552520752,-0.163385725472403
2024-09-04,1056,0.0,0.0,0.0,MANTIENE,CASH,0.0,-0.0008256045585487426,91088.4439945221,143145.7757949829,-0.163385725472403
2024-09-05,1057,0.0,0.0,0.0,MANTIENE,CASH,0.0,-0.014782055003948247,91088.4439945221,141029.78706359863,-0.163385725472403
2024-09-06,1058,0.0,0.0,0.0,MANTIENE,CASH,0.0,0.007740120482457202,91088.4439945221,142121.37460708618,-0.163385725472403
2024-09-09,1059,0.0,0.0,0.0,MANTIENE,CASH,0.0,-0.009631517517397437,91088.4439945221,140752.53009796143,-0.163385725472403
2024-09-10,1060,0.0,0.0,0.0,MANTIENE,CASH,0.0,0.0035229417223996418,91088.4439945221,141248.39305877686,-0.163385725472403
2024-09-11,1061,0.0,0.0,0.0,MANTIENE,CASH,0.0,0.010262833943832428,91088.4439945221,142698.00186157227,-0.163385725472403
2024-09-12,1062,0.0,0.0,0.0,MANTIENE,CASH,0.0,0.00977463030401049,91088.4439945221,144092.82207489014,-0.163385725472403
2024-09-13,1063,0.0,0.0,0.0,MANTIENE,CASH,0.0,-0.0035451018260198586,91088.4439945221,143581.99834823608,-0.163385725472403
2024-09-16,1064,0.0,0.0,0.0,MANTIENE,CASH,0.0,0.0049894844390370174,91088.4439945221,144298.39849472046,-0.163385725472403
2024-09-17,1065,0.0,0.0,0.0,MANTIENE,CASH,0.0,-0.000779123553332095,91088.4439945221,144185.97221374512,-0.163385725472403
2024-09-18,1066,0.0,0.0,0.0,MANTIENE,CASH,0.0,0.015546172215811893,91088.4439945221,146427.51216888428,-0.163385725472403
2024-09-19,1067,0.0,0.0,0.0,MANTIENE,CASH,0.0,-0.014859772226034962,91088.4439945221,144251.6326904297,-0.163385725472403
2024-09-20,1068,0.0,0.0,0.0,MANTIENE,CASH,0.0,0.006772333246065632,91088.4439945221,145228.55281829834,-0.163385725472403
2024-09-23,1069,0.0,0.0,0.0,MANTIENE,CASH,0.0,0.007950566436508932,91088.4439945221,146383.20207595825,-0.163385725472403
2024-09-24,1070,0.0,0.0,0.0,MANTIENE,CASH,0.0,-0.004112866691048711,91088.4439945221,145781.147480011,-0.163385725472403
2024-09-25,1071,0.0,0.0,0.0,MANTIENE,CASH,0.0,0.01690717538927311,91088.4439945221,148245.89490890503,-0.163385725472403
2024-09-26,1072,0.0,0.0,0.0,MANTIENE,CASH,0.0,0.01222932208363181,91088.4439945221,150058.84170532227,-0.163385725472403
2024-09-27,1073,0.0,0.0,0.0,MANTIENE,CASH,0.0,-0.007636015306190513,91088.4439945221,148912.9900932312,-0.163385725472403
2024-09-30,1074,0.0,0.0,0.0,MANTIENE,CASH,0.0,-0.0057847085515077,91088.4439945221,148051.5718460083,-0.163385725472403
2024-10-01,1075,0.0,0.0,0.0,MANTIENE,CASH,0.0,-0.0025186268073039697,91088.4439945221,147678.68518829346,-0.163385725472403
2024-10-02,1076,0.0,0.0,0.0,MANTIENE,CASH,0.0,-0.0077924241692851615,91088.4439945221,146527.91023254395,-0.163385725472403
2024-10-03,1077,0.0,0.0,0.0,MANTIENE,CASH,0.0,0.005549132045066019,91088.4439945221,147341.0129547119,-0.163385725472403
2024-10-04,1078,0.0,0.0,0.0,MANTIENE,CASH,0.0,-0.0008801879632940324,91088.4439945221,147211.32516860962,-0.163385725472403
2024-10-07,1079,0.0,0.0,0.0,MANTIENE,CASH,0.0,-0.001969636199132596,91088.4439945221,146921.37241363525,-0.163385725472403
2024-10-08,1080,0.0,0.0,0.0,MANTIENE,CASH,0.0,0.009884249932127886,91088.4439945221,148373.57997894287,-0.163385725472403
2024-10-09,1081,0.0,0.0,0.0,MANTIENE,CASH,0.0,-0.0022865906323057406,91088.4439945221,148034.31034088135,-0.163385725472403
2024-10-10,1082,0.0,0.0,0.0,MANTIENE,CASH,0.0,0.008481063564250046,91088.4439945221,149289.79873657227,-0.163385725472403
2024-10-11,1083,0.0,0.0,0.0,MANTIENE,CASH,0.0,0.006940243398404489,91088.4439945221,150325.90627670288,-0.163385725472403
2024-10-14,1084,0.0,0.0,0.0,MANTIENE,CASH,0.0,-0.0011328085380695185,91088.4439945221,150155.6158065796,-0.163385725472403
2024-10-15,1085,0.0,0.0,0.0,MANTIENE,CASH,0.0,-0.002739369096423361,91088.4439945221,149744.28415298462,-0.163385725472403
2024-10-16,1086,0.0,0.0,0.0,MANTIENE,CASH,0.0,0.0077487801777198495,91088.4439945221,150904.6196937561,-0.163385725472403
2024-10-17,1087,0.0,0.0,0.0,MANTIENE,CASH,0.0,0.003777610147315036,91088.4439945221,151474.67851638794,-0.163385725472403
2024-10-18,1088,0.0,0.0,0.0,MANTIENE,CASH,0.0,-0.009979918337036486,91088.4439945221,149962.97359466553,-0.163385725472403
2024-10-21,1089,0.0,0.0,0.0,MANTIENE,CASH,0.0,-0.0020183936063878916,91088.4439945221,149660.28928756714,-0.163385725472403
2024-10-22,1090,0.0,0.0,0.0,MANTIENE,CASH,0.0,-0.002280472646475351,91088.4439945221,149318.99309158325,-0.163385725472403
2024-10-23,1091,0.0,0.0,0.0,MANTIENE,CASH,0.0,0.0033740799478834127,91088.4439945221,149822.80731201172,-0.163385725472403
2024-10-24,1092,0.0,0.0,0.0,MANTIENE,CASH,0.0,0.0010589552172302064,91088.4439945221,149981.46295547485,-0.163385725472403
2024-10-25,1093,0.0,0.0,0.0,MANTIENE,CASH,0.0,0.003495250949480333,91088.4439945221,150505.6858062744,-0.163385725472403
2024-10-28,1094,0.0,0.0,0.0,MANTIENE,CASH,0.0,-0.0027417100793863947,91088.4439945221,150093.04285049438,-0.163385725472403
2024-10-29,1095,0.0,0.0,0.0,MANTIENE,CASH,0.0,-0.01133223787017057,91088.4439945221,148392.15278625488,-0.163385725472403
2024-10-30,1096,0.0,0.0,0.0,MANTIENE,CASH,0.0,-0.009336733923327345,91088.4439945221,147006.65473937988,-0.163385725472403
2024-10-31,1097,0.0,0.0,0.0,MANTIENE,CASH,0.0,0.009300579671503328,91088.4439945221,148373.90184402466,-0.163385725472403
2024-11-01,1098,0.0,0.0,0.0,MANTIENE,CASH,0.0,-0.005563328822026703,91088.4439945221,147548.44903945923,-0.163385725472403
2024-11-04,1099,0.0,0.0,0.0,MANTIENE,CASH,0.0,0.005662238196318281,91088.4439945221,148383.90350341797,-0.163385725472403
2024-11-05,1100,0.0,0.0,0.0,MANTIENE,CASH,0.0,-0.011266901597641987,91088.4439945221,146712.07666397095,-0.163385725472403
2024-11-06,1101,0.0,0.0,0.0,MANTIENE,CASH,0.0,0.016975890585443354,91088.4439945221,149202.6448249817,-0.163385725472403
2024-11-07,1102,0.0,0.0,0.0,MANTIENE,CASH,0.0,-0.007594024460641502,91088.4439945221,148069.59629058838,-0.163385725472403
2024-11-08,1103,0.0,0.0,0.0,MANTIENE,CASH,0.0,0.012131814419122255,91088.4439945221,149865.94915390015,-0.163385725472403
2024-11-11,1104,0.0,0.0,0.0,MANTIENE,CASH,0.0,-0.021336152158659583,91088.4439945221,146668.3864593506,-0.163385725472403
2024-11-12,1105,0.0,0.0,0.0,MANTIENE,CASH,0.0,-0.0016041047395215502,91088.4439945221,146433.11500549316,-0.163385725472403
2024-11-13,1106,0.0,0.0,0.0,MANTIENE,CASH,0.0,0.013713050628068046,91088.4439945221,148441.1597251892,-0.163385725472403
2024-11-14,1107,0.0,0.0,0.0,MANTIENE,CASH,0.0,-0.002745550626731319,91088.4439945221,148033.607006073,-0.163385725472403
2024-11-15,1108,0.0,0.0,0.0,MANTIENE,CASH,0.0,-0.0011254667534335017,91088.4439945221,147867.00010299683,-0.163385725472403
2024-11-18,1109,0.0,0.0,0.0,MANTIENE,CASH,0.0,-0.0067161491595079115,91088.4439945221,146873.90327453613,-0.163385725472403
2024-11-19,1110,0.0,0.0,0.0,MANTIENE,CASH,0.0,-0.0029134765008024255,91088.4439945221,146445.98960876465,-0.163385725472403
2024-11-20,1111,0.0,0.0,0.0,MANTIENE,CASH,0.0,0.007439693669727854,91088.4439945221,147535.502910614,-0.163385725472403
2024-11-21,1112,0.0,0.0,0.0,MANTIENE,CASH,0.0,0.009214397824852893,91088.4439945221,148894.95372772217,-0.163385725472403
2024-11-22,1113,0.0,0.0,0.0,MANTIENE,CASH,0.0,0.004275267021045526,91088.4439945221,149531.51941299438,-0.163385725472403
2024-11-25,1114,0.0,0.0,0.0,MANTIENE,CASH,0.0,-0.005628282696540476,91088.4439945221,148689.91374969482,-0.163385725472403
2024-11-26,1115,0.0,0.0,0.0,MANTIENE,CASH,0.0,-0.0017739898311667224,91088.4439945221,148426.1393547058,-0.163385725472403
2024-11-27,1116,0.0,0.0,0.0,MANTIENE,CASH,0.0,0.008513289053221573,91088.4439945221,149689.73398208618,-0.163385725472403
2024-11-28,1117,0.0,0.0,0.0,MANTIENE,CASH,0.0,0.010332578501754286,91088.4439945221,151236.4149093628,-0.163385725472403
2024-11-29,1118,0.0,0.0,0.0,MANTIENE,CASH,0.0,0.015650807188354987,91088.4439945221,153603.38687896729,-0.163385725472403
2024-12-02,1119,0.0,0.0,0.0,MANTIENE,CASH,0.0,0.004170448140989214,91088.4439945221,154243.98183822632,-0.163385725472403
2024-12-03,1120,0.0,0.0,0.0,MANTIENE,CASH,0.0,0.010760478287103137,91088.4439945221,155903.7208557129,-0.163385725472403
2024-12-04,1121,0.0,0.0,0.0,MANTIENE,CASH,0.0,0.006260364614205427,91088.4439945221,156879.73499298096,-0.163385725472403
2024-12-05,1122,0.0,0.0,0.0,MANTIENE,CASH,0.0,0.0012677026625935728,91088.4439945221,157078.61185073853,-0.163385725472403
2024-12-06,1123,0.0,0.0,0.0,MANTIENE,CASH,0.0,-0.0018959969443053115,91088.4439945221,156780.7912826538,-0.163385725472403
2024-12-09,1124,0.0,0.0,0.0,MANTIENE,CASH,0.0,-0.0008257471300725516,91088.4439945221,156651.32999420166,-0.163385725472403
2024-12-10,1125,0.0,0.0,0.0,MANTIENE,CASH,0.0,0.003443304269292513,91088.4439945221,157190.72818756104,-0.163385725472403
2024-12-11,1126,0.0,0.0,0.0,MANTIENE,CASH,0.0,0.001328973797739108,91088.4439945221,157399.63054656982,-0.163385725472403
2024-12-12,1127,0.0,0.0,0.0,MANTIENE,CASH,0.0,-0.0009962405815729936,91088.4439945221,157242.82264709473,-0.163385725472403
2024-12-13,1128,0.0,0.0,0.0,MANTIENE,CASH,0.0,-0.004513860143418591,91088.4439945221,156533.05053710938,-0.163385725472403
2024-12-16,1129,0.0,0.0,0.0,MANTIENE,CASH,0.0,-0.003320020251400102,91088.4439945221,156013.35763931274,-0.163385725472403
2024-12-17,1130,0.0,0.0,0.0,MANTIENE,CASH,0.0,-0.00018758573642374543,91088.4439945221,155984.09175872803,-0.163385725472403
2024-12-18,1131,0.0,0.0,0.0,MANTIENE,CASH,0.0,-0.013472176389048296,91088.4439945221,153882.64656066895,-0.163385725472403
2024-12-19,1132,0.0,0.0,0.0,MANTIENE,CASH,0.0,-0.004261883461986415,91088.4439945221,153226.81665420532,-0.163385725472403
2024-12-20,1133,0.0,0.0,0.0,MANTIENE,CASH,0.0,-0.0018094545830245057,91088.4439945221,152949.55968856812,-0.163385725472403
2024-12-23,1134,0.0,0.0,0.0,MANTIENE,CASH,0.0,0.0,91088.4439945221,152949.55968856812,-0.163385725472403
2024-12-24,1135,0.0,0.0,0.0,MANTIENE,CASH,0.0,0.0,91088.4439945221,152949.55968856812,-0.163385725472403
2024-12-25,1136,0.0,0.0,0.0,MANTIENE,CASH,0.0,0.0,91088.4439945221,152949.55968856812,-0.163385725472403
2024-12-26,1137,0.0,0.0,0.0,MANTIENE,CASH,0.0,0.00682920381137242,91088.4439945221,153994.08340454102,-0.163385725472403
2024-12-27,1138,0.0,0.0,0.0,MANTIENE,CASH,0.0,-0.003761971704510647,91088.4439945221,153414.76202011108,-0.163385725472403
